;doi_o;abstract;title
1;10.1001/archgenpsychiatry.2012.124;"CONTEXT: Recent studies have shown an association between cigarettes per day (CPD) and a nonsynonymous single-nucleotide polymorphism in CHRNA5, rs16969968. OBJECTIVE: To determine whether the association between rs16969968 and smoking is modified by age at onset of regular smoking. DATA SOURCES: Primary data. STUDY SELECTION: Available genetic studies containing measures of CPD and the genotype of rs16969968 or its proxy. DATA EXTRACTION: Uniform statistical analysis scripts were run locally. Starting with 94,050 ever-smokers from 43 studies, we extracted the heavy smokers (CPD >20) and light smokers (CPD ≤10) with age-at-onset information, reducing the sample size to 33,348. Each study was stratified into early-onset smokers (age at onset ≤16 years) and late-onset smokers (age at onset >16 years), and a logistic regression of heavy vs light smoking with the rs16969968 genotype was computed for each stratum. Meta-analysis was performed within each age-at-onset stratum. DATA SYNTHESIS: Individuals with 1 risk allele at rs16969968 who were early-onset smokers were significantly more likely to be heavy smokers in adulthood (odds ratio [OR] = 1.45; 95% CI, 1.36-1.55; n = 13,843) than were carriers of the risk allele who were late-onset smokers (OR = 1.27; 95% CI, 1.21-1.33, n = 19,505) (P = .01). CONCLUSION: These results highlight an increased genetic vulnerability to smoking in early-onset smokers.";Increased Genetic Vulnerability to Smoking at CHRNA5 in Early-Onset Smokers
2;"10.1002/(sici)1097-0266(199704)18:4<303::aid-smj869>3.0.co;2-g";Strategic managers are consistently faced with the decision of how to allocate scarce corporate resources in an environment that is placing more and more pressures on them. Recent scholarship in strategic management suggests that many of these pressures come directly from sources associated with social issues in management, rather than traditional arenas of strategic management. Using a greatly improved source of data on corporate social performance, this paper reports the results of a rigorous study of the empirical linkages between financial and social performance. Corporate social performance (CSP) is found to be positively associated with prior financial performance, supporting the theory that slack resource availability and CSP are positively related. CSP is also found to be positively associated with future financial performance, supporting the theory that good management and CSP are positively related.© 1997 by John Wiley & Sons, Ltd;THE CORPORATE SOCIAL PERFORMANCE-FINANCIAL PERFORMANCE LINK
3;10.1002/acp.1692;Previous research has found that the performance of introverts on complex cognitive tasks is more negatively affected by distracters, e.g. music and background noise, than the performance of extraverts. The present study extends previous research by examining whether or not background noise would prove to be as distracting as music. In the presence of silence, background UK garage music and background noise, 118 female secondary school students carried out three cognitive tests. It was predicted that introverts would do less well on all of the tasks than extraverts in the presence of music and noise but in silence performance would be the same. A significant interaction was found on all three of the tasks. It was also predicted that there would be a main effect of background sound: Performance would be worse in the presence of music and noise than silence. Results confirmed this prediction with one exception. This study also found a positive correlation between extraversion and intelligence, the implications of which are also discussed. The findings support the Eysenckian hypothesis of the difference in optimum cortical arousal in introverts and extraverts. Copyright © 2010 John Wiley & Sons, Ltd.;The effect of background music and noise on the cognitive test performance of introverts and extraverts
4;10.1002/ajhb.20823;In this study in urban Brazil we examine, as a predictor of depressive symptoms, the interaction between a single nucleotide polymorphism in the 2A receptor in the serotonin system (-1438G/A) and cultural consonance in family life, a measure of the degree to which an individual perceives her family as corresponding to a widely shared cultural model of the prototypical family. A community sample of 144 adults was followed over a 2-year-period. Cultural consonance in family life was assessed by linking individuals' perceptions of their own families with a shared cultural model of the family derived from cultural consensus analysis. The -1438G/A polymorphism in the 2A serotonin receptor was genotyped using a standard protocol for DNA extracted from leukocytes. Covariates included age, sex, socioeconomic status, and stressful life events. Cultural consonance in family life was prospectively associated with depressive symptoms. In addition, the interaction between genotype and cultural consonance in family life was significant. For individuals with the A/A variant of the -1438G/A polymorphism of the 2A receptor gene, the effect of cultural consonance in family life on depressive symptoms over a 2-year-period was larger (beta = -0.533, P < 0.01) than those effects for individuals with either the G/A (beta = -0.280, P < 0.10) or G/G (beta = -0.272, P < 0.05) variants. These results are consistent with a process in which genotype moderates the effects of culturally meaningful social experience on depressive symptoms.;Cultural consonance, a 5HT2A receptor polymorphism, and depressive symptoms: A longitudinal study of gene × culture interaction in urban Brazil
5;10.1002/bdm.586;"Abstract Three studies examined whether potential anchor values that are incidentally present in the environment can affect a person's numerical estimates. In Study 1, estimates of an athlete's performance were influenced by the number on his jersey. In Study 2, estimates of the proportion of sales in the domestic market were influenced by a product's model number. In Study 3, participants' estimates of how much they would spend at a restaurant were influenced by whether the restaurant was named “Studio 17” or “Studio 97.” These effects were not qualified by participants' expertise in the relevant domain (Study 1) or by their ability to subsequently recall the anchor value (Study 3). These findings document the existence of a new form of “basic anchoring” and suggest that not all basic anchoring effects are as fragile as the existing anchoring literature suggests. Copyright © 2007 John Wiley &amp; Sons, Ltd.";Incidental environmental anchors
6;10.1002/hbm.20939;Declarative memory is remarkably adaptive in the way it maintains sensitivity to relative novelty in both unknown and highly familiar environments. However, the neural mechanisms underlying this contextual adaptation are poorly understood. On the basis of emerging links between novelty processing and reinforcement learning mechanisms, we hypothesized that responses to novelty will be adaptively scaled according to expected contextual probabilities of new and familiar events, in the same way that responses to prediction errors for rewards are scaled according to their expected range. Using functional magnetic resonance imaging in humans, we show that the influence of novelty and reward on memory formation in an incidental memory task is adaptively scaled and furthermore that the BOLD signal in orbital prefrontal and medial temporal cortices exhibits concomitant scaled adaptive coding. These findings demonstrate a new mechanism for adjusting gain and sensitivity in declarative memory in accordance with contextual probabilities and expectancies of future events.;A common mechanism for adaptive scaling of reward and novelty
7;10.1002/j.2164-585x.1979.tb00097.x;A survey of 458 colleges and universities, completed by 302 respondents, revealed that 51 percent of the institutions had a separately budgeted career center on their campus, and 83 percent had a centralized career planning program composed of a variety of activities or services. (Author);The Status of Career Planning Programs and Career Centers in Colleges and Universities
8;10.1002/jip.55;"Abstract Jaccard has been the choice similarity metric in ecology and forensic psychology for comparison of sites or offences, by species or behaviour. This paper applies a more powerful hierarchical measure—taxonomic similarity (Δ s ), recently developed in marine ecology—to the task of behaviourally linking serial crime. Forensic case linkage attempts to identify behaviourally similar offences committed by the same unknown perpetrator (called linked offences). Δ s considers progressively higher‐level taxa, such that two sites show some similarity even without shared species. We apply this index by analysing 55 specific offence behaviours classified hierarchically. The behaviours are taken from 16 sexual offences by seven juveniles where each offender committed two or more offences. We demonstrate that both Jaccard and Δ s show linked offences to be significantly more similar than unlinked offences. With up to 20% of the specific behaviours removed in simulations, Δ s is equally or more effective at distinguishing linked offences than where Jaccard uses a full data set. Moreover, Δ s retains significant difference between linked and unlinked pairs, with up to 50% of the specific behaviours removed. As police decision‐making often depends upon incomplete data, Δ s has clear advantages and its application may extend to other crime types. Copyright © 2007 John Wiley &amp; Sons, Ltd.";From marine ecology to crime analysis: Improving the detection of serial sexual offences using a taxonomic similarity measure
9;10.1002/smj.2274;"We present competing hypotheses regarding whether gender and ethnic minority CEO s endure inequities resulting in lower compensation and higher likelihood of job exit or benefit from their valuable, rare, and inimitable minority status, resulting in higher compensation and lower likelihood of job exit. Using a longitudinal sample, we find support for the resource‐based hypothesis regarding compensation that suggests CEO s benefit from their minority status to receive higher compensation than white male CEO s receive. However, we also find mixed support for our hypotheses relating CEO minority status to the likelihood of exit. We find that the effects of minority status on likelihood of exit are significantly different for female and ethnic minority CEO s such that the former relationship is negative while the latter is positive . Copyright © 2014 John Wiley &amp; Sons, Ltd.";Do female and ethnically diverse executives endure inequity in the CEO position or do they benefit from their minority status? An empirical examination
10;10.1006/jmla.1996.0032;One of the infant's first tasks in language acquisition is to discover the words embedded in a mostly continuous speech stream. This learning problem might be solved by using distributional cues to word boundaries—for example, by computing the transitional probabilities between sounds in the language input and using the relative strengths of these probabilities to hypothesize word boundaries. The learner might be further aided by language-specific prosodic cues correlated with word boundaries. As a first step in testing these hypotheses, we briefly exposed adults to an artificial language in which the only cues available for word segmentation were the transitional probabilities between syllables. Subjects were able to learn the words of this language. Furthermore, the addition of certain prosodic cues served to enhance performance. These results suggest that distributional cues may play an important role in the initial word segmentation of language learners.;Word Segmentation: The Role of Distributional Cues
11;10.1007/978-3-642-20677-1_13;Agile development has become increasingly common in the organizational software development environment. This paper examines whether function points would be compatible with story points on agile projects. Specifically, it addresses the question of whether function points are a relevant measure of velocity. Although any unit of measure can be used, this paper contrasts theoretical concepts about Story Points (SP) and function points (FP) as units for measuring size. It was also realized a statistical correlation between FP and SP using 2191 stories and 18 iterations in a Brazilian public agency. The conclusion drawn from this study was that function points, in that particular case, could be related with the initial value of the Story Points found after the planning poker. © 2011 Springer-Verlag Berlin Heidelberg.;Using Function Points in Agile Projects
12;10.1007/s001270050022;"Need for care was studied in a Dutch incidence cohort of patients with schizophrenic disorders 15 and 17 years from first onset of psychosis. Long-term course of the disorders varied from complete remission and full community participation to chronic psychosis and long-term hospital stay. Fifty patients were assessed twice with the Needs For Care Assessment Schedule (NFCAS); at the latter follow-up an assessment was also made using the Camberwell Assessment of Need. The NFCAS is an investigator- or professional-based instrument which provides an 'objective' assessment of needs. Need for care was recorded in 22 areas of clinical and social functioning. Comparison of the two assessments over a 2-year period demonstrated a high stability on the individual items (mean 88%, mostly concerning the absence of a problem twice), but did not show the expected stability of need status among this group of patients with chronic disorders. One in five patients (22%) had no needs at all on both occasions and 56% of the patients showed a change in needs. There was more negative than positive change: 28% suffered from new unmet needs at the 17-year follow-up, while only 12% had improved their status to no needs. About one-third (36%) had at least one unmet need, mostly regarding psychotic symptoms, dyskinesia or underactivity. The CAN provides a 'subjective' assessment of needs according to the view of patients themselves. The problems patients reported most commonly were in the areas of day-time activities, social relationships and information on their condition and treatment, for all which they asked for more help than they received. This patient-based instrument produces slightly higher numbers of problems and unmet needs, and a lower ratio between met and unmet needs. There is an overall percentage of 21% of disagreement between patient and investigator view regarding the unmet need status. Agreement between the two instruments on the nature of the problems with unmet needs was lacking altogether.";Stability and change in needs of patients with schizophrenic disorders: a 15- and 17-year follow-up from first onset of psychosis, and a comparison between `objective' and `subjective' assessments of needs for care
13;10.1007/s10649-007-9083-3;The study presented in this paper seeks to investigate the impact of authenticity on the students' disposition to make necessary real world considerations in their word problem solving. The aim is also to gather information about the extent to which different reasons for the students' behaviors are responsible for not providing solutions that are consistent with the 'real' situations described in the word problems. The study includes both written solutions to word problems and interview data from 161 5th graders. The results show an impact of authenticity on both the presence of 'real life' considerations in the solution process and on the proportion of written solutions that were really affected by these considerations. The students' frequent use of superficial solution strategies and their beliefs about mathematical word problem solving were found to be the main reasons for providing solutions that are inconsistent with the situations described in the word problems. © 2007 Springer Science+Business Media, Inc.;Impact of authenticity on sense making in word problem solving
14;10.1007/s11002-014-9295-0;© 2014, Springer Science+Business Media New York.This article explores the influence of seemingly incidental numbers on willingness to pay as a function of internal reference price strength. Four experiments suggest that anchoring effects occur only when consumers hold weak internal reference prices for the target product. For products with strong internal reference prices, anchoring occurs if the numerical value is part of the product identity and resembles a price.;Seemingly incidental anchoring: the effect of incidental environmental anchors on consumers’ willingness to pay
15;10.1007/s11199-007-9195-3;"We examined whether, due to men's desire to reject stereotypically feminine traits in themselves, a masculinity threat would elicit negative affect toward effeminate, but not masculine gay men. Fifty-three male undergraduates from the United States received bogus feedback that they had either a ""masculine"" or ""feminine"" personality before rating affect toward two ""types"" of gay men: effeminate and masculine. Results were consistent with the notion that defensive reactions target groups stereotyped as having the specific traits perceivers wish to deny in themselves: masculinity threat selectively increased negative affect toward effeminate, but not masculine, gay men. Thus, gay men who exhibit feminine traits may be at particular risk from men whose masculinity is threatened. © 2007 Springer Science+Business Media, LLC.";Defensive Reactions to Masculinity Threat: More Negative Affect Toward Effeminate (but not Masculine) Gay Men
16;10.1007/s12152-008-9015-7;In a series of recent papers, Walter Sinnott-Armstrong has used findings in social psychology to put pressure on the claim that our moral beliefs can be non-inferentially justified. More specifically, he has suggested that insofar as our moral intuitions are subject to what psychologists call framing effects, this poses a real problem for moral intuitionism. In this paper, we are going to try to add more fuel to the empirical fire that Sinnott-Armstrong has placed under the feet of the intuitionist. Along the way, we first provide an overview of what Sinnott-Armstrong calls the Master Argument against intuitionism. Then we examine some of the literature on framing effects—especially as it pertains to moral philosophy. Finally, we present the results of a new study which create yet another hurdle intuitionists must clear if they want to motivate their view. It appears that in addition to being influenced by framing effects, our moral intuitions are also influenced by an actor–observer bias as well—a bias whereby we hold other people to different moral standards than we would hold ourselves even if we were in the same situation. If we’re right, the burden is on the moral intuitionist to explain why we should have faith in our moral intuitions despite the gathering evidence concerning their seeming unreliability. And by our lights, this is something that simply cannot be done from the armchair.;The Actor–Observer Bias and Moral Intuitions: Adding Fuel to Sinnott-Armstrong’s Fire
17;10.1007/s13164-013-0162-3;"Robert Kraut has proposed an analogy between valuing a loved one as irreplaceable and the sort of ""rigid"" attachment that (according to Saul Kripke's account) occurs with the reference of proper names. We wanted to see if individuals with Kripkean intuitions were indeed more likely to value loved ones (and other persons and things) as irreplaceable. In this empirical study, 162 participants completed an online questionnaire asking them to consider how appropriate it would be to feel the same way about a perfect replica of a loved one, as well as other questions about replaceability. Participants who previously had endorsed Kripkean reference (n = 96) rated loved ones as less replaceable on two different measures than participants who had previously endorsed Descriptivist reference (n = 66, t(160) ≥ 2.27, p ≤ 0.02, η 2 ≥ 0.03). Additional results suggest that this difference extends to other targets as well and is at least partially dependent on sentimental attachment. © 2013 Springer Science+Business Media Dordrecht.";Attitudes Towards Reference and Replaceability
18;10.1007/s40732-014-0052-9;© 2014, Association of Behavior Analysis International.Delay and probability discounting occur when the subjective value of an outcome decreases because it is delayed or uncertain, respectively. Research using monetary outcomes has shown that both types of discounting are influenced by the magnitude of the outcome, but in the opposite direction. In Experiment 1, university participants completed a delay-discounting task involving hypothetical monetary ($100 or $100,000) or medical treatment (acne or brain cancer) outcomes. In Experiment 2, university participants completed a probability-discounting task involving those same outcomes. Results from Experiment 1 replicated previous research in that participants discounted the “smaller” outcomes ($100 & acne treatment) more than the “larger” ones ($100,000 & brain-cancer treatment). Results from Experiment 2 demonstrated that this magnitude effect reversed for probability discounting of the monetary outcomes, with $100,000 discounted more than $100. However, acne treatment was discounted more than brain-cancer treatment. This study represents the novel finding that the magnitude effect for medical outcomes may not reverse between delay and probability discounting as it does for monetary outcomes. The results suggest that delay and probability discounting are at least partially independent.;Magnitude Effects in Delay and Probability Discounting When Monetary and Medical Treatment Outcomes Are Discounted
19;10.1016/0010-0285(92)90008-p;This paper examines how and when children come to understand the way in which counting determines numerosity and learn the meanings of the number words. A 7-month longitudinal study of 2 and 3 year olds shows that, very early on, children already know that the counting words each refer to a distinct, unique numerosity, though they do not yet know to which numerosity each word refers. It is possible that children learn this in part from the syntax of the number words. Despite this early knowledge, however, it takes children a long time (on the order of a year) to learn how the counting system represents numerosity. This suggests that our initial concept of number is represented quite differently from the way the counting system represents number, making it a difficult task for children to map the one Onto the Other.;Children's acquisition of the number words and the counting system
20;10.1016/j.ajhg.2009.12.009;Recent advances in genome research have enabled the identification of new genomic variations that are associated with type 2 diabetes mellitus (T2DM). Via fine mapping of SNPs in a candidate region of chromosome 21q, the current study identifies potassium inwardly-rectifying channel, subfamily J, member 15 (KCNJ15) as a new T2DM susceptibility gene. KCNJ15 is expressed in the β cell of the pancreas, and a synonymous SNP, rs3746876, in exon 4 (C566T) of this gene, with T allele frequency among control subjects of 3.1%, showed a significant association with T2DM affecting lean individuals in three independent Japanese sample sets (p = 2.5 × 10-7, odds ratio [OR] = 2.54, 95% confidence interval [CI] = 1.76-3.67) and with unstratified T2DM (p = 6.7 × 10-6, OR = 1.76, 95% CI = 1.37-2.25). The diabetes risk allele frequency was, however, very low among Europeans in whom no association between this variant and T2DM could be shown. Functional analysis in human embryonic kidney 293 cells demonstrated that the risk allele of the synonymous SNP in exon 4 increased KCNJ15 expression via increased mRNA stability, which resulted in the higher expression of protein as compared to that of the nonrisk allele. We also showed that KCNJ15 is expressed in human pancreatic β cells. In conclusion, we demonstrated a significant association between a synonymous variant in KCNJ15 and T2DM in lean Japanese patients with T2DM, suggesting that KCNJ15 is a previously unreported susceptibility gene for T2DM among Asians. © 2010 The American Society of Human Genetics.;Identification of KCNJ15 as a Susceptibility Gene in Asian Patients with Type 2 Diabetes Mellitus
21;10.1016/j.aos.2016.02.003;© 2016 Elsevier Ltd.Business unit (BU) controllers play a fiduciary role to ensure the integrity of financial reporting. However, they often face social pressure from their BU managers to misreport. Drawing on the literature on the human mirror neuron system, this paper investigates whether controllers' ability to withstand such pressure has a neurobiological basis. We expect that mirror neuron system functionality determines controllers' inclination to succumb to social pressure exerted by self-interested managers to engage in misreporting. We measure mirror neuron system functionality using electroencephalographic (EEG) data from 29 professional controllers during an emotional expressions observation task. The controllers' inclination to misreport was measured using scenarios in which controllers were being pressed by their manager to misreport. We find a positive association between controllers' mirror neuron system functionality and their inclination to yield to managerial pressure. In line with our expectation, we find that this association existed specifically for scenarios in which managers pressed their controllers out of personal rather than organizational interests. We conclude that BU controllers' neurobiological characteristics are involved in financial misreporting behavior and discuss the implications for accounting research and practice.;Why controllers compromise on their fiduciary duties: EEG evidence on the role of the human mirror neuron system
22;10.1016/j.appet.2011.12.023;Based on evidence that the color red elicits avoidance motivation across contexts (Mehta & Zhu, 2009), two studies investigated the effect of the color red on snack food and soft drink consumption. In line with our hypothesis, participants drank less from a red labeled cup than from a blue labeled cup (Study 1), and ate less snack food from a red plate than from a blue or white plate (Study 2). The results suggest that red functions as a subtle stop signal that works outside of focused awareness and thereby reduces incidental food and drink intake. © 2012 Elsevier Ltd.;The color red reduces snack food and soft drink intake
23;10.1016/j.beproc.2008.04.003;Planning has long been considered a uniquely human capacity. Lately, however, it has been shown that apes and a corvid species act now to derive a material future benefit. Since primates are highly social animals and their sociality is considered a strong selective force that resulted in complex cognitive capacities, planning is also expected in social situations. Unfortunately, prompting from social partners cannot be excluded in a social setting. Therefore, we controlled for this factor by testing the capacity to plan in chimpanzees using an exchange paradigm, that involves both a material and a social component, and a tool-use paradigm, similar to the one used on two other ape species. All chimpanzees failed to plan in the exchange task, but three individuals showed planning behavior in the tool-use task. Our methods controlled for the fact that chimpanzees were not prompted by the visibility of the reward at the moment of planning and also could not repeat a previously acquired routine. The best interpretation for our results is that chimpanzees can plan. However, planning was limited to the situation where the action to attain the future benefit only depended on a chimpanzee's own behavior. © 2008 Elsevier B.V. All rights reserved.;Chimpanzees fail to plan in an exchange task but succeed in a tool-using procedure
24;10.1016/j.biopsych.2004.11.026;Background: Difficulties in defining and characterizing phenotypes has hindered progress in psychiatric genetics and clinical neuroscience. Decreased approach-related behavior and anhedonia (lack of responsiveness to pleasure) are considered cardinal features of depression, but few studies have used laboratory-based measures to objectively characterize these constructs. Methods: To assess hedonic capacity in relation to depressive, particularly anhedonic, symptoms, 62 participants completed a signal-detection task based on a differential reinforcement schedule. Anhedonia was operationalized as decreased reward responsiveness. Results: Unequal frequency of reward between two correct responses produced a response bias (i.e., a systematic preference to identify the stimulus paired with the more frequent reward). Subjects with elevated depressive symptoms (Beck Depression Inventory scores ≥ 16) failed to show a response bias. Impaired reward responsiveness predicted higher anhedonic symptoms 1 month later, after controlling for general negative affectivity. Conclusions: Impaired tendency to modulate behavior as a function of prior reinforcement might underline diminished hedonic capacity in depression. When applied to a clinical population, objective assessments of participants' propensity to modulate behavior as a function of reward might provide a powerful tool for improving the phenotypic definition of depression and thus offer a reliable behavioral screening approach for neuroscience studies of depression.;Toward an objective characterization of an anhedonic phenotype: A signal-detection approach
25;10.1016/j.biopsycho.2016.05.001;Extinction-resistant fear is considered to be a central feature of pathological anxiety. Here we sought to determine if individual differences in Intolerance of Uncertainty (IU), a potential risk factor for anxiety disorders, underlies compromised fear extinction. We tested this hypothesis by recording electrodermal activity in 38 healthy participants during fear acquisition and extinction. We assessed the temporality of fear extinction, by examining early and late extinction learning. During early extinction, low IU was associated with larger skin conductance responses to learned threat vs. safety cues, whereas high IU was associated with skin conductance responding to both threat and safety cues, but no cue discrimination. During late extinction, low IU showed no difference in skin conductance between learned threat and safety cues, whilst high IU predicted continued fear expression to learned threat, indexed by larger skin conductance to threat vs. safety cues. These findings suggest a critical role of uncertainty-based mechanisms in the maintenance of learned fear.;Nothing is safe: Intolerance of uncertainty is associated with compromised fear extinction learning
26;10.1016/j.brainres.2009.07.042;Prior research has indicated that readers and listeners can use information in the prior discourse to rapidly predict specific upcoming words, as the text is unfolding. Here we used event-related potentials to explore whether the ability to make rapid online predictions depends on a reader's working memory capacity (WMC). Readers with low WMC were hypothesized to differ from high WMC readers either in their overall capability to make predictions (because of their lack of cognitive resources). High and low WMC participants read highly constraining stories that supported the prediction of a specific noun, mixed with coherent but essentially unpredictive 'prime control' control stories that contained the same content words as the predictive stories. To test whether readers were anticipating upcoming words, critical nouns were preceded by a determiner whose gender agreed or disagreed with the gender of the expected noun. In predictive stories, both high and low WMC readers displayed an early negative deflection (300-600 ms) to unexpected determiners, which was not present in prime control stories. Only the low WMC participants displayed an additional later negativity (900-1500 ms) to unexpected determiners. This pattern of results suggests that WMC does not influence the ability to anticipate upcoming words per se, but does change the way in which readers deal with information that disconfirms the generated prediction. © 2009 Elsevier B.V. All rights reserved.;Does working memory capacity affect the ability to predict upcoming words in discourse?
27;10.1016/j.brs.2012.03.006;A role for the cerebellum in cognition is controversial, but it is a view that is becoming increasingly popular. The aim of the current study was to investigate this issue using transcranial Direct Current Stimulation (tDCS) during two cognitive tasks that require comparable motor skills, but different levels of working memory and attention. Three groups of twenty-two participants each performed the Paced Auditory Serial Addition Task (PASAT) and a novel variant of this task called the Paced Auditory Serial Subtraction Task (PASST), together with a verb generation task and its two controls, before and after the modulation of cortico-cerebellar connectivity using anodal or cathodal tDCS over the cerebellum. Participants' performance in the difficult PASST task significantly improved after cathodal stimulation compared to sham or anodal stimulation. Improvement in the easier PASAT was equal across all three stimulation conditions. Improvement in verbal response latencies were also greatest during the PASST task after cathodal stimulation, compared to sham and anodal stimulation, and became less variable. Results for the verb generation task complimented those for the PASST, such that the rate and consistency of participants' verbal responses were facilitated by cathodal stimulation, compared to sham and anodal stimulation. These findings suggest that DC stimulation over the right cerebellum affects working memory and attention differently depending on task difficulty. They support a role for the cerebellum in cognitive aspects of behaviour, whereby activity in the prefrontal cortex is likely dis-inhibited by cathodal tDCS stimulation over the right cerebellar cortex, which normally exerts an overall inhibitory tone on the cerebral cortex. We speculate that the cerebellum is capable of releasing cognitive resources by dis-inhibition of prefrontal regions of cerebral cortex, enhancing performance when tasks become demanding.;Task-specific facilitation of cognition by cathodal transcranial direct current stimulation of the cerebellum
28;10.1016/j.cell.2011.09.029;Here, we demonstrate that protein-coding RNA transcripts can crosstalk by competing for common microRNAs, with microRNA response elements as the foundation of this interaction. We have termed such RNA transcripts as competing endogenous RNAs (ceRNAs). We tested this hypothesis in the context of PTEN, a key tumor suppressor whose abundance determines critical outcomes in tumorigenesis. By a combined computational and experimental approach, we identified and validated endogenous protein-coding transcripts that regulate PTEN, antagonize PI3K/AKT signaling, and possess growth- and tumor-suppressive properties. Notably, we also show that these genes display concordant expression patterns with PTEN and copy number loss in cancers. Our study presents a road map for the prediction and validation of ceRNA activity and networks and thus imparts a trans-regulatory function to protein-coding mRNAs. © 2011 Elsevier Inc.;Coding-Independent Regulation of the Tumor Suppressor PTEN by Competing Endogenous mRNAs
29;10.1016/j.cell.2013.04.008;Replenishing insulin-producing pancreatic β cell mass will benefit both type I and type II diabetics. In adults, pancreatic β cells are generated primarily by self-duplication. We report on a mouse model of insulin resistance that induces dramatic pancreatic β cell proliferation and β cell mass expansion. Using this model, we identify a hormone, betatrophin, that is primarily expressed in liver and fat. Expression of betatrophin correlates with β cell proliferation in other mouse models of insulin resistance and during gestation. Transient expression of betatrophin in mouse liver significantly and specifically promotes pancreatic β cell proliferation, expands β cell mass, and improves glucose tolerance. Thus, betatrophin treatment could augment or replace insulin injections by increasing the number of endogenous insulin-producing cells in diabetics. PaperClip © 2013 Elsevier Inc.;RETRACTED: Betatrophin: A Hormone that Controls Pancreatic β Cell Proliferation
30;10.1016/j.chb.2015.04.024;© 2015 Elsevier Ltd.All rights reserved.The fast advancement of communications, mobile technologies, and the proliferation of smart devices has increased the importance of mobile banking services for banks, financial institutions, and users. In developing countries, especially in Africa, mobile banking can play a strong role, providing a way to overcome financial exclusion and physical distance by allowing local population to conduct financial transactions. Acceptance studies in this region are scarce, leaving us an almost unexplored area of research. We advance the body of knowledge on mobile banking acceptance by proposing an innovative and comprehensive theoretical model that combines the extended unified theory of acceptance and use of technology (UTAUT2) of Venkatesh, Thong, and Xu (2012), with cultural moderators from Hofstede, providing new insights into factors affecting the acceptation and how culture influences individual use behaviour. The model was tested using structural equation modelling (SEM), in a quantitative study conducted in an African country, reinforcing data and knowledge available from this important region. Performance expectancy, hedonic motivation, and habit were found to be the most significant antecedents of behaviour intention. To explain the mobile banking use behaviour the habit and culture moderator effects on behaviour intention over use behaviour were the most important drivers. Collectivism, uncertainty avoidance, short term and power distance were found to be the most significant cultural moderators.;Understanding mobile banking: The unified theory of acceptance and use of technology combined with cultural moderators
31;10.1016/j.cogbrainres.2005.02.020;Transcranial magnetic stimulation (TMS) and a behavioral paradigm were used to assess whether listening to action-related sentences modulates the activity of the motor system. By means of single-pulse TMS, either the hand or the foot/leg motor area in the left hemisphere was stimulated in distinct experimental sessions, while participants were listening to sentences expressing hand and foot actions. Listening to abstract content sentences served as a control. Motor evoked potentials (MEPs) were recorded from hand and foot muscles. Results showed that MEPs recorded from hand muscles were specifically modulated by listening to hand-action-related sentences, as were MEPs recorded from foot muscles by listening to foot-action-related sentences. This modulation consisted of an amplitude decrease of the recorded MEPs. In the behavioral task, participants had to respond with the hand or the foot while listening to actions expressing hand and foot actions, as compared to abstract sentences. Coherently with the results obtained with TMS, when the response was given with the hand, reaction times were slower during listening to hand-action-related sentences, while when the response was given with the foot, reaction times were slower during listening to foot-action-related sentences. The present data show that processing verbally presented actions activates different sectors of the motor system, depending on the effector used in the listened-to action. © 2005 Elsevier B.V. All rights reserved.;Listening to action-related sentences modulates the activity of the motor system: A combined TMS and behavioral study
32;10.1016/j.cognition.2003.10.003;Theories of reference have been central to analytic philosophy, and two views, the descriptivist view of reference and the causal-historical view of reference, have dominated the field. In this research tradition, theories of reference are assessed by consulting one's intuitions about the reference of terms in hypothetical situations. However, recent work in cultural psychology (e.g. Nisbett, R. E., Peng, K., Choi, I., & Norenzayan, A. (2001). Culture and systems of thought: holistic vs. analytic cognition. Psychological Review, 108, 291-310.) has shown systematic cognitive differences between East Asians and Westerners, and some work indicates that this extends to intuitions about philosophical cases (Weinberg, J., Nichols, S., & Stich, S. (2001). Normativity and epistemic intuitions. Philosophical Topics 29(1&2), 429-459.) In light of these findings on cultural differences, an experiment was conducted which explored intuitions about reference in Westerners and East Asians. The experiment indicated that, for certain central cases, Westerners are more likely than East Asians to report intuitions that are consistent with the causal-historical view. These results constitute prima facie evidence that semantic intuitions vary from culture to culture, and the paper argues that this fact raises questions about the nature of the philosophical enterprise of developing a theory of reference. © 2004 Elsevier B.V. All rights reserved.;Semantics, cross-cultural style
33;10.1016/j.cognition.2007.11.004;Traditional theories of moral development emphasize the role of controlled cognition in mature moral judgment, while a more recent trend emphasizes intuitive and emotional processes. Here we test a dual-process theory synthesizing these perspectives. More specifically, our theory associates utilitarian moral judgment (approving of harmful actions that maximize good consequences) with controlled cognitive processes and associates non-utilitarian moral judgment with automatic emotional responses. Consistent with this theory, we find that a cognitive load manipulation selectively interferes with utilitarian judgment. This interference effect provides direct evidence for the influence of controlled cognitive processes in moral judgment, and utilitarian moral judgment more specifically. © 2007 Elsevier B.V. All rights reserved.;Cognitive load selectively interferes with utilitarian moral judgment
34;10.1016/j.cognition.2009.10.008;"Several studies showed a Simon effect when two participants sit close to each other and perform one of the two halves of a two-choice RT task. That is, each participant perform a go-nogo task. A Simon effect emerges, which instead is absent when the same go-nogo tasks are performed individually. Hence the terms were introduced of ""social Simon task"" and 'social Simon effect"". As of now, the social Simon effect was observed with social Simon tasks that overtly gave the participants the impression of being performing in collaboration with another person. In the present study we show that the social Simon effect was present also when, in the social Simon task, the two participants did not actually collaborate. It is, however, absent when participants perform the social task outside of each other's peripersonal space (i.e., outside arm-reach). We argue that the social Simon effect does not necessarily imply a representation of the other's action, as previously suggested. The presence of an active confederate in peripersonal space might simply provide a reference for coding one's own action in space. © 2009 Elsevier B.V. All rights reserved.";Sharing a task or sharing space? On the effect of the confederate in action coding in a detection task
35;10.1016/j.cognition.2010.09.012;Previous research has shown that disfluency - the subjective experience of difficulty associated with cognitive operations - leads to deeper processing. Two studies explore the extent to which this deeper processing engendered by disfluency interventions can lead to improved memory performance. Study 1 found that information in hard-to-read fonts was better remembered than easier to read information in a controlled laboratory setting. Study 2 extended this finding to high school classrooms. The results suggest that superficial changes to learning materials could yield significant improvements in educational outcomes. © 2010 Elsevier B.V.;Fortune favors the ( ): Effects of disfluency on educational outcomes
36;10.1016/j.cognition.2013.01.009;The belief that one can exert intentional control over behavior is deeply rooted in virtually all human beings. It has been shown that weakening such belief - e.g. by exposure to 'anti-free will' messages - can lead people to display antisocial tendencies. We propose that this cursory and irresponsible behavior may be facilitated by a breakdown of neurocognitive mechanisms underlying behavioral adjustments. In the study reported here, we tested the hypothesis that weakening belief in intentional control reduces cognitive markers of behavioral control. Participants performed a Simon task before and after reading a scientific text either denying free will (no-free will group) or not mentioning free will (control group). Results showed that the post-error slowing, a cognitive marker of performance adjustment, was reduced in the no-free will group. This reduction was proportional to a decrease of the belief in intentional control. These observations indicate that weakening the belief in free will can impact behavioral adjustment after an error, and could be the cause of antisocial and irresponsible behavior.;When errors do not matter: Weakening belief in intentional control impairs cognitive reaction to errors
37;10.1016/j.cognition.2014.09.006;© 2014 Elsevier B.V.The hypothetical moral dilemma known as the trolley problem has become a methodological cornerstone in the psychological study of moral reasoning and yet, there remains considerable debate as to the meaning of utilitarian responding in these scenarios. It is unclear whether utilitarian responding results primarily from increased deliberative reasoning capacity or from decreased aversion to harming others. In order to clarify this question, we conducted two field studies to examine the effects of alcohol intoxication on utilitarian responding. Alcohol holds promise in clarifying the above debate because it impairs both social cognition (i.e., empathy) and higher-order executive functioning. Hence, the direction of the association between alcohol and utilitarian vs. non-utilitarian responding should inform the relative importance of both deliberative and social processing systems in influencing utilitarian preference. In two field studies with a combined sample of 103 men and women recruited at two bars in Grenoble, France, participants were presented with a moral dilemma assessing their willingness to sacrifice one life to save five others. Participants' blood alcohol concentrations were found to positively correlate with utilitarian preferences (. r=. .31, p<. .001) suggesting a stronger role for impaired social cognition than intact deliberative reasoning in predicting utilitarian responses in the trolley dilemma. Implications for Greene's dual-process model of moral reasoning are discussed.;The drunk utilitarian: Blood alcohol concentration predicts utilitarian responses in moral dilemmas
38;10.1016/j.cognition.2017.02.010;© 2017 Elsevier B.V.Three studies examined the hypothesis that bilinguals can more rapidly disengage attention from irrelevant information than monolinguals by investigating the impact of previous trial congruency on performance in a simple flanker task. In Study 1, monolingual and bilingual young adults completed two versions of a flanker task. There were no differences between language groups on mean reaction time using standard analyses for congruent or incongruent trials or the size of the flanker effect. Sequential congruency effects (SCEs) however, which account for previous trial congruency, were smaller for bilinguals than for monolinguals. This finding was strongest at the shortest response-to-stimulus interval (RSI). Study 2 replicated this effect using a slightly different flanker task and a shorter RSI than study 1. Study 3 showed that at long RSIs, where behavioral SCE differences between groups disappear because of sufficient time to recover from the previous trial, event-related potentials demonstrated a continued influence of previous trial congruency for monolinguals but not bilinguals at both the N2 and the P3, replicating the reaction time effects in Studies 1 and 2. Together, these studies demonstrate that bilinguals experience less influence from previous trial congruency and have greater ability to disengage attention from the previous trial in order to focus attention on the current trial than is found for monolinguals.;Sequential congruency effects reveal differences in disengagement of attention for monolingual and bilingual young adults
39;10.1016/j.concog.2008.11.006;"In this paper, we examine Adam Feltz and Edward Cokely's recent claim that ""the personality trait extraversion predicts people's intuitions about the relationship of determinism to free will and moral responsibility"" (INSERT REFERENCE). We will first present some criticisms of their work before briefly examining the results of a recent study of our own. We argue that while Feltz and Cokely have their finger on the pulse of an interesting and important issue, they have not established a robust and stable connection between extraversion and compatibilist-friendly intuitions. © 2008 Elsevier Inc. All rights reserved.";Temperament and intuition: A commentary on Feltz and Cokely
40;10.1016/j.cortex.2015.05.007;Transcranial direct current stimulation (tDCS) is a well-established technique for non-invasive brain stimulation (NIBS). However, the technique suffers from a high variability in outcome, some of which is likely explained by the state of the brain at tDCS-delivery but for which explanatory, mechanistic models are lacking. Here, we tested the effects of bi-parietal tDCS on perceptual line bisection as a function of tDCS current strength (1 mA vs 2 mA) and individual baseline discrimination sensitivity (a measure associated with intrinsic uncertainty/signal-to-noise balance). Our main findings were threefold. We replicated a previous finding (Giglia et al., 2011) of a rightward shift in subjective midpoint after Left anode/Right cathode tDCS over parietal cortex (sham-controlled). We found this effect to be weak over our entire sample (n = 38), but to be substantial in a subset of participants when they were split according to tDCS-intensity and baseline performance. This was due to a complex, nonlinear interaction between these two factors. Our data lend further support to the notion of state-dependency in NIBS which suggests outcome to depend on the endogenous balance between task-informative 'signal' and task-uninformative 'noise' at baseline. The results highlight the strong influence of individual differences and variations in experimental parameters on tDCS outcome, and the importance of fostering knowledge on the factors influencing tDCS outcome across cognitive domains.;Non-linear effects of transcranial direct current stimulation as a function of individual baseline performance: Evidence from biparietal tDCS influence on lateralized attention bias
41;10.1016/j.cub.2004.01.029;"Ventriloquism is the ancient art of making one's voice appear to come from elsewhere, an art exploited by the Greek and Roman oracles, and possibly earlier [1]. We regularly experience the effect when watching television and movies, where the voices seem to emanate from the actors' lips rather than from the actual sound source. Originally, ventriloquism was explained by performers projecting sound to their puppets by special techniques [1], but more recently it is assumed that ventriloquism results from vision ""capturing"" sound [2-5]. In this study we investigate spatial localization of audio-visual stimuli. When visual localization is good, vision does indeed dominate and capture sound. However, for severely blurred visual stimuli (that are poorly localized), the reverse holds: sound captures vision. For less blurred stimuli, neither sense dominates and perception follows the mean position. Precision of bimodal localization is usually better than either the visual or the auditory unimodal presentation. All the results are well explained not by one sense capturing the other, but by a simple model of optimal combination of visual and auditory information.";The Ventriloquist Effect Results from Near-Optimal Bimodal Integration
42;10.1016/j.earlhumdev.2003.12.002;"Background: The ratio of 2nd to 4th digit length (2D:4D) is sexually dimorphic (mean 2D:4D is lower in males than females) and is thought to be fixed early in development. 2D:4D has been reported to be related to fetal growth, hand preference, autism, Asperger's syndrome, sperm counts, family size, age at myocardial infarction in men and breast cancer in women. There is indirect evidence that 2D:4D is established in utero and is negatively related to prenatal testosterone and positively with prenatal estradiol. However, there are no studies which show direct relationships between fetal testosterone (FT), fetal estradiol (FE) and 2D:4D. Aims: To investigate the relationships between 2D:4D ratios and FT and FE from amniotic fluid. Study design: Cohort study. Subjects: 33 children. Outcome measures: Radioimmunoassays of FT and FE obtained from routine amniocentesis; 2D:4D ratios calculated from 2nd and 4th digit length of the right and left hands at age 2 years. Results: A significant negative association between right 2D:4D ratio and FT/FE ratio, which was independent of sex. Conclusions: These preliminary findings lend support to an association between low 2D:4D and high levels of FT relative to FE, and high 2D:4D with low FT relative to FE. © 2004 Elsevier Ireland Ltd. All rights reserved.";2nd to 4th digit ratios, fetal testosterone and estradiol
43;10.1016/j.evolhumbehav.2005.01.002;"Models indicate that opportunities for reputation formation can play an important role in sustaining cooperation and prosocial behavior. Results from experimental economic games support this conclusion, as manipulating reputational opportunities affects prosocial behavior. Noting that some prosocial behavior remains even in anonymous noniterated games, some investigators argue that humans possess a propensity for prosociality independent of reputation management. However, decision-making processes often employ both explicit propositional knowledge and intuitive or affective judgments elicited by tacit cues. Manipulating game parameters alters explicit information employed in overt strategizing but leaves intact cues that may affect intuitive judgments relevant to reputation formation. To explore how subtle cues of observability impact prosocial behavior, we conducted five dictator games, manipulating both auditory cues of the presence of others (via the use of sound-deadening earmuffs) and visual cues (via the presentation of stylized eyespots). Although earmuffs appeared to reduce generosity, this effect was not significant. However, as predicted, eyespots substantially increased generosity, despite no differences in actual anonymity; when using a computer displaying eyespots, almost twice as many participants gave money to their partners compared with the controls. Investigations of prosocial behavior must consider both overt information about game parameters and subtle cues influencing intuitive judgments. © 2005 Elsevier Inc. All rights reserved.";Nobody's watching?
44;10.1016/j.im.2013.08.006;The key threat to information security comes from employees who do not comply with information security policies. We developed a new multi-theory based model that explained employees' adherence to security policies. The paradigm combines elements from the Protection Motivation Theory, the Theory of Reasoned Action, and the Cognitive Evaluation Theory. We validated the model by using a sample of 669 responses from four corporations in Finland. The SEM-based results showed that perceived severity of potential information security threats, employees' belief as to whether they can apply and adhere to information security policies, perceived vulnerability to potential security threats, employees' attitude toward complying with information security policies, and social norms toward complying with these policies had a significant and positive effect on the employees' intention to comply with information security policies. Intention to comply with information security policies also had a significant impact on actual compliance with these policies. High level managers must warn employees of the importance of information security and why it is necessary to carry out these policies. In addition, employees should be provided with security education and hands on training. © 2013 Elsevier B.V.;Employees’ adherence to information security policies: An exploratory field study
45;10.1016/j.jbtep.2018.07.002;"© 2018 Elsevier LtdBackground and objectives: Trigger warnings notify people of the distress that written, audiovisual, or other material may evoke, and were initially used to provide for the needs of those with posttraumatic stress disorder (PTSD). Since their inception, trigger warnings have become more widely applied throughout contemporary culture, sparking intense controversy in academia and beyond. Some argue that they empower vulnerable individuals by allowing them to psychologically prepare for or avoid disturbing content, whereas others argue that such warnings undermine resilience to stress and increase vulnerability to psychopathology while constraining academic freedom. The objective of our experiment was to investigate the psychological effects of issuing trigger warnings. Methods: We randomly assigned online participants to receive (n = 133) or not receive (n = 137) trigger warnings prior to reading literary passages that varied in potentially disturbing content. Results: Participants in the trigger warning group believed themselves and people in general to be more emotionally vulnerable if they were to experience trauma. Participants receiving warnings reported greater anxiety in response to reading potentially distressing passages, but only if they believed that words can cause harm. Warnings did not affect participants’ implicit self-identification as vulnerable, or subsequent anxiety response to less distressing content. Limitations: The sample included only non-traumatized participants; the observed effects may differ for a traumatized population. Conclusions: Trigger warnings may inadvertently undermine some aspects of emotional resilience. Further research is needed on the generalizability of our findings, especially to collegiate populations and to those with trauma histories.";Trigger warning: Empirical evidence ahead
46;10.1016/j.jenvp.2005.07.001;"Three experiments were designed to test the hypothesis that exposure to restorative environments facilitates recovery from mental fatigue. To this end, participants were first mentally fatigued by performing a sustained attention test; then they viewed photographs of restorative environments, nonrestorative environments or geometrical patterns; and finally they performed the sustained attention test again. Only participants exposed to the restorative environments improved their performance on the final attention test, and this improvement occurred whether they viewed the scenes in the standardized time condition or in the self-paced time condition. Results are in agreement with Kaplan's [(1995). The restorative benefits of nature: Toward an integrative framework. Journal of Environmental Psychology, 15, 169-182] attention restoration theory, and support the idea that restorative environments help maintain and restore the capacity to direct attention. © 2005 Elsevier Ltd. All rights reserved.";Exposure to restorative environments helps restore attentional capacity
47;10.1016/j.jesp.2004.07.001;We describe a methodology that uses implicit goal priming to influence self-reports. Participants completed a vocabulary task involving either neutral words or words related to the goal of being honest. In a subsequent, ostensibly unrelated questionnaire, participants responded to a series of questions about socially sensitive behaviors involving excessive alcohol consumption. Participants who were exposed to honesty-related words admitted to having engaged in more of these behaviors than did participants who were exposed to neutral words. Results are discussed in terms of their implications for assessing sensitive behaviors in particular and for improving the quality of self-report measures in psychological research more generally, and an agenda for future research is proposed. © 2004 Elsevier Inc. All rights reserved.;Using implicit goal priming to improve the quality of self-report data
48;10.1016/j.jesp.2005.05.001;Previous research demonstrated that if attention is paid to a supraliminally presented number, a subsequent quantitative estimate assimilates towards this number (the anchor effect). One explanation states that this effect is merely caused by the heightened accessibility level of the anchor value itself. Based on this numeric priming account and generalizing from subliminal priming studies, we expected a short-lived subliminal anchor effect. We presented participants subliminally with a low or high anchor value (10 or 90) and next they had to estimate the probability of an epidemic. Half of them were pressed to do this quickly. Only under time pressure, a significant anchor effect emerged. © 2005 Elsevier Inc. All rights reserved.;Subliminal anchoring: The effects of subliminally presented numbers on probability estimates
49;10.1016/j.jesp.2009.05.003;"To describe mental states that precede aggression and violence, people frequently use words related to hot temperatures. Two experiments examined whether exposure to words related to hot temperatures increases aggressive thoughts, even in the absence of heat. In both experiments, participants were first exposed to words related to either heat, cold, or neutral concepts. Next, participants completed measures that assessed aggressive cognition. In Experiment 1, participants completed a word stem completion task in which some word stems (e.g., ""ki _ _"") could be completed with either aggressive (e.g., ""kill"") or nonaggressive (e.g., ""kiss"") words. In Experiment 2, participants were presented with an ambiguous description of a person and then provided ratings regarding that person's hostility. In both studies, exposure to hot temperature words, relative to cold temperature and neutral words, increased aggressive thoughts and hostile perceptions. These findings show a strong link in memory between words related to hot temperatures and aggressive thoughts and biases. © 2009 Elsevier Inc. All rights reserved.";Hot under the collar in a lukewarm environment: Words associated with hot temperature increase aggressive thoughts and hostile perceptions
50;10.1016/j.jesp.2009.06.003;Recent research has shown that a two second glimpse of color can have an important influence on affect, cognition, and behavior. The present research examined whether perceiving color is necessary to produce an effect on psychological functioning or whether the mere act of processing a color word might be sufficient. Specifically, four experiments tested the hypothesis that processing the word red undermines intellectual performance, much like actually perceiving the color red. Supportive data were obtained with three different types of subtle manipulation, with three different types of control words, and on two different types of IQ test performance. Worry, but not mood or general arousal, was shown to mediate the semantic red effect, which appears to take place outside of individuals' awareness. The theoretical and practical implications of the results are discussed.;The semantic red effect: Processing the word red undermines intellectual performance
51;10.1016/j.jesp.2011.11.012;In this paper, we investigate how the impatience that results from placing a price on time impairs individuals' ability to derive happiness from pleasurable experiences. Experiment 1 demonstrated that thinking about one's income as an hourly wage reduced the happiness that participants derived from leisure time on the internet. Experiment 2 revealed that a similar manipulation decreased participants' state of happiness after listening to a pleasant song and that this effect was fully mediated by the degree of impatience experienced during the music. Finally, Experiment 3 showed that the deleterious effect on happiness caused by impatience was attenuated by offering participants monetary compensation in exchange for time spent listening to music, suggesting that a sensation of unprofitably wasted time underlay the induced impatience. Together these experiments establish that thinking about time in terms of money can influence how people experience pleasurable events by instigating greater impatience during unpaid time. © 2011 Elsevier Inc..;Time, money, and happiness: How does putting a price on time affect our ability to smell the roses?
52;10.1016/j.jesp.2013.05.013;"Can different social category labels for a single group be associated with different levels of prejudice - specifically, sexual prejudice? Some theorizing, and a pilot study in the present research, suggests that the label ""homosexuals"" carries more deviance-related connotations than does the label ""gay men and lesbians."" Given that right-wing authoritarianism (RWA) correlates positively with prejudice against groups stereotyped as deviant, it was hypothesized that RWA would predict greater prejudice against ""homosexuals"" than ""gay men and lesbians"" among heterosexual participants. Two studies supported this hypothesis and demonstrated that the effect was driven by both perceived threats to heterosexuals' values (i.e., symbolic threat; Study 1) and perceived fundamental differences between ""homosexuals"" and heterosexuals as social categories (i.e., psychological essentialism; Study 2). Implications for the factors that predict social categorization of and prejudice toward sexual minorities are discussed. © 2013 Elsevier Inc.";Right-wing authoritarianism predicts prejudice against “homosexuals” but not “gay men and lesbians”
53;10.1016/j.jml.2012.02.005;"Probabilistic expectations and memory limitations are central factors governing the real-time comprehension of natural language, but how the two factors interact remains poorly understood. One respect in which the two factors have come into theoretical conflict is the documentation of both locality effects, in which having more dependents preceding a governing verb increases processing difficulty at the verb, and anti-locality effects, in which having more preceding dependents facilitates processing at the verb. However, no controlled study has previously demonstrated both locality and anti-locality effects in the same type of dependency relation within the same language. Additionally, many previous demonstrations of anti-locality effects have been potentially confounded with lexical identity, plausibility, and sentence position. Here, we provide new evidence of both locality and anti-locality effects in the same type of dependency relation in a single language-verb-final constructions in German-while controlling for lexical identity, plausibility, and sentence position. In main clauses, we find clear anti-locality effects, with the presence of a preceding dative argument facilitating processing at the final verb; in subject-extracted relative clauses with identical linear ordering of verbal dependents, we find both anti-locality and locality effects, with processing facilitated when the verb is preceded by a dative argument alone, but hindered when the verb is preceded by both the dative argument and an adjunct. These results indicate that both expectations and memory limitations need to be accounted for in any complete theory of online syntactic comprehension. © 2012 Roger P. Levy and Frank Keller.";Expectation and locality effects in German verb-final structures
54;10.1016/j.jml.2013.08.001;During reading, monolingual readers actively predict upcoming words from sentence context. Here we investigated whether bilingual readers predict sentence final words when they read in their second language. We recorded event-related potentials while English monolinguals (L1 comprehenders) and late Spanish-English bilinguals (L2 comprehenders) read sentences ending in an expected or unexpected noun. Lexical prediction was indexed by the amplitude of the N400 effect elicited by the article preceding the final noun, such that the more negative the N400, the less prediction as regards the final word. Contrary to L1 comprehenders, L2 comprehenders failed to show an N400 amplitude increase for unexpected articles. We interpret these results as evidence that L2 comprehenders do not actively predict upcoming words during sentence comprehension to the same extent as L1 comprehenders. This weaker capacity of lexical prediction in L2 might be one of the consequences of overall slower and less accurate linguistic processing stages in L2 relative to L1. © 2013 Elsevier Inc.;Bilinguals reading in their second language do not predict upcoming words as native readers do
55;10.1016/j.jml.2015.10.007;"© 2015 Elsevier Inc.We used ERPs to investigate the pre-activation of form and meaning in language comprehension. Participants read high-cloze sentence contexts (e.g., "". The student is going to the library to borrow a. . .""), followed by a word that was predictable ( book), form-related ( hook) or semantically related ( page) to the predictable word, or unrelated ( sofa). At a 500. ms SOA (Experiment 1), semantically related words, but not form-related words, elicited a reduced N400 compared to unrelated words. At a 700. ms SOA (Experiment 2), semantically related words and form-related words elicited reduced N400 effects, but the effect for form-related words occurred in very high-cloze sentences only. At both SOAs, form-related words elicited an enhanced, post-N400 posterior positivity (Late Positive Component effect). The N400 effects suggest that readers can pre-activate meaning and form information for highly predictable words, but form pre-activation is more limited than meaning pre-activation. The post-N400 LPC effect suggests that participants detected the form similarity between expected and encountered input. Pre-activation of word forms crucially depends upon the time that readers have to make predictions, in line with production-based accounts of linguistic prediction.";Predicting form and meaning: Evidence from brain potentials
56;10.1016/j.joca.2011.10.004;"Developmental dysplasia of the hip (DDH), previously known as congenital hip dislocation, is a frequently disabling condition characterized by premature arthritis in later life. Genetic influence on DDH has been long known, but is still poorly understood. Previously, we have performed a genome-wide linkage scan with Affymetrix 10K genechip for a four-generation Chinese family, which included 19 healthy members and five patients with DDH. Parametric and nonparametric multipoint linkage analyses were carried out with Genespring GT v.2.0 software, and the logarithm of odds (LOD) score and nonparametric linkage (NPL) score were calculated. For parametric linkage analysis, an assuming autosomal recessive trait was used with full penetrance, and Affymetrix ""Asian"" allele frequencies. The NPL score of 2.698 (P= 0.0156) and LOD score of 2.119 (θ= 0) were obtained on chromosome 1q25.2a for one marker (rs726252). The single nucleotide polymorphism (SNP) rs726252 locates in the region of fifth intron of pregnancy-associated plasma protein-A2 (PAPPA2). Although neither LOD nor NPL scores of rs726252 has exceeded 3.0, several researches have demonstrated that PAPPA2 have important consequences for the development of the fetus and normal postnatal growth. To further evaluate this possible association, in the present study, we examined the genetic association of rs726252 in PAPPA2 gene with sporadic DDH in Han Chinese population using case-control study, including 310 patients with sporadic DDH and 487 control subjects, and found a significant association between PAPPA2 and DDH. © 2011 Osteoarthritis Research Society International.";Association of a single nucleotide polymorphism in pregnancy-associated plasma protein-A2 with developmental dysplasia of the hip: a case–control study
57;10.1016/j.jsams.2016.12.076;"© 2017 Sports Medicine AustraliaObjectives The Functional Movement Screen (FMS) is a popular screening tool, however, the postulated relationship between prospective injury and FMS scoring remains sparsely explored in adolescent athletes. The aim of the study was to examine the association between pre-season FMS scores and injuries sustained during one regular season competition in elite adolescent Australian football players. Design Prospective cohort study. Methods 237 elite junior Australian football players completed FMS testing during the late pre-season phase and had their weekly playing status monitored during the regular season. The definition of an injury was ‘a trauma which caused a player to miss a competitive match’. Results The median composite FMS score was 14 (mean = 13.5 ± 2.3). An apriori analysis revealed that the presence of ≥1 asymmetrical sub-test was associated with a moderate increase in the risk of injury (hazard ratio = 2.2 [1.0–4.8]; relative risk = 1.9; p = 0.047; sensitivity = 78.4%; specificity = 41.0%). Notably, post-hoc analysis identified that the presence of ≥2 asymmetrical sub-tests was associated with an even greater increase in risk of prospective injury (hazard ratio = 3.7 [1.6–8.6]; relative risk = 2.8; p = 0.003; sensitivity = 66.7%; specificity = 78.0%). Achieving a composite score of ≤14 did not substantially increase the risk of prospective injury (hazard ratio = 1.1 [0.5–2.1]; p = 0.834). Conclusions Junior Australian football players demonstrating asymmetrical movement during pre-season FMS testing were more likely to sustain an injury during the regular season than players without asymmetry. Findings suggest that the commonly reported composite FMS threshold score of ≤14 was not associated with injury in elite junior AF players.";Asymmetry during preseason Functional Movement Screen testing is associated with injury during a junior Australian football season
58;10.1016/j.jslw.2012.05.011;"This study contributes to L2 writing research which seeks to tie predictions of the Limited Attentional Capacity Model (. Skehan, 1998; Skehan & Foster, 2001) and Cognition Hypothesis (. Robinson, 2001, 2005, 2011a, 2011b) to models of working memory in L1 writing (. Kellogg, 1996). The study uses a quasi-experimental research design to investigate distinct forms of pre-task planning (idea generation, organization, and goal setting) and their effect on essays composed by a large homogeneous group of Spanish-speaking EFL learners. Quantitative measures of writing fluency, grammatical complexity, and lexical complexity are statistically compared among five pre-task planning conditions. Pre-task planning condition was found to have a small significant effect on writing fluency, whereas pre-task planning condition was found to have no impact on lexical complexity and grammatical complexity. The authors discuss their findings by suggesting that the predictions of the Limited Attentional Capacity Model and Cognition Hypothesis may not be applicable to writing, that the effects of pre-task planning in earlier L1 and L2 research may have been moderated by the participants' education and genre knowledge, and that a threshold level of general L2 proficiency may be necessary for pre-task planning to impact L2 writers' texts. © 2012 Elsevier Inc.";The effect of planning sub-processes on L2 writing fluency, grammatical complexity, and lexical complexity
59;10.1016/j.labeco.2016.04.004;© 2016 Elsevier B.V.This paper investigates the impact of schools banning mobile phones on student test scores. By surveying schools in four English cities regarding their mobile phone policies and combining it with administrative data, we adopt a difference in differences (DID) strategy, exploiting variations in schools' autonomous decisions to ban these devices, conditioning on a range of student characteristics and prior achievement. We find that student performance in high stakes exams significantly increases post ban, by about 0.07 standard deviations on average. These increases in performance are driven by the lowest-achieving students. This suggests that the unstructured presence of phones has detrimental effects on certain students and restricting their use can be a low-cost policy to reduce educational inequalities.;"Ill Communication: Technology, distraction &amp; student performance"
60;10.1016/j.media.2013.06.003;"Spectral domain optical coherence tomography (SD-OCT) is a useful tool for the visualization of drusen, a retinal abnormality seen in patients with age-related macular degeneration (AMD); however, objective assessment of drusen is thwarted by the lack of a method to robustly quantify these lesions on serial OCT images. Here, we describe an automatic drusen segmentation method for SD-OCT retinal images, which leverages a priori knowledge of normal retinal morphology and anatomical features. The highly reflective and locally connected pixels located below the retinal nerve fiber layer (RNFL) are used to generate a segmentation of the retinal pigment epithelium (RPE) layer. The observed and expected contours of the RPE layer are obtained by interpolating and fitting the shape of the segmented RPE layer, respectively. The areas located between the interpolated and fitted RPE shapes (which have nonzero area when drusen occurs) are marked as drusen. To enhance drusen quantification, we also developed a novel method of retinal projection to generate an en face retinal image based on the RPE extraction, which improves the quality of drusen visualization over the current approach to producing retinal projections from SD-OCT images based on a summed-voxel projection (SVP), and it provides a means of obtaining quantitative features of drusen in the en face projection. Visualization of the segmented drusen is refined through several post-processing steps, drusen detection to eliminate false positive detections on consecutive slices, drusen refinement on a projection view of drusen, and drusen smoothing. Experimental evaluation results demonstrate that our method is effective for drusen segmentation. In a preliminary analysis of the potential clinical utility of our methods, quantitative drusen measurements, such as area and volume, can be correlated with the drusen progression in non-exudative AMD, suggesting that our approach may produce useful quantitative imaging biomarkers to follow this disease and predict patient outcome. © 2013 Elsevier B.V.";Automated drusen segmentation and quantification in SD-OCT images
61;10.1016/j.neulet.2009.06.030;"Statistical learning has been studied as a mechanism by which people automatically and implicitly learn patterns in the environment. Here, we sought to examine general assumptions about statistical learning, including whether the learning is long-term, and whether it can occur implicitly. We exposed participants to a stream of stimuli, then tested them immediately after, or 24 h after, exposure, with separate tests meant to measure implicit and explicit knowledge. To measure implicit learning, we analyzed reaction times during a rapid serial visual presentation detection task; for explicit learning, we used a matching questionnaire. Subjects' reaction time performance indicated that they did implicitly learn the exposed sequences, and furthermore, this learning was unrelated to explicit learning. These learning effects were observed both immediately after exposure and after a 24-h delay. These experiments offer concrete evidence that statistical learning is long-term and that the learning involves implicit learning mechanisms. © 2009 Elsevier Ireland Ltd. All rights reserved.";Testing assumptions of statistical learning: Is it long-term and implicit?
62;10.1016/j.obhdp.2004.12.002;Judgmental anchoring - the assimilation of a numeric estimate towards a previously considered standard - is an exceptionally ubiquitous effect that influences human judgment in a variety of domains and paradigms. Three studies examined whether anchoring effects even occur, if anchor values are presented subliminally, outside of judges' awareness. Studies 1 and 2 demonstrate such subliminal anchoring effects: judges assimilated target estimates towards the subliminally presented anchor values. Study 3 further demonstrates that subliminal anchors produced a selective increase in the accessibility of anchor-consistent target knowledge. The implications of these findings for the ubiquity of judgmental anchoring, its different underlying mechanisms, and comparative information processing are discussed. © 2005 Elsevier Inc. All rights reserved.;Subliminal anchoring: Judgmental consequences and underlying mechanisms
63;10.1016/j.paid.2009.11.029;Previous research has suggested that paranormal beliefs and experiences are associated with thinner mental boundaries and traumas during childhood. This paper examines more thoroughly the relationship between paranormal experiences, mental health and boundaries, and psi abilities. One hundred and sixty two participants completed questionnaires about paranormal experiences (AEI), mental health (MHI-17), mental boundaries (BQ-Sh), traumas during childhood (CATS) and life-changing events (LES). A controlled psi experiment was also conducted. Significant correlations were found between paranormal experiences and mental boundaries, traumas and negative life events. The overall results were non-significant for the psi task and no significant correlation was found between psychological variables and psi results. These findings suggest that mainly mental boundaries concerning unusual experiences and childlikeness are associated with paranormal experiences. They also highlight the importance of association between emotional abuse and paranormal experiences, and that paranormal experiences occur especially frequently after negative life events. © 2009 Elsevier Ltd.;Paranormal experiences, mental health and mental boundaries, and psi
64;10.1016/j.poetic.2015.07.001;"© 2015 Elsevier B.V.The purpose of this study was to investigate the effects of reading material on both social and non-social cognition. Prior research supports the hypothesis that reading fiction improves theory of mind (Kidd & Castano, 2013; Mar, Oatley, Hirsh, de la Paz, & Peterson, 2006; Mar, Oatley, & Peterson, 2009); however, little has been done to test its effects on other cognitive abilities. In this study, we tested the effect of reading literary fiction vs. non-fiction on both theory of mind and intuitive physics understanding. In line with previous research, results indicate a small but significant within-subject effect of reading material on theory of mind once other variables are controlled. Although the experimental manipulation (literary fiction vs. nonfiction) had no effect on intuitive physics understanding, we found that familiarity with fiction predicted intuitive physics ability. These results are discussed in terms of theories of fiction.";The effects of reading material on social and non-social cognition
65;10.1016/j.pscychresns.2010.11.008;Functional imaging studies had often investigated heterogeneous samples of anorexia nervosa (AN) patients with varying paradigms and methodologies that had resulted in divergent results. The present study aimed to examine these issues by studying a well-defined sample of restrictive AN patients with a disorder-specific paradigm which had been used previously. Subjects showed increased blood oxygen level dependent responses of the cingulate, frontal, insular and parietal cortices. Group comparisons demonstrated increased activity of the right amygdala in the sample of restrictive AN patients. Our results are in support of other recently published functional imaging studies and point to a pivotal role of the right amygdala in AN. Signals of the midcingulum were reduced in comparison to healthy controls. The constellation of increased activity of the amygdala and decreased activity of the cingulate cortex likely represents parts of a negative feedback loop of emotional processing. Disgust ratings correlated with the amygdala signal negatively, which points to the complex role of this structure within eating disorders. © 2010 Elsevier Ireland Ltd.;Amygdala hyperreactivity in restrictive anorexia nervosa
66;10.1016/j.schres.2010.02.453;"Background: Long-chain omega-3 fatty acids may reduce the risk of progression to psychotic disorder, and offer a safe and efficacious strategy for indicated prevention in young people with subthreshold psychotic states (Amminger et al., Arch Gen Psychiatry, in press). However, it is yet undetermined if cell membrane fatty acid levels predict therapeutic response to omega-3 supplementation in people at ultra-high risk (UHR) of psychosis.
Methods: The study sample comprised 81 UHR individuals (mean age = 16.4, SD = 2.1 years) who participated in a RCT of 1.2 g/day omega-3 fatty acids vs. placebo (ClinicalTrials.gov number, NCT00396643). Erythrocyte membrane fatty acids were determined at baseline and 12-week follow-up using gas chromatography. Baseline measures included the PANSS, the MADRS, and the GAF. Treatment response was defined as change in the GAF score between baseline and 12-week follow-up. Data were analysed using T-tests and linear regression models.
Results: 41 individuals were assigned to omega-3 and 40 to placebo. At 12 weeks, the mean (SD) changes in GAF score in the omega-3 group and in the placebo group were 13.7 (11.5) and 7.1 (13.5), respectively (p < 0.05). In the omega-3 group a significant increase in functioning was predicted by low trans-vaccenic acid at baseline (p < 0.01). This association was not observed in the placebo group. No significant associations were observed between baseline omega-3, omega-6, or omega-9 fatty acid levels and treatment response.
Discussion: The role of fatty acids and lipid metabolism should be further explored in the onset phase of schizophrenia. We have previously shown that low trans-vaccenic acid predicted transition to psychotic disorder in UHR individuals (Amminger et al., 2009). The present findings suggest that low baseline trans-vaccenic acid may be associated with clinical improvement in people treated with omega-3 fatty acids. Lipid metabolism characteristics may not only assist in targeting individuals at highest risk of progression to psychosis, but also help identifying those who may benefit more from an intervention with omega-3 fatty acids.
";WHO RESPONDS TO TREATMENT WITH OMEGA-3 FATTY ACID? FINDINGS FROM AN INDICATED PREVENTION TRIAL IN YOUNG PEOPLE AT ULTRA-HIGH RISK OF PSYCHOSIS
67;10.1016/j.system.2008.08.002;The academic literature and educational principle suggest that native and non-native English speaking teachers should be treated equally, yet in many countries there is a broad social and commercial preference for native speaker teachers which may also involve racial issues. Attitudes towards native and non-native English speaking teachers have typically been investigated through questionnaire surveys, but, since such attitudes may involve prejudices, other research methods designed to elicit implicit attitudes may be preferable. In this study, the Implicit Association Test was used to investigate the implicit attitudes of Thai students towards native and non-native English speaking teachers, and results were compared with explicit attitudes elicited through a questionnaire. The results indicate that attitudes towards native and non-native teachers are complex with an explicit preference for native speaker teachers, but no implicit preference and warmer explicit feelings towards non-native speaker teachers. The reasons for and implications of these contrasting findings are discussed. © 2008 Elsevier Ltd. All rights reserved.;Implicit attitudes towards native and non-native speaker teachers
68;10.1016/s0022-1031(03)00057-x;Although it is clear that nonconscious primes can affect behavioral decisions, the extent to which the prime-to-behavior link is mediated by intervening interpretative processes is still unknown. The present research examined the mediational role of “situational construals” by assessing the effects of cooperative versus competitive primes on participants’ construals of, and responses to, the prisoner’s dilemma. As predicted, this priming manipulation influenced participants’ construals of the game (assessed by the participants’ ratings of the appropriateness of different “names for the game” and their estimates of how random others would play), and their own expressed willingness to cooperate versus defect. Most crucially, a mediational analysis and a manipulation of the order in which these dependent variables were measured established that the prime-to-behavior link can be strengthened by an intervening task calling for explicit construal of the situation. The interplay of situational construal and implicit primes in producing deliberative behavior is discussed.;The perceptual push: The interplay of implicit cues and explicit situational construals on behavioral intentions in the Prisoner’s Dilemma
69;10.1016/s0140-6736(12)60681-3;"Background
Osteoarthritis is the most common form of arthritis worldwide and is a major cause of pain and disability in elderly people. The health economic burden of osteoarthritis is increasing commensurate with obesity prevalence and longevity. Osteoarthritis has a strong genetic component but the success of previous genetic studies has been restricted due to insufficient sample sizes and phenotype heterogeneity.
Methods
We undertook a large genome-wide association study (GWAS) in 7410 unrelated and retrospectively and prospectively selected patients with severe osteoarthritis in the arcOGEN study, 80% of whom had undergone total joint replacement, and 11 009 unrelated controls from the UK. We replicated the most promising signals in an independent set of up to 7473 cases and 42 938 controls, from studies in Iceland, Estonia, the Netherlands, and the UK. All patients and controls were of European descent.
Findings
We identified five genome-wide significant loci (binomial test p≤5·0×10−8) for association with osteoarthritis and three loci just below this threshold. The strongest association was on chromosome 3 with rs6976 (odds ratio 1·12 [95% CI 1·08–1·16]; p=7·24×10−11), which is in perfect linkage disequilibrium with rs11177. This SNP encodes a missense polymorphism within the nucleostemin-encoding gene GNL3. Levels of nucleostemin were raised in chondrocytes from patients with osteoarthritis in functional studies. Other significant loci were on chromosome 9 close to ASTN2, chromosome 6 between FILIP1 and SENP6, chromosome 12 close to KLHDC5 and PTHLH, and in another region of chromosome 12 close to CHST11. One of the signals close to genome-wide significance was within the FTO gene, which is involved in regulation of bodyweight—a strong risk factor for osteoarthritis. All risk variants were common in frequency and exerted small effects.
Interpretation
Our findings provide insight into the genetics of arthritis and identify new pathways that might be amenable to future therapeutic intervention.
";Identification of new susceptibility loci for osteoarthritis (arcOGEN): a genome-wide association study
70;10.1017/cbo9780511667268.005;This chapter will consider in more detail the first of the validity questions which Nation raises in the opening chapter: that of the individual variables each learner will bring to the testing process. Lexical knowledge, like all language knowledge, is not a directly accessible quality like a person's height or weight. In tests, therefore, we rely on the learners themselves to demonstrate their knowledge so we can assess it or measure it. In the opening chapter Nation points out that this is inherently problematic for the validity of a test and its results. If a learner is uninterested and does not try, or guesses a lot, or gives up half way through the test, then the score cannot accurately reflect the learner's true knowledge or ability. The validity of any test of this kind relies on the assumption that learners will behave reasonably, and reasonably consistently, in trying to show what knowledge they have.;Lexical profiles, learning styles and the construct validity of lexical size tests
71;10.1017/s0962728600023563;Abstract ‘Mindreading’ or theory of mind (ToM) refers to the capacity to attribute mental states to others. This ability is regarded as a critical component of what has, to date, exclusively characterized the advanced social cognition displayed by humans. The false belief task is a key test for ToM in different animal species. On a standard non-verbal false belief task, humans pass from age 4, whereas non-human primates consistently fail. Neuroanatomical and behavioural evidence for dolphins, however, indicates that they are capable of passing ToM tasks. The current paper represents a synthesis of the relevant dolphin research on neocortical evolution and non-invasive behavioural tests of precursors for ToM and the attribution of beliefs. The success of dolphins on attribution of belief tasks, in the absence of learning or cueing, indicates that they are capable of ‘mindreading’. What are the implications of animal ‘mindreading’? ToM tasks probe for reflexive consciousness and, by this criterion, dolphins may display reflexive consciousness. The implication of this conclusion is that future behavioural studies of social cognition will have considerable ethical and legal implications for animal welfare.;‘Mindreading’ Mammals? Attribution of Belief Tasks With Dolphins
72;10.1027/1864-9335/a000147;Conceptual representations of warmth have been shown to be related to people’s perceptions of ambient temperature. Based on this premise, we hypothesized that merely thinking about personality traits related to communion (but not agency) influences physical experience of warmth. Specifically, the three studies revealed that (a) perceptions of temperature are influenced by both positive and negative attributes within the communion but not agency dimension, (b) the effect is stronger when traits indicate sociability rather than morality subdimension of communion, and (c) communion activation affects temperature perceptions independently of target’s or self-perceptions.;Warmer Hearts, Warmer Rooms
73;10.1037//0022-3514.56.6.972;Four taxometric procedures were applied to the self-report responses of 1,239 Ss who completed the Jenkins Activity Survey (JAS). All 4 procedures provided clear evidence for a latent class variable. A continuous model simulation that mimicked the item characteristics of the JAS correctly rejected the presence of a latent class variable. Using an external validation procedure, I reexamined 5 previously published studies to determine if the simple Type A–B dichotomy was as predictive of outcome measures as the use of continuous JAS scores. The presence of a latent class variable predicts no gain in predictive power in moving from a simple dichotomy to continuous scores. Across 5 studies, there was a slight decrease in the size of the relation between Type A-B and outcome for the continuous JAS scores relative to the simple Type A-B dichotomy. Taken together, these results suggest that the Type A-B distinction is based on a latent typology. (PsycInfo Database Record (c) 2025 APA, all rights reserved);Evidence for the Type in Type A behavior: A taxometric analysis.
74;10.1037/0003-066x.54.6.408;The origins of sex differences in human behavior can lie mainly in evolved dispositions that differ by sex or mainly in the differing placement of women and men in the social structure. The present article contrasts these 2 origin theories of sex differences and illustrates the explanatory power of each to account for the overall differences between the mate selection preferences of men and women. Although this research area often has been interpreted as providing evidence for evolved dispositions, a reanalysis of D. M. Buss’s (1989a) study of sex differences in the attributes valued in potential mates in 37 cultures yielded cross-cultural variation that supports the social structural account of sex differences in mate preferences.;The origins of sex differences in human behavior: Evolved dispositions versus social roles.
75;10.1037/0021-9010.77.4.419;"Previous research suggests that decision makers have a tendency to become locked into courses of action—to throw good money after bad in dealing with losing projects. The present study directly compared the effectiveness of several deescalation strategies designed to make decision makers more responsive to the available evidence. Three deescalation procedures were found to be most effective: (a) making negative outcomes less threatening; (b) setting minimum target levels that, if not achieved, would lead to a change in policy; and (c) evaluating decision makers on the basis of their decision process rather than outcome. The theoretical and practical implications of each of these strategies are discussed. A long stream of empirical research has investigated the commitment of decision makers to losing courses of action. Under the rubrics of sunk cost effects (Arkes & Blumer, 1985; Garland & Newport, in press), entrapment (Brockner & Rubin, 1985), too much invested to quit (Tegar, 1980), and the escalation of commitment (Staw, 1976,1981), numerous studies have shown how individuals can become locked into failing courses of action. To date, this literature has isolated a wide variety of determinants of behavior in escalation situations, ranging from psychological to social, organizational, and project concerns not typically dealt with in the economics of investment (Staw & Ross, 1987). Much of the research in this area has focused on the determinants of escalation, and little attention has yet been given to procedures that might help people avoid the escalation trap. This is unfortunate because, just as debiasing research has helped behavioral decision theory provide policy recommendations (e.g., Fischhoff, 1982), deescalation research could potentially aid managers in avoiding the overcommitment of resources. So far, however, only the rudiments of a deescalation literature are in place. In such a stream of research, one might place Tegar's (1980) and Brockner, Shaw, and Rubin's (1979) studies showing that limit-setting can reduce escalation. Also in this group would be Nathanson et al.'s (1982) experiment showing that information about the problem of entrapment can deter individuals from initially engaging in an escalation situation. McCain's (1986) experiment showing the reduction of investment when losses are repeated and clear-cut, as well as Staw and Ross's (1987) more general discussion of possible techniques for reducing escalation are also relevant. Nonetheless,";Deescalation strategies: A comparison of techniques for reducing commitment to losing courses of action.
76;10.1037/0022-0663.91.2.358;"Students viewed a computer animation depicting the process of lightning. In Experiment 1, they concurrently viewed on-screen text presented near the animation or far from the animation, or concurrently listened to a narration. In Experiment 2, they concurrently viewed on-screen text or listened to a narration, viewed on-screen text following or preceding the animation, or listened to a narration following or preceding the animation. Learning was measured by retention, transfer, and matching tests. Experiment 1 revealed a spatial-contiguity effect in which students learned better when visual and verbal materials were physically close. Both experiments revealed a modality effect in which students learned better when verbal input was presented auditorily as speech rather than visually as text. The results support 2 cognitive principles of multimedia learning. Technological advances have made possible the combina-tion and coordination of verbal presentation modes (such as narration and on-screen text) with nonverbal presentation modes (such as graphics, video, animations, and environmen-tal sounds) in just one device (the computer). These ad-vances include multimedia environments, where students can be introduced to causal models of complex systems by the use of computer-generated animations (Park &amp;amp; Hopkins, 1993). However, despite its power to facilitate learning, multimedia has been develo~ed on the basis of its technologi-.d cal capacity, and rarely is it used according to research-based principles (Kozma, 1991; Mayer, in press; Moore, Burton, &amp;amp; Myers, 1996). Instructional design of multimedia is still mostly based on the intuitive beliefs of designers rather than on empirical evidence (Park &amp;amp; Hannafin, 1994). The purpose of the present study is to contribute to multi-media learning theory by clarifying and testing two cogni-tive principles: the contiguity principle and the modality principle.";Cognitive principles of multimedia learning: The role of modality and contiguity.
77;10.1037/0022-0663.93.2.390;In 2 experiments, students received 2 presentations of a narrated animation that explained how lightning forms followed by retention and transfer tests. In Experiment 1, learners who were allowed to exercise control over the pace of the narrated animation before a second presentation of the same material at normal speed (part-whole presentation) performed better on transfer but not retention tests compared with learners who received the same 2 presentations in the reverse order (whole-part presentation). In Experiment 2, learners who were allowed to exercise control over the pace of the narrated animation across 2 presentations (part-part presentation) performed better on transfer but not retention tests compared with learners who received the same 2 presentations at normal speed without any learner control (whole-whole presentation). These results are consistent with cognitive load theory and a 2-stage theory of mental model construction.;When learning is just a click away: Does simple user interaction foster deeper understanding of multimedia messages?
78;10.1037/0022-3514.37.10.1660;"Many personality trait terms can be thought of as summary labels for broad conceptual categories that are used to encode information about an individual&amp;apos;s behavior into memory. The likelihood that a behavior is encoded in terms of a particular trait category is postulated to be a function of the relative accessibility";The role of category accessibility in the interpretation of information about persons: Some determinants and implications.
79;10.1037/0022-3514.46.4.778;Examined the effects of TV news accessibility, relevance, and expertise on presidential evaluations in 2 experiments. In each, Ss viewed TV news programs in which the amount of attention given to various national problems was manipulated. In Exp I, 73 undergraduates were divided among 3 conditions defined by level of exposure to stories about energy. Ss viewed 40 mins of news taken from 1979-1980 newscasts before answering questions about President Carter's performance, competence, and integrity. In Exp II, 140 Ss from the community watched newscasts that varied with regard to exposure level to particular national problems. After rating Carter's performance, Ss also completed a political expertise questionnaire. Results show that by drawing attention to certain national problems while ignoring others, TV news programs can define the standards by which presidents are evaluated. As predicted, this effect was greater for evaluations of general performance than for judgments of his competence and integrity, and it was more pronounced among novices than among experts. (25 ref) (PsycINFO Database Record (c) 2006 APA, all rights reserved). © 1984 American Psychological Association.;The evening news and presidential evaluations.
80;10.1037/0022-3514.71.2.230;Previous research has shown that trait concepts and stereotypes become active automatically in the presence of relevant behavior or stereotyped-group features. Through the use of the same priming procedures as in previous impression formation research, Experiment 1 showed that participants whose concept of rudeness was primed interrupted the experimenter more quickly and frequently than did participants primed with polite-related stimuli. In Experiment 2, participants for whom an elderly stereotype was primed walked more slowly down the hallway when leaving the experiment than did control participants, consistent with the content of that stereotype. In Experiment 3, participants for whom the African American stereotype was primed subliminally reacted with more hostility to a vexatious request of the experimenter. Implications of this automatic behavior priming effect for self-fulfilling prophecies are discussed, as is whether social behavior is necessarily mediated by conscious choice processes.;Automaticity of social behavior: Direct effects of trait construct and stereotype activation on action.
81;10.1037/0022-3514.74.4.865;The authors tested and confirmed the hypothesis that priming a stereotype or trait leads to complex overt behavior in line with this activated stereotype or trait. Specifically, 4 experiments established that priming the stereotype of professors or the trait intelligent enhanced participants' performance on a scale measuring general knowledge. Also, priming the stereotype of soccer hooligans or the trait stupid reduced participants' performance on a general knowledge scale. Results of the experiments revealed (a) that prolonged priming leads to more pronounced behavioral effects and (b) that there is no sign of decay of the effects for at least 15 min. The authors explain their results by claiming that perception has a direct and pervasive impact on overt behavior (cf. J. A. Bargh, M. Chen, & L. Burrows, 1996). Implications for human social behavior are discussed. Copyright 1998 by the American Psychological Association, Inc.;The relation between perception and behavior, or how to win a game of Trivial Pursuit.
82;10.1037/0022-3514.78.6.1038;Five studies examine the role that category and exemplar knowledge play in the mediation of anchoring effects - the assimilation of an absolute estimate to a previously considered standard. Studies 1 through 3 demonstrate that comparing the target object with a plausible anchor (i.e., a standard that constitutes a possible value for the target) leads to a selective increase in the accessibility of anchor-consistent exemplar knowledge about the target. This easily accessible knowledge is then used to generate the absolute estimate, which leads to its assimilation to the standard. Studies 4 and 5 demonstrate that comparing the target with an implausible anchor, however, involves the activation of knowledge about the general category of the target, rather than exemplar knowledge about the target itself.;The use of category and exemplar knowledge in the solution of anchoring tasks.
83;10.1037/0022-3514.81.6.1014;It is proposed that goals can be activated outside of awareness and then operate nonconsciously to guide self-regulation effectively (J. A. Bargh, 1990). Five experiments are reported in which the goal either to perform well or to cooperate was activated, without the awareness of participants, through a priming manipulation. In Experiment 1 priming of the goal to perform well caused participants to perform comparatively better on an intellectual task. In Experiment 2 priming of the goal to cooperate caused participants to replenish a commonly held resource more readily. Experiment 3 used a dissociation paradigm to rule out perceptual-construal alternative explanations. Experiments 4 and 5 demonstrated that action guided by nonconsciously activated goals manifests two classic content-free features of the pursuit of consciously held goals. Nonconsciously activated goals effectively guide action, enabling adaptation to ongoing situational demands.;The automated will: Nonconscious activation and pursuit of behavioral goals.
84;10.1037/0022-3514.82.6.956;"This work complements existing research regarding the forgiveness process by highlighting the role of commitment in motivating forgiveness. On the basis of an interdependence-theoretic analysis, the authors suggest that (a) victims' self-oriented reactions to betrayal are antithetical to forgiveness, favoring impulses such as grudge and vengeance, and (b) forgiveness rests on prorelationship motivation, one cause of which is strong commitment. A priming experiment, a cross-sectional survey study, and an interaction record study revealed evidence of associations (or causal effects) of commitment with forgiveness. The commitment-forgiveness association appeared to rest on intent to persist rather than long-term orientation or psychological attachment. In addition, the commitment-forgiveness association was mediated by cognitive interpretations of betrayal incidents; evidence for mediation by emotional reactions was inconsistent.";Dealing with betrayal in close relationships: Does commitment promote forgiveness?
85;10.1037/0022-3514.91.6.995;There is considerable controversy about how to conceptualize implicit and explicit attitudes, reflecting substantial speculation about the mechanisms involved in implicit and explicit attitude formation and change. To investigate this issue, the current work examines the processes by which new attitudes are formed and changed and how these attitudes predict behavior. Five experiments support a systems of reasoning approach to implicit and explicit attitude change. Specifically, explicit attitudes were shaped in a manner consistent with fast-changing processes, were affected by explicit processing goals, and uniquely predicted more deliberate behavioral intentions. Conversely, implicit attitudes reflected an associative system characterized by a slower process of repeated pairings between an attitude object and related evaluations, were unaffected by explicit processing goals, uniquely predicted spontaneous behaviors, and were exclusively affected by associative information about the attitude object that was not available for higher order cognition.;Understanding implicit and explicit attitude change: A systems of reasoning analysis.
86;10.1037/0022-3514.94.1.1;The action-based model of dissonance predicts that following decisional commitment, approach-oriented motivational processes occur to assist in translating the decision into effective and unconflicted behavior. Therefore, the modulation of these approach-oriented processes should affect the degree to which individuals change their attitudes to be more consistent with the decisional commitment (spreading of alternatives). Experiment 1 demonstrated that a neurofeedback-induced decrease in relative left frontal cortical activation, which has been implicated in approach motivational processes, caused a reduction in spreading of alternatives. Experiment 2 manipulated an action-oriented mindset following a decision and demonstrated that the action-oriented mindset caused increased activation in the left frontal cortical region as well as increased spreading of alternatives. Discussion focuses on how this integration of neuroscience and dissonance theory benefits both parent literatures.;Left frontal cortical activation and spreading of alternatives: Tests of the action-based model of dissonance.
87;10.1037/0022-3514.94.1.158;"The experience of mixed emotions increases with age. Socioemotional selectivity theory suggests that mixed emotions are associated with shifting time horizons. Theoretically, perceived constraints on future time increase appreciation for life, which, in turn, elicits positive emotions such as happiness. Yet, the very same temporal constraints heighten awareness that these positive experiences come to an end, thus yielding mixed emotional states. In 2 studies, the authors examined the link between the awareness of anticipated endings and mixed emotional experience. In Study 1, participants repeatedly imagined being in a meaningful location. Participants in the experimental condition imagined being in the meaningful location for the final time. Only participants who imagined ""last times"" at meaningful locations experienced more mixed emotions. In Study 2, college seniors reported their emotions on graduation day. Mixed emotions were higher when participants were reminded of the ending that they were experiencing. Findings suggest that poignancy is an emotional experience associated with meaningful endings.";Poignancy: Mixed emotional experience in the face of meaningful endings.
88;10.1037/0022-3514.94.1.48;Phenomena that vary over time can often be represented as a complex waveform. Fourier analysis decomposes this complex wave into a set of sinusoidal component waves. In some phenomena, the amplitude of these waves varies in inverse relation to frequency. This pattern has been called 1/f noise and, unlike white noise, it reflects nonrandom variation. Latencies in simple computer tasks typically reveal 1/f noise, but the magnitude of the noise decreases as tasks become more challenging. The current work hypothesizes a correspondence between 1/f noise and effort, leading to the prediction that increasing effort will reduce 1/f noise. In 2 studies, the author examined the relationship between an individual's attempts to avoid bias (measured in Study 1, manipulated in Study 2) and 1/f noise in implicit measures of stereotyping and prejudice. In each study, participants who made an effort to modulate the use of racial information showed less 1/f noise than did participants who made less effort. The potential value of this analytic approach to social psychology is discussed.;1/f noise and effort on implicit measures of bias.
89;10.1037/0022-3514.94.1.91;"Four studies investigate the role that stereotype threat plays in producing racial distancing behavior in an anticipated conversation paradigm. It was hypothesized that the threat of appearing racist may have the ironic effect of causing Whites to distance themselves from Black conversation partners. In Study 1, participants distanced themselves more from Black partners under conditions of threat, and this distance correlated with the activation of a ""White racist"" stereotype. In Study 2, it was demonstrated that Whites' interracial distancing behavior was not predicted by explicit or implicit prejudice. Study 3 provides evidence that conceiving of interracial interactions as opportunities to learn may attenuate the negative consequences of threat for Whites. Study 4 found that Whites have conscious access to their experience of stereotype threat and that this awareness may mediate the relationship between threat and distance. These results are discussed within a broader discourse of racial distancing and the possibility that certain identity threats may be as important as prejudice in determining the outcomes of interracial interactions.";The space between us: Stereotype threat and distance in interracial contexts.
90;10.1037/0022-3514.94.2.183;Two factors increase the motivation to adhere to a goal: goal commitment and lack of goal progress. When people ask about commitment, focusing on what they have accomplished (to date) signals to them high commitment and increases motivation. Conversely, when commitment is certain and people ask about goal progress, focusing on what they have yet to accomplish (to go) signals to them lack of progress and increases motivation. Accordingly, 4 studies show that emphasizing to-date information increases goal adherence when commitment is uncertain--that is, when participants study for a relatively unimportant exam, consume luxuries, fulfill a desire, and make first-time contributions to a charity. Conversely, emphasizing to-go information increases goal adherence when commitment is certain--that is, when participants study for an important exam, consume necessities, fulfill a need, and make repeated contributions to a charity.;Dynamics of self-regulation: How (un)accomplished goal actions affect motivation.
91;10.1037/0022-3514.94.2.94.2.196;Past research showed that considering a persuasive message in light of important rather than unimportant values creates attitudes that resist later attack. The traditional explanation is that the attitudes come to express the value or that a cognitive link between the value and attitude enhances resistance. However, the current research showed that another explanation is plausible. Similar to other sources of involvement, considering important rather than unimportant values increases processing of the message considered in light of those values. This occurs when the values are identified as normatively high or low in importance and when the perceived importance differs across participants for the same values. The increase in processing creates resistance to later attacks, and unlike past research, individual-level measures of initial amount of processing mediate value importance effects on later resistance to change. Important values motivate processing because they increase personal involvement with the issue, rather than creating attitudes that represent or express core values.;Opening the mind to close it: Considering a message in light of important values increases message processing and later resistance to change.
92;10.1037/0022-3514.94.3.382;In the present research, the authors investigated the impact of self-regulation resources on confirmatory information processing, that is, the tendency of individuals to systematically prefer standpoint-consistent information to standpoint-inconsistent information in information evaluation and search. In 4 studies with political and economic decision-making scenarios, it was consistently found that individuals with depleted self-regulation resources exhibited a stronger tendency for confirmatory information processing than did individuals with nondepleted self-regulation resources. Alternative explanations based on processes of ego threat, cognitive load, and mood were ruled out. Mediational analyses suggested that individuals with depleted self-regulation resources experienced increased levels of commitment to their own standpoint, which resulted in increased confirmatory information processing. In sum, the impact of ego depletion on confirmatory information search seems to be more motivational than cognitive in nature.;Self-regulation and selective exposure: The impact of depleted self-regulation resources on confirmatory information processing.
93;10.1037/0022-3514.94.3.396;The authors investigated whether an implemental mind-set fosters stronger attitudes. Participants who made a decision about how to act (vs. those who held off) expressed a more extreme attitude toward an issue unrelated to the decision (Experiment 1). Participants who planned the implementation of a decision (vs. deliberated vs. control) exhibited less ambivalent (Experiment 2) and more accessible (Experiment 3) attitudes toward various objects unrelated to the decision. Moreover, an attitude reported by planning participants better predicted self-reported behavior 1 week later (Experiment 4). Finally, results suggest that the effect of an implemental mind-set on attitude strength toward unrelated objects is driven by a focus on information that supports an already-made decision (Experiment 5). Implications for attitudes, goals, and mind-sets are discussed.;The effects of an implemental mind-set on attitude strength.
94;10.1037/0022-3514.94.3.429;A model of risk regulation is proposed to explain how low and high self-esteem people balance the tension between self-protection and connectedness goals in romantic relationships. This model assumes that interpersonal risk automatically activates connectedness and self-protection goals. The activation of these competing goals then triggers an executive control system that resolves this goal conflict. One correlational study and 8 experiments manipulating risk, goal strength, and executive strength and then measuring implicit and explicit goal activation and execution strongly supported the model. For people high in self-esteem, risk triggers a control system that directs them toward the situations of dependence within their relationship that can fulfill connectedness goals. For people low in self-esteem, however, the activation of connectedness goals triggers a control system that prioritizes self-protection goals and directs them away from situations where they need to trust or depend on their partner.;Balancing connectedness and self-protection goals in close relationships: A levels-of-processing perspective on risk regulation.
95;10.1037/0022-3514.94.3.495;People are more forgiving toward transgressors if they see themselves as capable of committing similar offenses, as demonstrated in 7 studies. Methods included hypothetical scenarios, actual recalled offenses, individual and group processes, and correlational and experimental designs. Three factors mediated the link between personal capability and forgiveness: seeing the other's offense as less severe, greater empathic understanding, and perceiving oneself as similar to the transgressor. In terms of predicting forgiveness, it was important that people's own offenses were similar to the target offense in terms of both severity and type. The personal capability effect was independent of other established predictors of forgiveness and was more pronounced among men than women.;Not so innocent: Does seeing one's own capability for wrongdoing predict forgiveness?
96;10.1037/0022-3514.94.3.545;Low-prejudice people vary considerably in their ability to regulate intergroup responses. The authors hypothesized that this variability arises from a neural mechanism for monitoring conflict between automatic race-biased tendencies and egalitarian intentions. In Study 1, they found that low-prejudice participants whose nonprejudiced responses are motivated by internal (but not external) factors exhibited better control on a stereotype-inhibition task than did participants motivated by a combination of internal and external factors. This difference was associated with greater conflict-monitoring activity, measured by event-related potentials, when responses required stereotype inhibition. Study 2 demonstrated that group differences were specific to response control in the domain of prejudice. Results indicate that conflict monitoring, a preconscious component of response control, accounts for variability in intergroup bias among low-prejudice participants.;"""Individual differences in the regulation of intergroup bias: The role of conflict monitoring and neural signals for control"": Correction to Amodio et al. (2008)."
97;10.1037/0022-3514.94.4.560;In five studies, the authors examined the effects on cognitive performance of coherence and incoherence between conceptual and experiential sources of affective information. The studies crossed the priming of happy and sad concepts with affective experiences. In different experiments, these included approach or avoidance actions, happy or sad feelings, and happy or sad expressive behaviors. In all studies, coherence between affective concepts and affective experiences led to better recall of a story than did affective incoherence. The authors suggest that the experience of such experiential affective cues serves as evidence of the appropriateness of affective concepts that come to mind. The results suggest that affective coherence has epistemic benefits and that incoherence is costly in terms of cognitive performance.;Affective incoherence: When affective concepts and embodied reactions clash.
98;10.1037/0022-3514.94.4.579;The authors propose a global/local processing style model (GLOMO) for assimilation and contrast effects in social judgment. GLOMO is based on Schwarz and Bless' (1992, 2007) inclusion-exclusion model, which suggests that when information is included into a category, assimilation occurs, whereas when information is excluded from a category, contrast occurs. According to GLOMO, inclusion versus exclusion should be influenced by whether people process information globally or locally. In 5 experiments, using both disambiguation and social comparison, the authors induced local versus global processing through perceptual tasks and time perspective and showed that global processing produced assimilation, whereas local processing produced contrast. The experiments showed that processing styles elicited in one task can carry over to other tasks and influence social judgments. Furthermore, they found that hemisphere activation and accessibility of judgment-consistent knowledge partially mediated these effects. Implications for current and classic models of social judgment are discussed.;The effect of global versus local processing styles on assimilation versus contrast in social judgment.
99;10.1037/0022-3514.94.4.615;This research demonstrates that people at risk of devaluation based on group membership are attuned to cues that signal social identity contingencies--judgments, stereotypes, opportunities, restrictions, and treatments that are tied to one's social identity in a given setting. In 3 experiments, African American professionals were attuned to minority representation and diversity philosophy cues when they were presented as a part of workplace settings. Low minority representation cues coupled with colorblindness (as opposed to valuing diversity) led African American professionals to perceive threatening identity contingencies and to distrust the setting (Experiment 1). The authors then verified that the mechanism mediating the effect of setting cues on trust was identity contingent evaluations (Experiments 2 & 3). The power of social identity contingencies as they relate to underrepresented groups in mainstream institutions is discussed.;Social identity contingencies: How diversity cues signal threat or safety for African Americans in mainstream institutions.
100;10.1037/0022-3514.94.4.672;"In 7 different studies, the authors observed that a large number of thinking biases are uncorrelated with cognitive ability. These thinking biases include some of the most classic and well-studied biases in the heuristics and biases literature, including the conjunction effect, framing effects, anchoring effects, outcome bias, base-rate neglect, ""less is more"" effects, affect biases, omission bias, myside bias, sunk-cost effect, and certainty effects that violate the axioms of expected utility theory. In a further experiment, the authors nonetheless showed that cognitive ability does correlate with the tendency to avoid some rational thinking biases, specifically the tendency to display denominator neglect, probability matching rather than maximizing, belief bias, and matching bias on the 4-card selection task. The authors present a framework for predicting when cognitive ability will and will not correlate with a rational thinking tendency.";On the relative independence of thinking biases and cognitive ability.
101;10.1037/0022-3514.94.4.696;Six studies examined the role of young adults' parental attachment in terror management. Studies 1-3 revealed that activating thoughts of one's parent in response to mortality salience (MS) reduced death-thought accessibility and worldview defense and increased feelings of self-worth. Studies 4-5 demonstrated that MS led to greater ease of recalling positive maternal interactions and greater difficulty recalling negative interactions, and increased attraction to a stranger who was described as being similar to one's parent. If reliance on parents for terror management purposes reflects the operation of attachment mechanisms, then such effects should vary on the basis of an individual's attachment style. Study 6 demonstrated that, after MS, insecure individuals were more likely to rely on relationships with their parents, whereas secure individuals were more likely to rely on relationships with romantic partners.;Terror management and adults' attachment to their parents: The safe haven remains.
102;10.1037/0022-3514.95.1.18;"The authors propose that the high levels of support often observed for governmental and religious systems can be explained, in part, as a means of coping with the threat posed by chronically or situationally fluctuating levels of perceived personal control. Three experiments demonstrated a causal relation between lowered perceptions of personal control and the defense of external systems, including increased beliefs in the existence of a controlling God (Studies 1 and 2) and defense of the overarching socio-political system (Study 4). A 4th experiment (Study 5) showed the converse to be true: A challenge to the usefulness of external systems of control led to increased illusory perceptions of personal control. In addition, a cross-national data set demonstrated that lower levels of personal control are associated with higher support for governmental control (across 67 nations; Study 3). Each study identified theoretically consistent moderators and mediators of these effects. The implications of these results for understanding why a high percentage of the population believes in the existence of God, and why people so often endorse and justify their socio-political systems, are discussed.";God and the government: Testing a compensatory control mechanism for the support of external systems.
103;10.1037/0022-3514.95.1.76;Four studies document the rejection of moral rebels. In Study 1, participants who made a counterattitudinal speech disliked a person who refused on principle to do so, but uninvolved observers preferred this rebel to an obedient other. In Study 2, participants taking part in a racist task disliked a rebel who refused to go along, but mere observers did not. This rejection was mediated by the perception that rebels would reject obedient participants (Study 3), but did not occur when participants described an important trait or value beforehand (Study 4). Together, these studies suggest that rebels are resented when their implicit reproach threatens the positive self-image of individuals who did not rebel.;The rejection of moral rebels: Resenting those who do the right thing.
104;10.1037/0022-3514.95.2.420;The authors present a model positing that when people are insecure about a relationship partner's acceptance, they often express emotional vulnerabilities to the partner, which causes them to believe the partner views them as highly vulnerable and insecure. In turn, this belief causes them to doubt the authenticity of the partner's expressions of positive regard, which may perpetuate the experience and expression of insecurity that initiated the process. Prototypes of interactions with interpersonally vulnerable individuals included partners' inauthentic expressions of regard (Study 1). Suggesting that these prototypes are applied to personal relationships when vulnerabilities are expressed, those who claimed to have expressed vulnerabilities doubted the partner's authenticity because they believed that they were viewed as vulnerable (Studies 2A, 2B, and 4). Authenticity doubts in turn predicted perceptions of rejection (Studies 3 and 4), which in turn predicted partner derogation and subsequent expressions of vulnerability (Study 4). An experimental manipulation of reflected appraisals of vulnerability increased doubts about the authenticity of a new acquaintance's expressions of emotion (Study 5). Relational insecurity may be perpetuated via the intrapersonal cognitive consequences of expressing it.;"""Walking on eggshells"": How expressing relationship insecurities perpetuates them."
105;10.1037/0096-3445.122.3.331;This article explores the relationship between depression and category learning. We predicted that depression would impair categorization performance on criteria-attribute tasks, which require systematic hypothesis testing, but not on family-resemblance tasks, which allow processing strategies that are likely preserved in depression. These predictions were confirmed in 2 experiments using different stimuli, tasks, and S populations. We discuss some implications of the empirical connections among depression, the use of less sophisticated cognitive strategies, and category learning.;Depression and category learning.
106;10.1037/0096-3445.130.3.427;"The present research investigated the need to distinguish humans from animals and tested the hypothesis derived from terror management theory that this need stems in part from existential mortality concerns. Specifically, the authors suggest that being an animal is threatening because it reminds people of their vulnerability to death; therefore, reminding people of their mortality was hypothesized to increase the need to distance from animals. In support, Study 1 revealed that reminders of death led to an increased emotional reaction of disgust to body products and animals. Study 2 showed that compared to a control condition, mortality salience led to greater preference for an essay describing people as distinct from animals; and within the mortality salient condition but not the control condition, the essay emphasizing differences from other animals was preferred to the essay emphasizing similarities. The implications of these results for understanding why humans are so invested in beautifying their bodies and denying creaturely aspects of themselves are discussed.";I am not an animal: Mortality salience, disgust, and the denial of human creatureliness.
107;10.1037/0096-3445.135.4.641;Conceptualizing probability as psychological distance, the authors draw on construal level theory (Y. Trope & N. Liberman, 2003) to propose that decreasing an event's probability leads individuals to represent the event by its central, abstract, general features (high-level construal) rather than by its peripheral, concrete, specific features (low-level construal). Results indicated that when reported probabilities of events were low rather than high, participants were more broad (Study 1) and inclusive (Study 2) in their categorization of objects, increased their preference for general rather than specific activity descriptions (Study 3), segmented ongoing behavior into fewer units (Study 4), were more successful at abstracting visual information (Study 5), and were less successful at identifying details missing within a coherent visual whole (Study 6). Further, after exposure to low-probability as opposed to high-probability phrases, participants increasingly preferred to identify actions in ends-related rather than means-related terms (Study 7). Implications for probability assessment and choice under uncertainty are discussed.;Seeing the forest when entry is unlikely: Probability and the mental representation of events.
108;10.1037/0096-3445.136.4.569;Humans appear to reason using two processing styles: System 1 processes that are quick, intuitive, and effortless and System 2 processes that are slow, analytical, and deliberate that occasionally correct the output of System 1. Four experiments suggest that System 2 processes are activated by metacognitive experiences of difficulty or disfluency during the process of reasoning. Incidental experiences of difficulty or disfluency--receiving information in a degraded font (Experiments 1 and 4), in difficult-to-read lettering (Experiment 2), or while furrowing one's brow (Experiment 3)--reduced the impact of heuristics and defaults in judgment (Experiments 1 and 3), reduced reliance on peripheral cues in persuasion (Experiment 2), and improved syllogistic reasoning (Experiment 4). Metacognitive experiences of difficulty or disfluency appear to serve as an alarm that activates analytic forms of reasoning that assess and sometimes correct the output of more intuitive forms of reasoning.;Overcoming intuition: Metacognitive difficulty activates analytic reasoning.
109;10.1037/0278-7393.21.4.1008;Performance on a test of serial memory for the spatial position of a sequence of dots showed similarities to typical results from the serial recall of verbal material: a marked increase in error with increasing list length, a modest rise in error as retention interval increased, and bow-shaped serial position curves. This task was susceptible to interference from both a spatial task (rote tapping) and a verbal task (mouthed articulatory suppression) and also from the presence of irrelevant speech. Effects were comparable to those found with a serial verbal task that was generally similar in demand characteristics to the spatial task. As a generalization, disruption of the serial recall of visuospatial material was more marked if the interference conditions involved a changing sequence of actions or materials, but not if a single event (tap, mouthed utterance, or sound) was repeated.;Functional equivalence of verbal and spatial information in serial short-term memory.
110;10.1037/0278-7393.34.1.146;"Repetition blindness (RB) for nonwords has been found in some studies, but not in others. The authors propose that the discrepancy in results is fueled by participant strategy; specifically, when rapid serial visual presentation lists are short and participants are explicitly informed that some trials will contain repetitions, participants are able to use partial orthographic information to correctly guess repetitions on repetition trials while avoiding spurious repetition reports on control trials. The authors first replicated V. Coltheart and R. Langdon's (2003) finding of RB for words but repetition advantage for nonwords (Experiment 1). When all participants were encouraged to utilize partial information in a same/different matching task along with an identification task, a repetition advantage was observed for both words and nonwords (Experiment 2). When guessing of repetitions was made detectable by including non-identical but orthographically similar items in the experiments, the repetition advantage disappeared; instead, RB was found for both words and nonwords (Experiments 3 and 4). Finally, when experiments did not contain any identical items, participants almost never reported repetitions, and reliable RB was found for orthographically similar words and nonwords (Experiments 5 and 6).";Now you see it, now you don't: Repetition blindness for nonwords.
111;10.1037/0278-7393.34.1.167;A sequential risk-taking paradigm used to identify real-world risk takers invokes both learning and decision processes. This article expands the paradigm to a larger class of tasks with different stochastic environments and different learning requirements. Generalizing a Bayesian sequential risk-taking model to the larger set of tasks clarifies the roles of learning and decision making during sequential risky choice. Results show that respondents adapt their learning processes and associated mental representations of the task to the stochastic environment. Furthermore, their Bayesian learning processes are shown to interfere with the paradigm's identification of risky drug use, whereas the decision-making process facilitates its diagnosticity. Theoretical implications of the results in terms of both understanding risk-taking behavior and improving risk-taking assessment methods are discussed.;Decision making and learning while taking sequential risks.
112;10.1037/0278-7393.34.1.219;Many models of immediate memory predict the presence or absence of various effects, but none have been tested to see whether they predict an appropriate distribution of effect sizes. The authors show that the feature model (J. S. Nairne, 1990) produces appropriate distributions of effect sizes for both the phonological confusion effect and the word-length effect. The model produces the appropriate number of reversals, when participants are more accurate with similar items or long items, and also correctly predicts that participants performing less well overall demonstrate smaller and less reliable phonological similarity and word-length effects and are more likely to show reversals. These patterns appear within the model without the need to assume a change in encoding or rehearsal strategy or the deployment of a different storage buffer. The implications of these results and the wider applicability of the distributionmodeling approach are discussed.;Modeling distributions of immediate memory effects: No strategies needed?
113;10.1037/0278-7393.34.1.230;Research on retrieval-induced forgetting has demonstrated that retrieving some information from mem-ory can cause the forgetting of other information in memory. Here, the authors report research on the relearning of items that have been subjected to retrieval-induced forgetting. Participants studied a list of category–exemplar pairs, underwent a series of retrieval-practice and relearning trials, and, finally, were tested on the initially studied pairs. The final recall of non-relearned items exhibited a cumulative effect of retrieval-induced forgetting such that the size of the effect increased with each block of retrieval practice. Of most interest, and very surprising from a common-sense standpoint, items that were relearned benefited more from that relearning if they had previously been forgotten. The results offer insights into the nature and durability of retrieval-induced forgetting and provide additional evidence that forgetting is an enabler—rather than a disabler—of future learning.;Accelerated relearning after retrieval-induced forgetting: The benefit of being forgotten.
114;10.1037/0278-7393.34.1.237;"A robust finding in humans and animals is that intermixed exposure to 2 similar stimuli (AX/BX) results in better discriminability of those stimuli on test than does exposure to 2 equally similar stimuli in 2 separate blocks (CX_DX)--the intermixed-blocked effect. This intermixed-blocked effect may be an example of the superiority of spaced over massed practice; in the intermixed, but not the blocked exposure regime, each presentation of a given stimulus (e.g., AX) is separated from the next by the presentation of its partner (BX). Two experiments with human participants replicated the intermixed-blocked effect and showed that the effect was not due to the spacing of exposure trials. A mechanism for the intermixed-blocked effect is proposed, which combines theories from associative learning and memory.";The intermixed-blocked effect in human perceptual learning is not the consequence of trial spacing.
115;10.1037/0278-7393.34.1.243;Typically, the phonological similarity between to-be-recalled items and TBI auditory stimuli has no impact if recall in serial order is required. However, in the present study, the authors have shown that the free recall, but not serial recall, of lists of phonologically related to-be-remembered items was disrupted by an irrelevant sound stream (end rhymes) sharing similar phonological content. These findings can be explained by the notion that between-sequence phonological similarity effects emerge when category-cueing processes become an important determinant for recall, such as when shared category information can be used as a retrieval aid to cue list items or plausible list candidates. In this case, the presence of categorically similar irrelevant items impairs the retrieval of list items and leads to intrusion error. Implications of these results for theories of auditory distraction are discussed.;When does between-sequence phonological similarity promote irrelevant sound disruption?
116;10.1037/0278-7393.34.1.249;In 2 experiments participants named pictures of common objects with superimposed distractor words. In one naming condition, the pictures and words were presented simultaneously on every trial, and participants produced the target response immediately. In the other naming condition, the presentation of the picture preceded the presentation of the distractor by 1,000 ms, and participants delayed production of their naming response until distractor word presentation. Within each naming condition, the distractor words were either semantic category coordinates of the target pictures or unrelated. Orthogonal to this manipulation of semantic relatedness, the frequency of the pictures' names was manipulated. The authors observed semantic interference effects in both the immediate and delayed naming conditions but a frequency effect only in the immediate naming condition. These data indicate that semantic interference can be observed when target picture naming latencies do not reflect the bottleneck at the level of lexical selection. In the context of other findings from the picture-word interference paradigm, the authors interpret these data as supporting the view that the semantic interference effect arises at a postlexical level of processing.;Semantic interference in a delayed naming task: Evidence for the response exclusion hypothesis.
117;10.1037/0278-7393.34.2.302;It has been claimed that bilingualism enhances inhibitory control, but the available evidence is equivocal. The authors evaluated several possible versions of the inhibition hypothesis by comparing monolinguals and bilinguals with regard to stop signal performance, inhibition of return, and the attentional blink. These three phenomena, it can be argued, tap into different aspects of inhibition. Monolinguals and bilinguals did not differ in stop signal reaction time and thus were comparable in terms of active-inhibitory efficiency. However, bilinguals showed no facilitation from spatial cues, showed a strong inhibition of return effect, and exhibited a more pronounced attentional blink. These results suggest that bilinguals do not differ from monolinguals in terms of active inhibition but have acquired a better ability to maintain action goals and to use them to bias goal-related information. Under some circumstances, this ability may indirectly lead to more pronounced reactive inhibition of irrelevant information.;How does bilingualism improve executive control? A comparison of active and reactive inhibition mechanisms.
118;10.1037/0278-7393.34.2.353;The flow of activation from concepts to phonological forms within the word production system was examined in 3 experiments. In Experiment 1, participants named pictures while ignoring superimposed distractor pictures that were semantically related, phonologically related, or unrelated. Eye movements and naming latencies were recorded. The distractor pictures affected the latencies of gaze shifting and vocal naming. The magnitude of the phonological effects increased linearly with latency, excluding lapses of attention as the cause of the effects. In Experiment 2, no distractor effects were obtained when both pictures were named. When pictures with superimposed distractor words were named or the words were read in Experiment 3, the words influenced the latencies of gaze shifting and picture naming, but the pictures yielded no such latency effects in word reading. The picture-word asymmetry was obtained even with equivalent reading and naming latencies. The picture-picture effects suggest that activation spreads continuously from concepts to phonological forms, whereas the picture-word asymmetry indicates that the amount of activation is limited and task dependent.;Tracing attention and the activation flow in spoken word planning using eye movements.
119;10.1037/0278-7393.34.2.408;"Three experiments evaluated whether the magnitude of the list-method directed forgetting effect is strength dependent. Throughout these studies, items were strengthened via operations thought to increase context strength (spaced presentations) or manipulations thought to increment the item strength without affecting the context strength (processing time and processing depth). The assumptions regarding which operations enhance item and context strength were based on the ""one-shot"" hypothesis of context storage (K. J. Malmberg & R. M. Shiffrin, 2005). The results revealed greater directed forgetting of strong items compared with weak items, but only when strength was varied via spaced presentations (Experiment 3). Equivalent directed forgetting was observed for strong and weak items when strengthening operations increased item strength without affecting the context strength (Experiments 1 and 2). These results supported the context hypothesis of directed forgetting (L. Sahakyan & C. M. Kelley, 2002).";"Intentional forgetting is easier after two ""shots"" than one."
120;10.1037/0278-7393.34.3.439;Three experiments with short-term recognition tasks are reported. In Experiments 1 and 2, participants decided whether a probe matched a list item specified by its spatial location. Items presented at study in a different location (intrusion probes) had to be rejected. Serial position curves of positive, new, and intrusion probes over the probed location's position were mostly parallel. Serial position curves of intrusion probes over their position of origin were again parallel to those of positive probes. Experiment 3 showed largely parallel serial position effects for positive probes and for intrusion probes plotted over positions in a relevant and an irrelevant list, respectively. The results support a dual-process theory in which recognition is based on familiarity and recollection, and recollection uses 2 retrieval routes, from context to item and from item to context.;How to say no: Single- and dual-process theories of short-term recognition tested on negative probes.
121;10.1037/0278-7393.34.3.460;"When expectations and stereotypes are activated at retrieval, they spontaneously create distorted and illusory recollections that are consistent with these expectations. Participants studied doctor (physician)-related and lawyer-related statements that were presented by 2 different people. When informed, on a subsequent source memory test, (i.e., of who presented what) that one of the study sources was actually a doctor and the other source was a lawyer, there was a strong tendency to attribute the test items in a stereotype-consistent manner. In 3 experiments, participants frequently reported recollecting specific details, such as via ""remember"" judgments, to justify their stereotype-consistent but incorrect responses. These experiments rule out explanations involving either the misattribution of strong familiarity or differences in the bias to making remember responses as accounts for the illusory source attributions. Instead, the illusory recollections are consistent with the notion that recollective experience is manufactured from both the information in the memory trace and information in the retrieval environment, such as an individual's expectations, stereotypes, and general knowledge.";Stereotypes and retrieval-provoked illusory source recollections.
122;10.1037/0278-7393.34.3.478;Although many accounts of task switching emphasize the importance of working memory as a substantial source of the switch cost, there is a lack of evidence demonstrating that task switching actually places additional demands on working memory. The present study addressed this issue by implementing task switching in continuous complex span tasks with strictly controlled time parameters. A series of 4 experiments demonstrate that recall performance decreased as a function of the number of task switches and that the concurrent load of item maintenance had no influence on task switching. These results indicate that task switching induces a cost on working memory functioning. Implications for theories of task switching, working memory, and resource sharing are addressed.;Working memory costs of task switching.
123;10.1037/1931-3896.2.1.8;There is increasing evidence that the major source of drawing errors lies in the initial perception of the to-be-drawn object. In four experiments, the authors explore the relation between an artist’s susceptibility to perceptual transformations, as measured by a simple shape constancy task, and drawing accuracy. The data reveal a robust negative relation between errors on the shape constancy task and drawing accuracy in general, and specifically the accuracy of the rendering of spatial relations. The data further suggest that the perceptual processes that lead to errors on the shape constancy task occur during the initial encoding of the stimuli. The authors conclude that the shape constancy task likely measures one’s ability to overcome constructive perception processes that transform the retinal image into a final percept, and that this ability is necessary for the accurate rendering of objects.;How shape constancy relates to drawing accuracy.
124;10.1037/a0015960;"Two studies demonstrate that a dispositional proneness to disgust (""disgust sensitivity"") is associated with intuitive disapproval of gay people. Study 1 was based on previous research showing that people are more likely to describe a behavior as intentional when they see it as morally wrong (see Knobe, 2006, for a review). As predicted, the more disgust sensitive participants were, the more likely they were to describe an agent whose behavior had the side effect of causing gay men to kiss in public as having intentionally encouraged gay men to kiss publicly-even though most participants did not explicitly think it wrong to encourage gay men to kiss in public. No such effect occurred when subjects were asked about heterosexual kissing. Study 2 used the Implicit Association Test (IAT; Nosek, Banaji, & Greenwald, 2006) as a dependent measure. The more disgust sensitive participants were, the more they showed unfavorable automatic associations with gay people as opposed to heterosexuals. Two studies demonstrate that a dispositional proneness to disgust (""disgust sensitivity"") is associated with intuitive disapproval of gay people. Study 1 was based on previous research showing that people are more likely to describe a behavior as intentional when they see it as morally wrong (see Knobe, 2006, for a review). As predicted, the more disgust sensitive participants were, the more likely they were to describe an agent whose behavior had the side effect of causing gay men to kiss in public as having intentionally encouraged gay men to kiss publicly-even though most participants did not explicitly think it wrong to encourage gay men to kiss in public. No such effect occurred when subjects were asked about heterosexual kissing. Study 2 used the Implicit Association Test (IAT; Nosek, Banaji, & Greenwald, 2006) as a dependent measure. The more disgust sensitive participants were, the more they showed unfavorable automatic associations with gay people as opposed to heterosexuals.";Disgust sensitivity predicts intuitive disapproval of gays.
125;10.1037/a0018144;People appear to be unrealistically optimistic about their future prospects, as reflected by theory and research in the fields of psychology, organizational behavior, behavioral economics, and behavioral finance. Many real-world examples (e.g., consumer behavior during economic recessions), however, suggest that people are not always overly optimistic. I suggest that people can be both overly optimistic and pessimistic in their beliefs about future events, depending on whether they focus on success or on failure. More specifically, people judge the likelihood of desirable and undesirable events to be higher than similar neutral events because they misattribute the arousal those events evoke to their greater perceived likelihood. I demonstrated this stake-likelihood effect in 4 studies. In Study 1, arousal was shown to increase likelihood judgments. Study 2 demonstrated that such elevated likelihood judgments are due to misattribution of the arousal from having a stake in the outcome. Study 3 demonstrated that such misattribution of arousal occurs for desirable and undesirable events. Study 4 showed the effects of optimism and pessimism on likelihood judgments in a field setting with soccer fans. Together, the findings suggest that wishful thinking might be less prevalent than previously believed. Pessimism might be as likely as optimism in subjective probabilities.;How prevalent is wishful thinking? Misattribution of arousal causes optimism and pessimism in subjective probabilities.
126;10.1037/a0019689;In many nonhuman species of vertebrates, females are attracted to red on male conspecifics. Red is also a signal of male status in many nonhuman vertebrate species, and females show a mating preference for high-status males. These red-attraction and red-status links have been found even when red is displayed on males artificially. In the present research, we document parallels between human and nonhuman females' response to male red. Specifically, in a series of 7 experiments we demonstrate that women perceive men to be more attractive and sexually desirable when seen on a red background and in red clothing, and we additionally show that status perceptions are responsible for this red effect. The influence of red appears to be specific to women's romantic attraction to men: Red did not influence men's perceptions of other men, nor did it influence women's perceptions of men's overall likability, agreeableness, or extraversion. Participants showed no awareness that the research focused on the influence of color. These findings indicate that color not only has aesthetic value but can carry meaning and impact psychological functioning in subtle, important, and provocative ways.;Red, rank, and romance in women viewing men.
127;10.1037/a0020092;Lower social class (or socioeconomic status) is associated with fewer resources, greater exposure to threat, and a reduced sense of personal control. Given these life circumstances, one might expect lower class individuals to engage in less prosocial behavior, prioritizing self-interest over the welfare of others. The authors hypothesized, by contrast, that lower class individuals orient to the welfare of others as a means to adapt to their more hostile environments and that this orientation gives rise to greater prosocial behavior. Across 4 studies, lower class individuals proved to be more generous (Study 1), charitable (Study 2), trusting (Study 3), and helpful (Study 4) compared with their upper class counterparts. Mediator and moderator data showed that lower class individuals acted in a more prosocial fashion because of a greater commitment to egalitarian values and feelings of compassion. Implications for social class, prosocial behavior, and economic inequality are discussed.;Having less, giving more: The influence of social class on prosocial behavior.
128;10.1037/a0022403;Why do some people take risks and live for the present, whereas others avoid risks and save for the future? The evolutionary framework of life history theory predicts that preferences for risk and delay in gratification should be influenced by mortality and resource scarcity. A series of experiments examined how mortality cues influenced decisions involving risk preference (e.g., $10 for sure vs. 50% chance of $20) and temporal discounting (e.g., $5 now vs. $10 later). The effect of mortality depended critically on whether people grew up in a relatively resource-scarce or resource-plentiful environment. For individuals who grew up relatively poor, mortality cues led them to value the present and gamble for big immediate rewards. Conversely, for individuals who grew up relatively wealthy, mortality cues led them to value the future and avoid risky gambles. Overall, mortality cues appear to propel individuals toward diverging life history strategies as a function of childhood socioeconomic status, suggesting important implications for how environmental factors influence economic decisions and risky behaviors.;The influence of mortality and socioeconomic status on risk and delayed rewards: A life history theory approach.
129;10.1037/a0025391;"Some have argued that belief in God is intuitive, a natural (by-)product of the human mind given its cognitive structure and social context. If this is true, the extent to which one believes in God may be influenced by one's more general tendency to rely on intuition versus reflection. Three studies support this hypothesis, linking intuitive cognitive style to belief in God. Study 1 showed that individual differences in cognitive style predict belief in God. Participants completed the Cognitive Reflection Test (CRT; Frederick, 2005), which employs math problems that, although easily solvable, have intuitively compelling incorrect answers. Participants who gave more intuitive answers on the CRT reported stronger belief in God. This effect was not mediated by education level, income, political orientation, or other demographic variables. Study 2 showed that the correlation between CRT scores and belief in God also holds when cognitive ability (IQ) and aspects of personality were controlled. Moreover, both studies demonstrated that intuitive CRT responses predicted the degree to which individuals reported having strengthened their belief in God since childhood, but not their familial religiosity during childhood, suggesting a causal relationship between cognitive style and change in belief over time. Study 3 revealed such a causal relationship over the short term: Experimentally inducing a mindset that favors intuition over reflection increases self-reported belief in God.";Divine intuition: Cognitive style influences belief in God.
130;10.1037/a0027586;Performance monitoring in the anterior cingulate cortex (ACC) has largely been viewed as a cognitive, computational process devoid of emotion. A growing body of research, however, suggests that performance is moderated by motivational engagement and that a signal generated by the ACC, the error-related negativity (ERN), may partially reflect a distress response to errors. Although suggestive, this past work is hampered by use of correlational designs or by designs that confound affect and cognitive performance. Here we use the misattribution of arousal paradigm--an experimental paradigm that pilot research shows can dissociate affect from cognitive performance--to investigate the extent to which the ERN has arousal properties. Forty university students completed a misattribution of arousal paradigm by consuming a beverage they believed would either increase their anxiety or would have no side effects and then completed a go/no-go task while we recorded ERNs. Results indicate that participants who were given the opportunity to misattribute arousal exhibited a reduced ERN compared with participants who were not given any misattribution cues. This occurred despite no measurable differences in performance on the go/no-go task. In addition, correlations between the ERN and behavior were observed only for participants who did not misattribute their arousal to the placebo beverage. Taken together, these results suggest that the ERN is dissociable from cognitive performance but not negative affect.;ERN and the placebo: A misattribution approach to studying the arousal properties of the error-related negativity.
131;10.1037/a0027598;The present work examined whether secrets are experienced as physical burdens, thereby influencing perception and action. Four studies examined the behavior of people who harbored important secrets, such as secrets concerning infidelity and sexual orientation. People who recalled, were preoccupied with, or suppressed an important secret estimated hills to be steeper, perceived distances to be farther, indicated that physical tasks would require more effort, and were less likely to help others with physical tasks. The more burdensome the secret and the more thought devoted to it, the more perception and action were influenced in a manner similar to carrying physical weight. Thus, as with physical burdens, secrets weigh people down.;The physical burdens of secrecy.
132;10.1037/a0029288;The present research tested whether incidental exposure to money affects people's endorsement of social systems that legitimize social inequality. We found that subtle reminders of the concept of money, relative to nonmoney concepts, led participants to endorse more strongly the existing social system in the United States in general (Experiment 1) and free-market capitalism in particular (Experiment 4), to assert more strongly that victims deserve their fate (Experiment 2), and to believe more strongly that socially advantaged groups should dominate socially disadvantaged groups (Experiment 3). We further found that reminders of money increased preference for a free-market system of organ transplants that benefited the wealthy at the expense of the poor even though this was not the prevailing system (Experiment 5) and that this effect was moderated by participants' nationality. These results demonstrate how merely thinking about money can influence beliefs about the social order and the extent to which people deserve their station in life.;Mere exposure to money increases endorsement of free-market systems and social inequality.
133;10.1037/a0032028;After reactivation, apparently stable memories may reenter an unstable state in which they are modifiable, requiring another phase of stabilization, called reconsolidation. Recent evidence shows that during reconsolidation, reactivated memories may be updated by the incorporation of new information. In the present study, we examined whether the updating of episodic memories depends on the strength of new encoding after reactivation. To this end, healthy participants learned negative and neutral pictures, reactivated them 1 week later, and learned new pictures either once or three times immediately after reactivation. A recognition test was performed another week later. Our results show that the impact of new learning after reactivation depended critically on the strength of new encoding: Whereas learning new pictures only once after reactivation had no effect on subsequent memory, learning new pictures three times after reactivation reduced subsequent memory accuracy, mainly due to intrusions from the newly learned pictures. Our findings indicate that the strength of new encoding after reactivation plays a critical role for the updating of episodic memories and may have important implications for therapeutic interventions that aim to alter unwanted memories after reactivation.;Updating of episodic memories depends on the strength of new learning after memory reactivation.
134;10.1037/a0032282;"We hypothesized that individuals may differ in the dispositional tendency to have positive vs. negative attitudes, a trait termed the dispositional attitude. Across 4 studies, we developed a 16-item Dispositional Attitude Measure (DAM) and investigated its internal consistency, test-retest reliability, factor structure, convergent validity, discriminant validity, and predictive validity. DAM scores were (a) positively correlated with positive affect traits, curiosity-related traits, and individual preexisting attitudes; (b) negatively correlated with negative affect traits; and (c) uncorrelated with theoretically unrelated traits. Dispositional attitudes also significantly predicted the valence of novel attitudes while controlling for theoretically relevant traits (such as the Big 5 and optimism). The dispositional attitude construct represents a new perspective in which attitudes are not simply a function of the properties of the stimuli under consideration, but are also a function of the properties of the evaluator. We discuss the intriguing implications of dispositional attitudes for many areas of research, including attitude formation, persuasion, and behavior prediction.";Attitudes without objects: Evidence for a dispositional attitude, its measurement, and its consequences.
135;10.1037/a0034352;"The capacity to identify cheaters is essential for maintaining balanced social relationships, yet humans have been shown to be generally poor deception detectors. In fact, a plethora of empirical findings holds that individuals are only slightly better than chance when discerning lies from truths. Here, we report 5 experiments showing that judges' ability to detect deception greatly increases after periods of unconscious processing. Specifically, judges who were kept from consciously deliberating outperformed judges who were encouraged to do so or who made a decision immediately; moreover, unconscious thinkers' detection accuracy was significantly above chance level. The reported experiments further show that this improvement comes about because unconscious thinking processes allow for integrating the particularly rich information basis necessary for accurate lie detection. These findings suggest that the human mind is not unfit to distinguish between truth and deception but that this ability resides in previously overlooked processes.";Unconscious processes improve lie detection.
136;10.1037/a0034462;"A recurring observation of experimental psychologists is that people prefer, seek out, and even selectively ""see"" structure in their social and natural environments. Structure-seeking has been observed across a wide range of phenomena--from the detection of patterns in random arrays to affinities for order-providing political, religious, social, and scientific worldviews--and is exacerbated under psychological threat. Why are people motivated for structure? An intriguing, but untested, explanation holds that perceiving structure, even in domains unrelated to one's current behavioral context, can facilitate willingness to take goal-directed actions. Supporting this, in 5 studies, reminders of structure in nature or society increase willingness to engage in goal pursuit.";A functional basis for structure-seeking: Exposure to structure promotes willingness to engage in motivated action.
137;10.1037/a0036158;"OBJECTIVE: The goal of measuring therapist adherence is to determine whether a therapist can perform a given treatment. Yet, the evaluation of therapist behaviors in most clinical trials is limited. Typically, randomized trials have few therapists and minimize therapist variability through training and supervision. Furthermore, therapist adherence is confounded with uncontrolled differences in patients across therapists. Consequently, the extent to which adherence measures capture differences in actual therapist adherence versus other sources of variance is unclear. METHOD: We estimated intra-class correlations (ICCs) for therapist adherence in sessions with real and standardized patients (RPs and SPs), using ratings from a motivational interviewing (MI) dissemination trial (Baer et al., 2009) in which 189 therapists recorded 826 sessions with both patient types. We also examined the correlations of therapist adherence between SP and RP sessions, and the reliability of therapist level adherence scores with generalizability coefficients (GCs). RESULTS: ICCs for therapist adherence were generally large (average ICC for SPs = .44; average ICC for RPs = .40), meaning that a given therapist's adherence scores were quite similar across sessions. Both ICCs and GCs were larger for SP sessions compared to RPs on global measures of MI adherence, such as Empathy and MI Spirit. Correlations between therapist adherence with real and standardized patients were moderate to large on 3 of 5 adherence measures. CONCLUSION: Differences in therapist-level adherence ratings were substantial, and standardized patients have promise as tools to evaluate therapist behavior.";Evaluating therapist adherence in motivational interviewing by comparing performance with standardized and real patients.
138;10.1037/a0038543;"The authors tested whether engaging in expansive (vs. contractive) ""power poses"" before a stressful job interview--preparatory power posing--would enhance performance during the interview. Participants adopted high-power (i.e., expansive, open) poses or low-power (i.e., contractive, closed) poses, and then prepared and delivered a speech to 2 evaluators as part of a mock job interview. All interview speeches were videotaped and coded for overall performance and hireability and for 2 potential mediators: verbal content (e.g., structure, content) and nonverbal presence (e.g., captivating, enthusiastic). As predicted, those who prepared for the job interview with high- (vs. low-) power poses performed better and were more likely to be chosen for hire; this relation was mediated by nonverbal presence, but not by verbal content. Although previous research has focused on how a nonverbal behavior that is enacted during interactions and observed by perceivers affects how those perceivers evaluate and respond to the actor, this experiment focused on how a nonverbal behavior that is enacted before the interaction and unobserved by perceivers affects the actor's performance, which, in turn, affects how perceivers evaluate and respond to the actor. This experiment reveals a theoretically novel and practically informative result that demonstrates the causal relation between preparatory nonverbal behavior and subsequent performance and outcomes.";Preparatory power posing affects nonverbal presence and job interview performance.
139;10.1037/a0038647;Unemployment has a strongly negative influence on well-being, but it is unclear whether it also alters basic personality traits. Whether personality changes arise through natural maturation processes or contextual/environmental factors is still a matter of debate. Unemployment, a relatively unexpected and commonly occurring life event, may shed light on the relevance of context for personality change. We examined, using a latent change model, the influence of unemployment on the five-factor model of personality in a sample of 6,769 German adults, who completed personality measures at 2 time points 4 years apart. All participants were employed at the first time point, and a subset became unemployed over the course of the study. By the second time point, participants had either remained in employment, been unemployed from 1 to 4 years, or had experienced some unemployment but become reemployed. Compared with those who had remained in employment, unemployed men and women experienced significant patterns of change in their mean levels of agreeableness, conscientiousness, and openness, whereas reemployed individuals experienced limited change. The results indicate that unemployment has wider psychological implications than previously thought. In addition, the results are consistent with the view that personality changes as a function of contextual and environmental factors.;Personality change following unemployment.
140;10.1037/e519682015-069;People often hold extreme political attitudes about complex policies. We hypothesized that people typically know less about such policies than they think they do (the illusion of explanatory depth) and that polarized attitudes are enabled by simplistic causal models. Asking people to explain policies in detail both undermined the illusion of explanatory depth and led to attitudes that were more moderate (Experiments 1 and 2). Although these effects occurred when people were asked to generate a mechanistic explanation, they did not occur when people were instead asked to enumerate reasons for their policy preferences (Experiment 2). Finally, generating mechanistic explanations reduced donations to relevant political advocacy groups (Experiment 3). The evidence suggests that people’s mistaken sense that they understand the causal processes underlying policies contributes to political polarization.;Political Extremism is Supported by an Illusion of Understanding
141;10.1037/e653412011-001;"The term psi denotes anomalous processes of information or energy transfer that are currently unexplained in terms of known physical or biological mechanisms. Two variants of psi are precognition (conscious cognitive awareness) and premonition (affective apprehension) of a future event that could not otherwise be anticipated through any known inferential process. Precognition and premonition are themselves special cases of a more general phenomenon: the anomalous retroactive influence of some future event on an individual's current responses, whether those responses are conscious or nonconscious, cognitive or affective. This article reports 9 experiments, involving more than 1,000 participants, that test for retroactive influence by “time-reversing” well-established psychological effects so that the individual's responses are obtained before the putatively causal stimulus events occur. Data are presented for 4 time-reversed effects: precognitive approach to erotic stimuli and precognitive avoidance of negative stimuli; retroactive priming; retroactive habituation; and retroactive facilitation of recall. The mean effect size (d) in psi performance across all 9 experiments was 0.22, and all but one of the experiments yielded statistically significant results. The individual-difference variable of stimulus seeking, a component of extraversion, was significantly correlated with psi performance in 5 of the experiments, with participants who scored above the midpoint on a scale of stimulus seeking achieving a mean effect size of 0.43. Skepticism about psi, issues of replication, and theories of psi are also discussed.";Experimental Evidence for Retroactive Influences of Future Events on Current Cognitive and Affective Responses
142;10.1037/e722852011-095;People like to think of themselves as honest. However, dishonesty pays—and it often pays well. How do people resolve this tension? This research shows that people behave dishonestly enough to profit but honestly enough to delude themselves of their own integrity. A little bit of dishonesty gives a taste of profit without spoiling a positive self-view. Two mechanisms allow for such self-concept maintenance: inattention to moral standards and categorization malleability. Six experiments support the authors’ theory of self-concept maintenance and offer practical applications for curbing dishonesty in everyday life.;"Temporal Influences on Cheating Behavior: The ""What the Hell"" Effect"
143;10.1037/h0033373;"Administered questionnaires to 140 couples to test the hypotheses that (a) feelings of love become more highly correlated with trust and acceptance as relationships develop through time and (b) parental interference in a love relationship intensifies the feelings of romantic love between members of the couple. The 1st hypothesis was derived from the authors' conceptualization of love and distinctions between romantic and ""conjugal"" love. Affirmation of this hypothesis was found, supporting a methodology for operationalizing romantic love. The 2nd hypothesis was derived from classical literature and small group dynamics, and was explained in terms of the motivating effect of frustration and reactance. This hypothesis was also supported, using both cross-sectional and longitudinal change score correlations. Possible relationship dynamics associated with parental interference and trust are discussed. Findings are applied to cross-cultural variations in the occurrence of romantic love. (15 ref.) (PsycINFO Database Record (c) 2006 APA, all rights reserved). © 1972 American Psychological Association.";Parental interference and romantic love: The Romeo and Juliet effect.
144;10.1037/h0033373;"Administered questionnaires to 140 couples to test the hypotheses that (a) feelings of love become more highly correlated with trust and acceptance as relationships develop through time and (b) parental interference in a love relationship intensifies the feelings of romantic love between members of the couple. The 1st hypothesis was derived from the authors' conceptualization of love and distinctions between romantic and ""conjugal"" love. Affirmation of this hypothesis was found, supporting a methodology for operationalizing romantic love. The 2nd hypothesis was derived from classical literature and small group dynamics, and was explained in terms of the motivating effect of frustration and reactance. This hypothesis was also supported, using both cross-sectional and longitudinal change score correlations. Possible relationship dynamics associated with parental interference and trust are discussed. Findings are applied to cross-cultural variations in the occurrence of romantic love. (15 ref.) (PsycINFO Database Record (c) 2006 APA, all rights reserved). © 1972 American Psychological Association.";Parental interference and romantic love: The Romeo and Juliet effect.
145;10.1037/h0053944;"1. The original rough formulation of the expectancy theory is difficult to distinguish from the alternative stimulus-response doctrines. Part of this difficulty results from the fact that implicit in this rough formulation, is a definition of the matrix ""x expects a goal at location L,"" which makes it equivalent to the matrix ""x runs down the practiced path,"" when certain conditions are fulfilled. Because of this difficulty, we have rejected this definition. 2. We have suggested instead a definition of the matrix ""x expects a goal at location L"" which makes it equivalent to the matrix ""x runs down the path which points directly to the location L,"" when certain conditions are fulfilled. 3. To determine whether rats will run down such a path, whenever the original path is blocked, we have run 56 female rats in a situation which conformed to these conditions. 4. Thirty-six percent of the rats chose the path which pointed directly towards the location of the goal. The remaining rats were distributed over the other paths in a chance fashion. 5. We have concluded (1) that rats do learn to expect goals in specific locations, (2) that there are important similarities between this behavior and human symbolic behavior, and (3) that these similarities justify our using the word 'expectation' as a name for the disposition to short-cut when the original patch is blocked.";Studies in spatial learning. I. Orientation and the short-cut.
146;10.1038/mp.2011.132;"Although pharmacogenetic research thrives, 1 genetic determinants of response to purely psychotherapeutic treatments remain unexplored. In a sample of children undergoing cognitive behaviour therapy (CBT) for an anxiety disorder, we tested whether treatment response is associated with the serotonin transporter gene promoter region (5HTTLPR), previously shown to moderate environmental influences on depression. Children with short-short genotype were significantly more likely to respond to CBT than those carrying a long allele.
There is considerable evidence of association between anxiety/depression and the 5HTTLPR, particularly in response to stress. 2 Moreover, the lowexpression S allele, typically associated with poorer outcomes following stress, is also associated with better outcomes under low stress and may reflect sensitivity to the environment. 3 We hypothesised that this allele would be associated with enhanced response to psychological therapies. 4 We collected DNA from 584 anxiety-disordered children aged 6–13 years, undergoing manual-based CBT5 at research clinics in Sydney, Australia and Reading, UK. We focus on 359 children with four white European grandparents (entire sample findings similar; see Supplementary Information).
";Therapygenetics: the 5HTTLPR and response to psychological therapy
147;10.1038/mp.2015.109;© 2016 Macmillan Publishers Limited.We asked whether brain connectomics can predict response to treatment for a neuropsychiatric disorder better than conventional clinical measures. Pre-treatment resting-state brain functional connectivity and diffusion-weighted structural connectivity were measured in 38 patients with social anxiety disorder (SAD) to predict subsequent treatment response to cognitive behavioral therapy (CBT). We used a priori bilateral anatomical amygdala seed-driven resting connectivity and probabilistic tractography of the right inferior longitudinal fasciculus together with a data-driven multivoxel pattern analysis of whole-brain resting-state connectivity before treatment to predict improvement in social anxiety after CBT. Each connectomic measure improved the prediction of individuals' treatment outcomes significantly better than a clinical measure of initial severity, and combining the multimodal connectomics yielded a fivefold improvement in predicting treatment response. Generalization of the findings was supported by leave-one-out cross-validation. After dividing patients into better or worse responders, logistic regression of connectomic predictors and initial severity combined with leave-one-out cross-validation yielded a categorical prediction of clinical improvement with 81% accuracy, 84% sensitivity and 78% specificity. Connectomics of the human brain, measured by widely available imaging methods, may provide brain-based biomarkers (neuromarkers) supporting precision medicine that better guide patients with neuropsychiatric diseases to optimal available treatments, and thus translate basic neuroimaging into medical practice.;Brain connectomics predict response to treatment in social anxiety disorder
148;10.1038/mp.2015.32;© 2016 Macmillan Publishers Limited All rights reserved.Up to 30% of patients with obsessive-compulsive disorder (OCD) exhibit an inadequate response to serotonin reuptake inhibitors (SRIs). To date, genetic predictors of OCD treatment response have not been systematically investigated using genome-wide association study (GWAS). To identify specific genetic variations potentially influencing SRI response, we conducted a GWAS study in 804 OCD patients with information on SRI response. SRI response was classified as 'response' (n=514) or 'non-response' (n=290), based on self-report. We used the more powerful Quasi-Likelihood Score Test (the MQLS test) to conduct a genome-wide association test correcting for relatedness, and then used an adjusted logistic model to evaluate the effect size of the variants in probands. The top single-nucleotide polymorphism (SNP) was rs17162912 (P=1.76 × 10 -8), which is near the DISP1 gene on 1q41-q42, a microdeletion region implicated in neurological development. The other six SNPs showing suggestive evidence of association (P<10 -5) were rs9303380, rs12437601, rs16988159, rs7676822, rs1911877 and rs723815. Among them, two SNPs in strong linkage disequilibrium, rs7676822 and rs1911877, located near the PCDH10 gene, gave P-values of 2.86 × 10 -6 and 8.41 × 10 -6, respectively. The other 35 variations with signals of potential significance (P<10 -4) involve multiple genes expressed in the brain, including GRIN2B, PCDH10 and GPC6. Our enrichment analysis indicated suggestive roles of genes in the glutamatergic neurotransmission system (false discovery rate (FDR)=0.0097) and the serotonergic system (FDR=0.0213). Although the results presented may provide new insights into genetic mechanisms underlying treatment response in OCD, studies with larger sample sizes and detailed information on drug dosage and treatment duration are needed.;Whole-genome association analysis of treatment response in obsessive-compulsive disorder
149;10.1038/nature01647;"As video-game playing has become a ubiquitous activity in today's society, it is worth considering its potential consequences on perceptual and motor skills. It is well known that exposing an organism to an altered visual environment often results in modification of the visual system of the organism. The field of perceptual learning provides many examples of training-induced increases in performance. But perceptual learning, when it occurs, tends to be specific to the trained task; that is, generalization to new tasks is rarely found1-10. Here we show, by contrast, that action-video-game playing is capable of altering a range of visual skills. Four experiments establish changes in different aspects of visual attention in habitual video-game players as compared with non-video-game players. In a fifth experiment, non-players trained on an action video game show marked improvement from their pre-training abilities, thereby establishing the role of playing in this effect.";Action video game modifies visual selective attention
150;10.1038/nature01930;Historically, the term 'memory consolidation' refers to a process whereby a memory becomes increasingly resistant to interference from competing or disrupting factors with the continued passage of time. Recent findings regarding the learning of skilled sensory and motor tasks ('procedural learning') have refined this definition, suggesting that consolidation can be more strictly determined by time spent in specific brain states such as wake, sleep or certain stages of sleep. There is also renewed interest in the possibility that recalling or 'reactivating' a previously consolidated memory renders it once again fragile and susceptible to interference, therefore requiring periods of reconsolidation. Using a motor skill finger-tapping task, here we provide evidence for at least three different stages of human motor memory processing after initial acquisition. We describe the unique contributions of wake and sleep in the development of different forms of consolidation, and show that waking reactivation can turn a previously consolidated memory back into a labile state requiring subsequent reconsolidation.;Dissociable stages of human memory consolidation and reconsolidation
151;10.1038/nature08833;Activating mutations in KRAS and BRAF are found in more than 30% of all human tumours and 40% of melanoma, respectively, thus targeting this pathway could have broad therapeutic effects. Small molecule ATP-competitive RAF kinase inhibitors have potent antitumour effects on mutant BRAF(V600E) tumours but, in contrast to mitogen-activated protein kinase kinase (MEK) inhibitors, are not potent against RAS mutant tumour models, despite RAF functioning as a key effector downstream of RAS and upstream of MEK. Here we show that ATP-competitive RAF inhibitors have two opposing mechanisms of action depending on the cellular context. In BRAF(V600E) tumours, RAF inhibitors effectively block the mitogen-activated protein kinase (MAPK) signalling pathway and decrease tumour growth. Notably, in KRAS mutant and RAS/RAF wild-type tumours, RAF inhibitors activate the RAF-MEK-ERK pathway in a RAS-dependent manner, thus enhancing tumour growth in some xenograft models. Inhibitor binding activates wild-type RAF isoforms by inducing dimerization, membrane localization and interaction with RAS-GTP. These events occur independently of kinase inhibition and are, instead, linked to direct conformational effects of inhibitors on the RAF kinase domain. On the basis of these findings, we demonstrate that ATP-competitive kinase inhibitors can have opposing functions as inhibitors or activators of signalling pathways, depending on the cellular context. Furthermore, this work provides new insights into the therapeutic use of ATP-competitive RAF inhibitors. © 2010 Macmillan Publishers Limited. All rights reserved.;RAF inhibitors prime wild-type RAF to activate the MAPK pathway and enhance growth
152;10.1038/nature11071;Melanoma is notable for its metastatic propensity, lethality in the advanced setting and association with ultraviolet exposure early in life. To obtain a comprehensive genomic view of melanoma in humans, we sequenced the genomes of 25 metastatic melanomas and matched germline DNA. A wide range of point mutation rates was observed: lowest in melanomas whose primaries arose on non-ultraviolet-exposed hairless skin of the extremities (3 and 14 per megabase (Mb) of genome), intermediate in those originating from hair-bearing skin of the trunk (5-55 per Mb), and highest in a patient with a documented history of chronic sun exposure (111 per Mb). Analysis of whole-genome sequence data identified PREX2 (phosphatidylinositol-3,4,5-trisphosphate-dependent Rac exchange factor 2)-a PTEN-interacting protein and negative regulator of PTEN in breast cancer-as a significantly mutated gene with a mutation frequency of approximately 14% in an independent extension cohort of 107 human melanomas. PREX2 mutations are biologically relevant, as ectopic expression of mutant PREX2 accelerated tumour formation of immortalized human melanocytes in vivo. Thus, whole-genome sequencing of human melanoma tumours revealed genomic evidence of ultraviolet pathogenesis and discovered a new recurrently mutated gene in melanoma. © 2012 Macmillan Publishers Limited. All rights reserved.;Melanoma genome sequencing reveals frequent PREX2 mutations
153;10.1038/nature11467;"Cooperation is central to human social behaviour. However, choosing to cooperate requires individuals to incur a personal cost to benefit others. Here we explore the cognitive basis of cooperative decision-making in humans using a dual-process framework. We ask whether people are predisposed towards selfishness, behaving cooperatively only through active self-control; or whether they are intuitively cooperative, with reflection and prospective reasoning favouring rational self-interest. To investigate this issue, we perform ten studies using economic games. We find that across a range of experimental designs, subjects who reach their decisions more quickly are more cooperative. Furthermore, forcing subjects to decide quickly increases contributions, whereas instructing them to reflect and forcing them to decide slowly decreases contributions. Finally, an induction that primes subjects to trust their intuitions increases contributions compared with an induction that promotes greater reflection. To explain these results, we propose that cooperation is intuitive because cooperative heuristics are developed in daily life where cooperation is typically advantageous. We then validate predictions generated by this proposed mechanism. Our results provide convergent evidence that intuition supports cooperation in social dilemmas, and that reflection can undermine these cooperative impulses. © 2012 Macmillan Publishers Limited. All rights reserved.";Spontaneous giving and calculated greed
154;10.1038/nature13977;© 2014 Macmillan Publishers Limited.Trust in others' honesty is a key component of the long-term performance of firms, industries, and evenwhole countries1-4.However, in recent years, numerous scandals involving fraud have undermined confidence in the financial industry5-7. Contemporary commentators have attributed these scandals to the financial sector's business culture8-10, but no scientific evidence supports this claim. Here we show that employees of a large, international bank behave, on average, honestly in a control condition. However, when their professional identity as bank employees is rendered salient, a significant proportion of them become dishonest. This effect is specific to bank employees because control experiments with employees from other industries and with students showthat they do not becomemore dishonestwhen theirprofessional identity or bank-related items are rendered salient. Our results thus suggest that the prevailing business culture in the banking industry weakens and undermines the honesty norm, implying that measures to re-establish an honest culture are very important.;Business culture and dishonesty in the banking industry
155;10.1038/nclimate2093;Climate change judgements can depend on whether today seems warmer or colder than usual, termed the local warming effect. Although previous research has demonstrated that this effect occurs, studies have yet to explain why or how temperature abnormalities influence global warming attitudes. A better understanding of the underlying psychology of this effect can help explain the public's reaction to climate change and inform approaches used to communicate the phenomenon. Across five studies, we find evidence of attribute substitution, whereby individuals use less relevant but available information (for example, today's temperature) in place of more diagnostic but less accessible information (for example, global climate change patterns) when making judgements. Moreover, we rule out alternative hypotheses involving climate change labelling and lay mental models. Ultimately, we show that present temperature abnormalities are given undue weight and lead to an overestimation of the frequency of similar past events, thereby increasing belief in and concern for global warming. © 2014 Macmillan Publishers Limited.;How warm days increase belief in global warming
156;10.1038/ncomms1262;A range of animal species possess an evolutionarily ancient system for representing number, which provides the foundation for simple arithmetical operations such as addition and numerical comparisons. Surprisingly, non-human primates tested in ecologically, highly valid quantity discrimination tasks using edible items often show a relatively low performance, suggesting that stimulus salience interferes with rational decision making. Here we show that quantity discrimination was indeed significantly enhanced when monkeys were tested with inedible items compared with food items (84 versus 69% correct). More importantly, when monkeys were tested with food, but rewarded with other food items, the accuracy was equally high (86%). The results indicate that the internal representation of the stimuli, not their physical quality, determined performance. Reward replacement apparently facilitated representation of the food items as signifiers for other foods, which in turn supported a higher acuity in decision making. Many animals can do simple quantity discrimination, but they often perform poorly when food is used. Here, the authors show that monkeys are good at food quantity discrimination when they are not allowed to eat it, suggesting that the mental representation of the stimuli is more important than the physical quality.;Representational format determines numerical competence in monkeys
157;10.1038/ng.2390;"Primary angle closure glaucoma (PACG) is a major cause of blindness worldwide. We conducted a genome-wide association study including 1,854 PACG cases and 9,608 controls across 5 sample collections in Asia. Replication experiments were conducted in 1,917 PACG cases and 8,943 controls collected from a further 6 sample collections. We report significant associations at three new loci: rs11024102 in PLEKHA7 (per-allele odds ratio (OR) = 1.22; P = 5.33 × 10-12), rs3753841 in COL11A1 (per-allele OR = 1.20; P = 9.22 × 10-10) and rs1015213 located between PCMTD1 and ST18 on chromosome 8q (per-allele OR = 1.50; P = 3.29 × 10-9). Our findings, accumulated across these independent worldwide collections, suggest possible mechanisms explaining the pathogenesis of PACG. © 2012 Nature America, Inc. All rights reserved.";Genome-wide association analyses identify three new susceptibility loci for primary angle closure glaucoma
158;10.1038/ng.2520;Individuals with Behçet's disease suffer from episodic inflammation often affecting the orogenital mucosa, skin and eyes. To discover new susceptibility loci for Behçet's disease, we performed a genome-wide association study (GWAS) of 779,465 SNPs with imputed genotypes in 1,209 Turkish individuals with Behçet's disease and 1,278 controls. We identified new associations at CCR1, STAT4 and KLRC4. Additionally, two SNPs in ERAP1, encoding ERAP1 p.Asp575Asn and p.Arg725Gln alterations, recessively conferred disease risk. These findings were replicated in 1,468 independent Turkish and/or 1,352 Japanese samples (combined meta-analysis P < 2 × 10 -9). We also found evidence for interaction between HLA-B*51 and ERAP1 (P = 9 × 10 -4). The CCR1 and STAT4 variants were associated with gene expression differences. Three risk loci shared with ankylosing spondylitis and psoriasis (the MHC class I region, ERAP1 and IL23R and the MHC class I-ERAP1 interaction), as well as two loci shared with inflammatory bowel disease (IL23R and IL10) implicate shared pathogenic pathways in the spondyloarthritides and Behçet's disease. © 2013 Nature America, Inc. All rights reserved.;Genome-wide association analysis identifies new susceptibility loci for Behçet's disease and epistasis between HLA-B*51 and ERAP1
159;10.1038/ng.81;"Systemic lupus erythematosus (SLE) is a common systemic autoimmune disease with complex etiology but strong clustering in families (λS = ∼30). We performed a genome-wide association scan using 317,501 SNPs in 720 women of European ancestry with SLE and in 2,337 controls, and we genotyped consistently associated SNPs in two additional independent sample sets totaling 1,846 affected women and 1,825 controls. Aside from the expected strong association between SLE and the HLA region on chromosome 6p21 and the previously confirmed non-HLA locus IRF5 on chromosome 7q32, we found evidence of association with replication (1.1 × 10-7 < P overall < 1.6 × 10-23; odds ratio = 0.82-1.62) in four regions: 16p11.2 (ITGAM), 11p15.5 (KIAA1542), 3p14.3 (PXK) and 1q25.1 (rs10798269). We also found evidence for association (P < 1 × 10 -5) at FCGR2A, PTPN22 and STAT4, regions previously associated with SLE and other autoimmune diseases, as well as at ≥9 other loci (P < 2 × 10-7). Our results show that numerous genes, some with known immune-related functions, predispose to SLE. © 2008 Nature Publishing Group.";Genome-wide association scan in women with systemic lupus erythematosus identifies susceptibility variants in ITGAM, PXK, KIAA1542 and other loci
160;10.1038/nm.2284;Cancer stem cells (CSCs), or tumor-initiating cells, are involved in tumor progression and metastasis. MicroRNAs (miRNAs) regulate both normal stem cells and CSCs, and dysregulation of miRNAs has been implicated in tumorigenesis. CSCs in many tumors-including cancers of the breast, pancreas, head and neck, colon, small intestine, liver, stomach, bladder and ovary-have been identified using the adhesion molecule CD44, either individually or in combination with other marker(s). Prostate CSCs with enhanced clonogenic and tumor-initiating and metastatic capacities are enriched in the CD44+ cell population, but whether miRNAs regulate CD44+ prostate cancer cells and prostate cancer metastasis remains unclear. Here we show, through expression analysis, that miR-34a, a p53 target, was underexpressed in CD44+ prostate cancer cells purified from xenograft and primary tumors. Enforced expression of miR-34a in bulk or purified CD44+ prostate cancer cells inhibited clonogenic expansion, tumor regeneration, and metastasis. In contrast, expression of miR-34a antagomirs in CD44 ' prostate cancer cells promoted tumor development and metastasis. Systemically delivered miR-34a inhibited prostate cancer metastasis and extended survival of tumor-bearing mice. We identified and validated CD44 as a direct and functional target of miR-34a and found that CD44 knockdown phenocopied miR-34a overexpression in inhibiting prostate cancer regeneration and metastasis. Our study shows that miR-34a is a key negative regulator of CD44+ prostate cancer cells and establishes a strong rationale for developing miR-34a as a novel therapeutic agent against prostate CSCs. © 2011 Nature America, Inc. All rights reserved.;The microRNA miR-34a inhibits prostate cancer stem cells and metastasis by directly repressing CD44
161;10.1038/nm.2753;Tumor-derived exosomes are emerging mediators of tumorigenesis. We explored the function of melanoma-derived exosomes in the formation of primary tumors and metastases in mice and human subjects. Exosomes from highly metastatic melanomas increased the metastatic behavior of primary tumors by permanently 'educating' bone marrow progenitors through the receptor tyrosine kinase MET. Melanoma-derived exosomes also induced vascular leakiness at pre-metastatic sites and reprogrammed bone marrow progenitors toward a pro-vasculogenic phenotype that was positive for c-Kit, the receptor tyrosine kinase Tie2 and Met. Reducing Met expression in exosomes diminished the pro-metastatic behavior of bone marrow cells. Notably, MET expression was elevated in circulating CD45-C-KIT low/+TIE2 + bone marrow progenitors from individuals with metastatic melanoma. RAB1A, RAB5B, RAB7 and RAB27A, regulators of membrane trafficking and exosome formation, were highly expressed in melanoma cells. Rab27A RNA interference decreased exosome production, preventing bone marrow education and reducing, tumor growth and metastasis. In addition, we identified an exosome-specific melanoma signature with prognostic and therapeutic potential comprised of TYRP2, VLA-4, HSP70, an HSP90 isoform and the MET oncoprotein. Our data show that exosome production, transfer and education of bone marrow cells supports tumor growth and metastasis, has prognostic value and offers promise for new therapeutic directions in the metastatic process. © 2012 Nature America, Inc. All rights reserved.;Melanoma exosomes educate bone marrow progenitor cells toward a pro-metastatic phenotype through MET
162;10.1038/nm.3466;Alzheimer's disease causes a progressive dementia that currently affects over 35 million individuals worldwide and is expected to affect 115 million by 2050 (ref. 1). There are no cures or disease-modifying therapies, and this may be due to our inability to detect the disease before it has progressed to produce evident memory loss and functional decline. Biomarkers of preclinical disease will be critical to the development of disease-modifying or even preventative therapies2. Unfortunately, current biomarkers for early disease, including cerebrospinal fluid tau and amyloid-β levels 3, structural and functional magnetic resonance imaging4 and the recent use of brain amyloid imaging5 or inflammaging6, are limited because they are either invasive, time-consuming or expensive. Blood-based biomarkers may be a more attractive option, but none can currently detect preclinical Alzheimer's disease with the required sensitivity and specificity7. Herein, we describe our lipidomic approach to detecting preclinical Alzheimer's disease in a group of cognitively normal older adults. We discovered and validated a set of ten lipids from peripheral blood that predicted phenoconversion to either amnestic mild cognitive impairment or Alzheimer's disease within a 2-3 year timeframe with over 90% accuracy. This biomarker panel, reflecting cell membrane integrity, may be sensitive to early neurodegeneration of preclinical Alzheimer's disease. © 2014 Nature America, Inc. All rights reserved.;Plasma phospholipids identify antecedent memory impairment in older adults
163;10.1038/nm.4246;© 2017 Nature America, Inc., part of Springer Nature. All rights reserved.Biomarkers have transformed modern medicine but remain largely elusive in psychiatry, partly because there is a weak correspondence between diagnostic labels and their neurobiological substrates. Like other neuropsychiatric disorders, depression is not a unitary disease, but rather a heterogeneous syndrome that encompasses varied, co-occurring symptoms and divergent responses to treatment. By using functional magnetic resonance imaging (fMRI) in a large multisite sample (n = 1, 188), we show here that patients with depression can be subdivided into four neurophysiological subtypes ('biotypes') defined by distinct patterns of dysfunctional connectivity in limbic and frontostriatal networks. Clustering patients on this basis enabled the development of diagnostic classifiers (biomarkers) with high (82-93%) sensitivity and specificity for depression subtypes in multisite validation (n = 711) and out-of-sample replication (n = 477) data sets. These biotypes cannot be differentiated solely on the basis of clinical features, but they are associated with differing clinical-symptom profiles. They also predict responsiveness to transcranial magnetic stimulation therapy (n = 154). Our results define novel subtypes of depression that transcend current diagnostic boundaries and may be useful for identifying the individuals who are most likely to benefit from targeted neurostimulation therapies.;Resting-state connectivity biomarkers define neurophysiological subtypes of depression
164;10.1038/nn.3973;© 2015 Nature America, Inc. All rights reserved.Remembering a past experience can, surprisingly, cause forgetting. Forgetting arises when other competing traces interfere with retrieval and inhibitory control mechanisms are engaged to suppress the distraction they cause. This form of forgetting is considered to be adaptive because it reduces future interference. The effect of this proposed inhibition process on competing memories has, however, never been observed, as behavioral methods are 'blind' to retrieval dynamics and neuroimaging methods have not isolated retrieval of individual memories. We developed a canonical template tracking method to quantify the activation state of individual target memories and competitors during retrieval. This method revealed that repeatedly retrieving target memories suppressed cortical patterns unique to competitors. Pattern suppression was related to engagement of prefrontal regions that have been implicated in resolving retrieval competition and, critically, predicted later forgetting. Thus, our findings demonstrate a cortical pattern suppression mechanism through which remembering adaptively shapes which aspects of our past remain accessible.;Retrieval induces adaptive forgetting of competing memories via cortical pattern suppression
165;10.1038/nn1066;Number symbols are part of our everyday visual world. Here we show that merely looking at numbers causes a shift in covert attention to the left or right side, depending upon the number's magnitude. This observation implies obligatory activation of number meaning and signals a tight coupling of internal and external representations of space.;Perceiving numbers causes spatial shifts of attention
166;10.1038/nn1979;Political scientists and psychologists have noted that, on average, conservatives show more structured and persistent cognitive styles, whereas liberals are more responsive to informational complexity, ambiguity and novelty. We tested the hypothesis that these profiles relate to differences in general neurocognitive functioning using event-related potentials, and found that greater liberalism was associated with stronger conflict-related anterior cingulate activity, suggesting greater neurocognitive sensitivity to cues for altering a habitual response pattern. © 2007 Nature Publishing Group.;Neurocognitive correlates of liberalism and conservatism
167;10.1038/nn1979;Political scientists and psychologists have noted that, on average, conservatives show more structured and persistent cognitive styles, whereas liberals are more responsive to informational complexity, ambiguity and novelty. We tested the hypothesis that these profiles relate to differences in general neurocognitive functioning using event-related potentials, and found that greater liberalism was associated with stronger conflict-related anterior cingulate activity, suggesting greater neurocognitive sensitivity to cues for altering a habitual response pattern.;Neurocognitive correlates of liberalism and conservatism
168;10.1038/s41562-018-0399-z;© 2018, The Author(s).Being able to replicate scientific findings is crucial for scientific progress1–15. We replicate 21 systematically selected experimental studies in the social sciences published in Nature and Science between 2010 and 201516–36. The replications follow analysis plans reviewed by the original authors and pre-registered prior to the replications. The replications are high powered, with sample sizes on average about five times higher than in the original studies. We find a significant effect in the same direction as the original study for 13 (62%) studies, and the effect size of the replications is on average about 50% of the original effect size. Replicability varies between 12 (57%) and 14 (67%) studies for complementary replicability indicators. Consistent with these results, the estimated true-positive rate is 67% in a Bayesian analysis. The relative effect size of true positives is estimated to be 71%, suggesting that both false positives and inflated effect sizes of true positives contribute to imperfect reproducibility. Furthermore, we find that peer beliefs of replicability are strongly related to replicability, suggesting that the research community could predict which results would replicate and that failures to replicate were not the result of chance alone.;Evaluating the replicability of social science experiments in Nature and Science between 2010 and 2015
169;10.1038/srep30423;The McGurk effect is a compelling illusion in which humans auditorily perceive mismatched audiovisual speech as a completely different syllable. In this study evidences are provided that professional musicians are not subject to this illusion, possibly because of their finer auditory or attentional abilities. 80 healthy age-matched graduate students volunteered to the study. 40 were musicians of Brescia Luca Marenzio Conservatory of Music with at least 8-13 years of musical academic studies. /la/, /da/, /ta/, /ga/, /ka/, /na/, /ba/, /pa/ phonemes were presented to participants in audiovisual congruent and incongruent conditions, or in unimodal (only visual or only auditory) conditions while engaged in syllable recognition tasks. Overall musicians showed no significant McGurk effect for any of the phonemes. Controls showed a marked McGurk effect for several phonemes (including alveolar-nasal, velar-occlusive and bilabial ones). The results indicate that the early and intensive musical training might affect the way the auditory cortex process phonetic information.;Skilled musicians are not subject to the McGurk effect
170;10.1038/srep38427;In complex and ever-changing environments, resources such as food are often scarce and unevenly distributed in space and time. Therefore, utilizing external cues to locate and remember high-quality sources allows more efficient foraging, thus increasing chances for survival. Associations between environmental cues and food are readily formed because of the tangible benefits they confer. While examples of the key role they play in shaping foraging behaviours are widespread in the animal world, the possibility that plants are also able to acquire learned associations to guide their foraging behaviour has never been demonstrated. Here we show that this type of learning occurs in the garden pea, Pisum sativum. By using a Y-maze task, we show that the position of a neutral cue, predicting the location of a light source, affected the direction of plant growth. This learned behaviour prevailed over innate phototropism. Notably, learning was successful only when it occurred during the subjective day, suggesting that behavioural performance is regulated by metabolic demands. Our results show that associative learning is an essential component of plant behaviour. We conclude that associative learning represents a universal adaptive mechanism shared by both animals and plants.;Learning by Association in Plants
171;10.1055/s-0030-1249773;An efficient in vitro propagation protocol for rapidly producing Cannabis sativa plantlets from young leaf tissue was developed. Using gas chromatography-flame ionization detection (GC-FID), high THC yielding elite female clone of a drug-type CANNABIS variety (MX) was screened and its vegetatively propagated clones were used for micropropagation. Calli were induced from leaf explant on Murashige and Skoog medium supplemented with different concentrations (0.5, 1.0, 1.5, and 2.0 µM) of indole- 3-acetic acid (IAA), indole- 3- butyric acid (IBA), naphthalene acetic acid (NAA), and 2,4-dichlorophenoxy-acetic acid (2,4-D) in combination with 1.0 µM of thidiazuron (TDZ) for the production of callus. The optimum callus growth and maintenance was in 0.5 µM NAA plus 1.0 µM TDZ. The two-month-old calli were subcultured to MS media containing different concentrations of cytokinins (BAP, KN, TDZ). The rate of shoot induction and proliferation was highest in 0.5 µM TDZ. Of the various auxins (IAA, IBA, and NAA) tested, regenerated shoots rooted best on half strength MS medium (1/2 - MS) supplemented with 2.5 µM IBA. The rooted plantlets were successfully established in soil and grown to maturity with no gross variations in morphology and cannabinoids content at a survival rate of 95 % in the indoor growroom.;High Frequency Plant Regeneration from Leaf Derived Callus of High<i>Δ</i><sup>9</sup>-Tetrahydrocannabinol Yielding<i>Cannabis sativa</i>L.
172;10.1073/pnas.0505454102;"People have difficulty performing two tasks at once. For example, maintaining items in working memory (WM) makes people more distractible. However, different types of WM load may have different effects on attentional selection depending on whether WM load overlaps with mechanisms involved in target or distractor processing. Three experiments examined the effect of concurrent WM load on Stroop tasks, a widely used measure of executive control and inhibition. Stroop interference increased when the type of WM load overlapped with the type of information required for the target task (experiment 1). In striking contrast, Stroop interference decreased when the type of WM load overlapped with distractor processing (experiment 2). Experiment 3 replicated these results in a different Stroop task. Thus, concurrent WM load does not always impair executive control; performance depends on how contents of WM and task-relevant information overlap. The results highlight how dissociable components of WM interact with perception and executive control.";Concurrent working memory load can reduce distraction
173;10.1073/pnas.0711555105;Autism spectrum conditions (ASCs) are heritable conditions characterized by impaired reciprocal social interactions, deficits in language acquisition, and repetitive and restricted behaviors and interests. In addition to more complex genetic susceptibilities, even mutation of a single gene can lead to ASC. Several such monogenic heritable ASC forms are caused by loss-of-function mutations in genes encoding regulators of synapse function in neurons, including NLGN4. We report that mice with a loss-of-function mutation in the murine NLGN4 ortholog Nlgn4, which encodes the synaptic cell adhesion protein Neuroligin-4, exhibit highly selective deficits in reciprocal social interactions and communication that are reminiscent of ASCs in humans. Our findings indicate that a protein network that regulates the maturation and function of synapses in the brain is at the core of a major ASC susceptibility pathway, and establish Neuroligin-4-deficient mice as genetic models for the exploration of the complex neurobiological disorders in ASCs.;Reduced social interaction and ultrasonic communication in a mouse model of monogenic heritable autism
174;10.1073/pnas.0803768105;"The sense of body ownership represents a fundamental aspect of our self-awareness, but is disrupted in many neurological, psychiatric, and psychological conditions that are also characterized by disruption of skin temperature regulation, sometimes in a single limb. We hypothesized that skin temperature in a specific limb could be disrupted by psychologically disrupting the sense of ownership of that limb. In six separate experiments, and by using an established protocol to induce the rubber hand illusion, we demonstrate that skin temperature of the real hand decreases when we take ownership of an artificial counterpart. The decrease in skin temperature is limb-specific: it does not occur in the unstimulated hand, nor in the ipsilateral foot. The effect is not evoked by tactile or visual input per se, nor by simultaneous tactile and visual input per se, nor by a shift in attention toward the experimental side or limb. In fact, taking ownership of an artificial hand slows tactile processing of information from the real hand, which is also observed in patients who demonstrate body disownership after stroke. These findings of psychologically induced limb-specific disruption of temperature regulation provide the first evidence that: taking ownership of an artificial body part has consequences for the real body part; that the awareness of our physical self and the physiological regulation of self are closely linked in a top-down manner; and that cognitive processes that disrupt the sense of body ownership may in turn disrupt temperature regulation in numerous states characterized by both.";Psychologically induced cooling of a specific body part caused by the illusory ownership of an artificial counterpart
175;10.1073/pnas.1103343108;"Three randomized experiments found that subtle linguistic cues have the power to increase voting and related behavior. The phrasing of survey items was varied to frame voting either as the enactment of a personal identity (e.g., ""being a voter"") or as simply a behavior (e.g., ""voting""). As predicted, the personal-identity phrasing significantly increased interest in registering to vote (experiment 1) and, in two statewide elections in the United States, voter turnout as assessed by official state records (experiments 2 and 3). These results provide evidence that people are continually managing their self-concepts, seeking to assume or affirm valued personal identities. The results further demonstrate how this process can be channeled to motivate important socially relevant behavior.";Motivating voter turnout by invoking the self
176;10.1073/pnas.1209746109;Many written forms required by businesses and governments rely on honest reporting. Proof of honest intent is typically provided through signature at the end of, e.g., tax returns or insurance policy forms. Still, people sometimes cheat to advance their financial self-interests-at great costs to society. We test an easy-to-implement method to discourage dishonesty: signing at the beginning rather than at the end of a self-report, thereby reversing the order of the current practice. Using laboratory and field experiments, we find that signing before-rather than after-the opportunity to cheat makes ethics salient when they are needed most and significantly reduces dishonesty.;RETRACTED: Signing at the beginning makes ethics salient and decreases dishonest self-reports in comparison to signing at the end
177;10.1073/pnas.1217854110;Understanding the neural code is critical to linking brain and behavior. In sensory systems, divisive normalization seems to be a canonical neural computation, observed in areas ranging from retina to cortex and mediating processes including contrast adaptation, surround suppression, visual attention, and multisensory integration. Recent electrophysiological studies have extended these insights beyond the sensory domain, demonstrating an analogous algorithm for the value signals that guide decision making, but the effects of normalization on choice behavior are unknown. Here, we show that choice models using normalization generate significant (and classically irrational) choice phenomena driven by either the value or number of alternative options. In value-guided choice experiments, both monkey and human choosers show novel context-dependent behavior consistent with normalization. These findings suggest that the neural mechanism of value coding critically influences stochastic choice behavior and provide a generalizable quantitative framework for examining context effects in decision making.;Normalization is a general neural mechanism for context-dependent decision making
178;10.1073/pnas.1421435112;Humans mind-wander quite intensely. Mind wandering is markedly different from other cognitive behaviors because it is spontaneous, self-generated, and inwardly directed (inner thoughts). However, can such an internal and intimate mental function also be modulated externally by means of brain stimulation? Addressing this question could also help identify the neural correlates of mind wandering in a causal manner, in contrast to the correlational methods used previously (primarily functional MRI). In our study, participants performed a monotonous task while we periodically sampled their thoughts to assess mind wandering. Concurrently, we applied transcranial direct current stimulation (tDCS). We found that stimulation of the frontal lobes [anode electrode at the left dorsolateral prefrontal cortex (DLPFC), cathode electrode at the right supraorbital area], but not of the occipital cortex or sham stimulation, increased the propensity to mind-wander. These results demonstrate for the first time, to our knowledge, that mind wandering can be enhanced externally using brain stimulation, and that the frontal lobes play a causal role in mind-wandering behavior. These results also suggest that the executive control network associated with the DLPFC might be an integral part of mind-wandering neural machinery.;Increasing propensity to mind-wander with transcranial direct current stimulation
179;10.1073/pnas.1520027113;"Visual working memory is the cognitive system that holds visual information active to make it resistant to interference from new perceptual input. Information about simple stimuli-colors and orientations-is encoded into working memory rapidly: In under 100 ms, working memory ‟fills up,"" revealing a stark capacity limit. However, for real-world objects, the same behavioral limits do not hold: With increasing encoding time, people store more real-world objects and do so with more detail. This boost in performance for real-world objects is generally assumed to reflect the use of a separate episodic long-term memory system, rather than working memory. Here we show that this behavioral increase in capacity with real-world objects is not solely due to the use of separate episodic long-term memory systems. In particular, we show that this increase is a result of active storage in working memory, as shown by directly measuring neural activity during the delay period of a working memory task using EEG. These data challenge fixed-capacity working memory models and demonstrate that working memory and its capacity limitations are dependent upon our existing knowledge.";Working memory is not fixed-capacity: More active storage capacity for real-world objects than for simple stimuli
180;10.1080/00140139608964474;"Two experiments are reported which examined operators' trust in and use of the automation in a simulated supervisory process control task. Tests of the integrated model of human trust in machines proposed by Muir (1994) showed that models of interpersonal trust capture some important aspects of the nature and dynamics of human-machine trust. Results showed that operators' subjective ratings of trust in the automation were based mainly upon their perception of its competence. Trust was significantly reduced by any sign of incompetence in the automation, even one which had no effect on overall system performance. Operators' trust changed very little with experience, with a few notable exceptions. Distrust in one function of an automatic component spread to reduce trust in another function of the same component, but did not generalize to another independent automatic component in the same system, or to other systems. There was high positive correlation between operators' trust in and use of the automation; operators used automation they trusted and rejected automation they distrusted, preferring to do the control task manually. There was an inverse relationship between trust and monitoring of the automation. These results suggest that operators' subjective ratings of trust and the properties of the automation which determine their trust, can be used to predict and optimize the dynamic allocation of functions in automated systems.";Trust in automation. Part II. Experimental studies of trust and human intervention in a process control simulation
181;10.1080/00224545.2016.1270892;Financial security (i.e., a person's sense that they can afford the things they need now and in the foreseeable future) contributes to psychological health and well-being. In the present research, we explored the implications of financial security for perceptions of meaning in life. In Study 1, we found that perceptions of financial insecurity predicted perceptions of meaning in life above and beyond income. Further, income only predicted perceptions of meaning to the extent that it was associated with reduced financial insecurity. In Studies 2 and 3, we found that financial security threats undermined perceptions of meaning in life. Taken together, these studies suggest that maintaining financial security is important for a sense of meaning in life.;The existential cost of economic insecurity: Threatened financial security undercuts meaning
182;10.1080/01690960701402933;In typical interactions, speakers frequently produce utterances that appear to reflect beliefs about the common ground shared with particular addressees. Horton and Gerrig (2005a) proposed that one important basis for audience design is the manner in which conversational partners serve as cues for the automatic retrieval of associated information from memory. This paper reports the results of two experiments demonstrating the influence of partner-specific memory associations on language production. Following an initial task designed to establish associations between specific words (Experiment 1) or object categories (Experiment 2) and each of two partners, participants named a series of pictures in the context of the same two individuals. Naming latencies were shortest for responses associated with the current partner, and were not significantly correlated with explicit recall of partner-item associations. Such partner-driven memory retrieval may constrain the information accessible to speakers as they produce utterances for particular addressees.;The influence of partner-specific memory associations on language production: Evidence from picture naming
183;10.1080/026990599121494;The purpose of this study was to determine the frequency and type of special education services provided to youths who had sustained one or more traumatic brain injuries (TBIs) according to parental report but who did not have verified TBIs according to school records. A parental questionnaire formulated for a related research project served as the basis for data collection. Results indicated the most common special education verification categories both for students with and without reported TBIs were speech-language impairment and specific learning disability. Approximately 29% of children with reported TBIs received special education services--a percentage not differing significantly from students without TBIs. However, students with TBIs whose parents reported long-term consequences were significantly more likely to receive special education services than students with TBIs whose parents did not report long-term consequence or students without TBIs. A chi-square analysis using the number of students whose reported TBIs occurred before versus after special education evaluations revealed no significant difference in the types of services received. However, those evaluated for special education services after sustaining TBIs were more than two times as likely to receive services for behavioural disorders than those evaluated prior to sustaining TBIs.;Special education services provided to students with and without parental reports of traumatic brain injury
184;10.1080/02699930802652388;Abstract Selective attention for dysphoric stimuli has been observed in individuals with depression and those at risk for depression. To date, no studies have investigated the effects of directly manipulating selective attention for dysphoric stimuli on depressive symptoms. Mild to moderately depressed college students (N=34) were randomly assigned to complete 4 sessions of either attention training (AT) or no training (NT) during a two-week period. Participants completed self-reported assessments of depressive symptoms at baseline, post-training, and follow-up. Participants in the AT condition had a significantly greater decrease in depressive symptoms from baseline to follow-up than participants in the NT condition. This group difference was mediated by change in attention bias. Our findings suggest that biased attention may have a causal role in the maintenance of depressive symptoms. Keywords: Information processingBiased attentionTrainingDepression Notes 1We used the following IAPS images. Neutral: 2102, 2393, 2745, 2850, 5390, 5731, 7009, 7041, 7053, and 7493. Dysphoric: 2141, 2205, 2276, 2455, 2700, 2703, 2799, 2900, 9421, and 9530.;Biased attention and dysphoria: Manipulating selective attention reduces subsequent depressive symptoms
185;10.1080/03634520216516;This study examined the influence of instructor sexual orientation on perceptions of teacher credibility. The purpose was to determine if college students perceive gay teachers as less credible than straight teachers. In addition, we sought to explore the role of teacher credibility in terms of perceived student learning. In order to examine these variables, a male confederate presented a lecture on cultural influences to 154 undergraduate students enrolled in eight separate introductory communication classes. In each class, the confederate was careful to keep his delivery and immediacy cues (e.g., vocal expressiveness, movement, and eye contact) natural and consistent. The confederate's sexual orientation, however, was systematically manipulated. Findings indicate that students perceive a gay teacher as significantly less credible than a straight teacher. This study also found that students of a gay teacher perceive that they learn considerably less than students of a straight teacher. To help explain the complex reasons behind students' biased evaluations, the authors have included an in-depth qualitative analysis of participants' responses.;Coming Out in the Classroom... An Occupational Hazard?: The Influence of Sexual Orientation on Teacher Credibility and Perceived Student Learning
186;10.1080/09515080902802769;Which factors influence the folk application of the concept of causation? Knobe has argued that causal judgments are primarily influenced by the moral valence of the behavior under consideration. Whereas Driver has pointed out that the data Knobe relies on can also be used to support the claim that it is the atypicality of the agent's behavior that influences our willingness to assign causality to that agent. While Knobe and Fraser have provided a further study to address the cogency of this alternative explanation, we argue that they have not provided a complete analysis. We present a variation on this study that addresses the relation between atypical and moral considerations as they contribute to the application of the concept causation. Our results indicate that atypicality cannot be ignored in an analysis of the folk concept of causation. That is, Knobe and Fraser's response to Driver is inadequate.;Folk psychological concepts: Causation1
187;10.1080/10447318.2011.595621;The Scratch environment exemplifies a tool+community approach to teaching elementary programming skills, as it includes a website where users can publish, discuss, and organize animations that are programs. To explore this environment's effectiveness for helping people to develop programming skills, a quantitative analysis of 250 randomly selected users' data, including more than 1,000 of their animations, was performed. Skill based on 4 models that had proven useful in prior empirical studies was measured. Overall, mixed results about the environment's effectiveness were found. Among users who do not drop out, an increasing progression in social skills was found. However, an extremely high drop-out rate was also observed. Moreover, a flat or decreasing level of demonstrated skill was observed on virtually every measure. These results call into question whether simply combining an animation tool and an online community is sufficient for keeping people engaged long enough to learn elementary programming skills.;Skill Progression Demonstrated by Users in the Scratch Animation Environment
188;10.1080/13698240903403915;In the face of the current focus on climate change, the question whether climate variations have effects on ethnic violence is addressed. This article shows the results of an empirical study on the relationship between violent livestock raiding and climatic conditions. The practice of livestock raiding causes large numbers of casualties in northern Kenya. While conflicts over scarce resources may be largely explained by drought conditions, population pressure, and access problems, livestock raiding is more violent during wet seasons, when pasture and water are abundant and when the livestock is in good health. The higher incidence of violent deaths during wet times hints at opportunistic behaviour of raiders.;Of Rain and Raids: Violent Livestock Raiding in Northern Kenya
189;10.1080/17470218.2013.777084;Behavioural and neuroscientific research has provided evidence for a strong functional link between the neural motor system and lexical-semantic processing of action-related language. It remains unclear, however, whether the impact of motor actions is restricted to online language comprehension or whether sensorimotor codes are also important in the formation and consolidation of persisting memory representations of the word's referents. The current study now demonstrates that recognition performance for action words is modulated by motor actions performed during the retention interval. Specifically, participants were required to learn words denoting objects that were associated with either a pressing or a twisting action (e.g., piano, screwdriver) and words that were not associated to actions. During a 6-8-minute retention phase, participants performed an intervening task that required the execution of pressing or twisting responses. A subsequent recognition task revealed a better memory for words that denoted objects for which the functional use was congruent with the action performed during the retention interval (e.g., pepper mill-twisting action, doorbell-pressing action) than for words that denoted objects for which the functional use was incongruent. In further experiments, we were able to generalize this effect of selective memory enhancement of words by performing congruent motor actions to an implicit perceptual (Experiment 2) and implicit semantic memory test (Experiment 3). Our findings suggest that a reactivation of motor codes affects the process of memory consolidation and emphasizes therefore the important role of sensorimotor codes in establishing enduring semantic representations.;Embodied Grounding of Memory: Toward the Effects of Motor Execution on Memory consolidation
190;10.1086/269239;A theoretical model of the emergence of assimilation and contrast effects in part-whole question sequences is presented. When one specific question precedes a general question and the two are not assigned to the same conversational context, respondents use the information primed by the specific question to form the general judgment. This results in part-whole assimilation effects. If both questions are perceived as belonging to gether, however, conversational norms of nonredundancy prohibit the repeated use of information that has already been provided in response to the specific question when making the general judgment. Accordingly, respondents interpret the general question to refer to aspects other than the ones covered by the specific question. Contrast effects may emerge in that case under specified conditions. If several specific questions precede the general question, however, the general one is always interpreted as a request for a summary judgment. This results in assimilation effects, even under conditions that would foster contrast effects if only one specific question is asked. The model is supported by experimental data and provides a coherent account of apparently contradictory findings previously reported in the survey literature.;Assimilation and Contrast Effects in Part-Whole Question Sequences: A Conversational Logic Analysis
191;10.1086/511995;For industries ranging from software to pharmaceuticals and entertainment,\nthere is an intense debate about the appropriate level of\nprotection for intellectual property. The Internet provides a natural\ncrucible to assess the implications of reduced protection because it\ndrastically lowers the cost of copying information. In this paper, we\nanalyze whether file sharing has reduced the legal sales of music. While\nthis question is receiving considerable attention in academia, industry,\nand Congress, we are the first to study the phenomenon employing\ndata on actual downloads of music files.We match an extensive sample\nof downloads to U.S. sales data for a large number of albums. To\nestablish causality, we instrument for downloads using data on international\nschool holidays. Downloads have an effect on sales that is\nstatistically indistinguishable from zero. Our estimates are inconsistent\nWe would like to thank Bharat Anand, Gary Becker, Bob Frank, Shane Greenstein,\nAustan Goolsbee, Alan Krueger, Steven Levitt, Tom Mroz, Alan Sorensen, Joel Waldfogel,\nSteven Wildman, Pai-Ling Yin, participants at numerous seminars, and two anonymous\nreferees for helpful comments. This project would not have been possible without the\nassistance of several individuals and organizations. MixMasterFlame and the FlameNap\nnetwork shared P2P data with us, and BigChampagne LLC, the CMJ Network, Nathaniel\nLeibowitz, and Nevil Brownlee generously provided auxiliary data. We thank Keith Ross\nand David Weekly for assistance in understanding the KaZaA, OpenNap, and WinMX\nsearch protocols and database indices. Sarah Woolverton and Christina Hsiung Chen\nprovided superb research assistance. The financial support of the George F. Baker Foundation\n(Oberholzer-Gee) and the Kenan Faculty Fund (Strumpf) is gratefully acknowledged.\nWe appreciated the aural support from Massive Attack, Sigur Ros, and the Mountain\nGoats.;The Effect of File Sharing on Record Sales: An Empirical Analysis
192;10.1086/670020;"Four studies demonstrate that selling and buying prices are differentially influenced by the value of products ’ low- and high-level construal features. The study shows that sellers construe products at a higher level than do buyers and owners. Based on this, this study predicts and demonstrates that selling prices exceed buying prices when (1) the object’s primary aspects are superior and the object’s sec-ondary aspects are inferior but not vice versa, (2) individuals focus on a product’s desirability-related aspects rather than the same product’s feasibility-related as-pects, (3) individuals are in a “why ” mind-set but not when they are in a “how” mind-set, and (4) the product’s desirability aspects are superior and its feasibility aspects inferior but not vice versa. Further, sellers ’ and buyers ’ differential construal mediates the difference between seller and buyer prices, which emerges when a product’s value derives from high-level features but not from low-level features. Although microeconomic theory (Willig 1976) predictsthat ownership of an item should not have an impact on how much the item is valued (Coase 1960), numerous laboratory and field studies find that selling prices of an object are several times higher than its buying prices (Boyce et al. 1992; Irwin 1994; Kahneman, Knetsch, and Thaler 1990; Shogren et al. 1994). This discrepancy between selling and buying prices of an object, sometimes referred to as the “endowment effect ” (Thaler 1980), has been observed in a myriad of domains ranging from everyday market items such as coffee mugs and pens (Kahneman et al. 1990) to";Selling the Forest, Buying the Trees: The Effect of Construal Level on Seller-Buyer Price Discrepancy
193;10.1086/679118;When consumers perceive that a resource is limited and may be insufficient to accomplish goals, they recruit and enact plans to cope with the shortage. We distinguish two common strategies: efficiency planning yields savings by stretching the resource, whereas priority planning does so by sacrificing less important goals. Using a variety of methods to explore both financial and time planning, we investigate how the two types of planning differ, how they vary with constraint, and how they interrelate. Relative to efficiency planning, priority planning is perceived as yielding larger one-time savings, but it feels more costly because it requires trade-offs within-resource (e.g., money for money) as opposed to cross-resource (e.g., time for money). As constraint increases and greater resource savings are required, prioritization becomes more likely. However, the shift to prioritization is often insufficient, and consumers tend to react to insufficient prioritization dysfunctionally, making a bad situation worse. Budgeting helps consumers behave more adaptively. Budgeters respond to constraint with more priority planning than nonbudgeters, and they report fewer dysfunctional behaviors, like overspending and impulsive shopping.;Squeezed: Coping with Constraint through Efficiency and Prioritization
194;10.1093/acprof:osobl/9780199927418.003.0013;"This chapter addresses the issue of the underrepresentation of women in philosophy by presenting an account regarding gender differences in philosophical institutions. It begins with an analysis of data on the gender gap in academic philosophy; followed by a discussion about the term “intuition,”as well as the tendency to appeal to intuitions during philosophical arguments. It then presents empirical data about gender differences derived from a series of experiments such as a Gettier-style case study of Christina Starmans and Ori Friedman, a philosophical thought experiment of Geoffrey Holtzman, and one of David Pizarro about moral responsibility and causal deviance, among others; one hypothesis derived from these studies pertains to the distinct differences between women and mens' intuitions regarding philosophy, with the instructors deciding that the mens' are more correct.";Gender and Philosophical Intuition*
195;10.1093/hmg/ddq571;Adolescent idiopathic scoliosis (AIS) is an unexplained and common spinal deformity seen in otherwise healthy children. Its pathophysiology is poorly understood despite intensive investigation. Although genetic underpinnings are clear, replicated susceptibility loci that could provide insight into etiology have not been forthcoming. To address these issues, we performed genome-wide association studies (GWAS) of ∼327 000 single nucleotide polymorphisms (SNPs) in 419 AIS families. We found strongest evidence of association with chromosome 3p26.3 SNPs in the proximity of the CHL1 gene (P < 8 × 10(-8) for rs1400180). We genotyped additional chromosome 3p26.3 SNPs and tested replication in two follow-up case-control cohorts, obtaining strongest results when all three cohorts were combined (rs10510181 odds ratio = 1.49, 95% confidence interval = 1.29-1.73, P = 2.58 × 10(-8)), but these were not confirmed in a separate GWAS. CHL1 is of interest, as it encodes an axon guidance protein related to Robo3. Mutations in the Robo3 protein cause horizontal gaze palsy with progressive scoliosis (HGPPS), a rare disease marked by severe scoliosis. Other top associations in our GWAS were with SNPs in the DSCAM gene encoding an axon guidance protein in the same structural class with Chl1 and Robo3. We additionally found AIS associations with loci in CNTNAP2, supporting a previous study linking this gene with AIS. Cntnap2 is also of functional interest, as it interacts directly with L1 and Robo class proteins and participates in axon pathfinding. Our results suggest the relevance of axon guidance pathways in AIS susceptibility, although these findings require further study, particularly given the apparent genetic heterogeneity in this disease.;Genome-wide association studies of adolescent idiopathic scoliosis suggest candidate susceptibility genes
196;10.1093/ije/dyt028;"BACKGROUND: The present study investigated whether single nucleotide polymorphisms (SNPs) in the alpha-protein kinase 1 (ALPK1) gene are associated with gout in aboriginal and Han Chinese Taiwanese. METHODS: A total of 1351 aborigines from the community (511 cases and 840 controls) and 511 Han people from hospital (104 cases and 407 controls) were recruited. SNPs in potentially functional regions of the 38 genes within 4q25 were identified and genotypes determined by direct sequencing. Quantitation of blood ALPK1 mRNA expression levels and luciferase assay of gout-associated rs231253 pGL3-SNP constructs cotransfected with hsa-miR-519e were examined. RESULTS: We found that ALPK1 gene was the most determinant of gout. Three SNPs of rs11726117 M861T [C], rs231247 [G] and rs231253 [G] were most associated with gout risk [odd ratios (OR) ≥1.44, P ≤ 3.78 × 10(-6)) in aborigines. A replication set using Han people had risk at rs11726117 and rs231247 (OR ≥1.72, P ≤ 4.08 × 10(-3)). From pooled analysis (Breslow-Day test, P > 0.33) assuming an additive model, each increasing copy of the risk allele of rs11726117 [C], rs231247 [G] and rs231253 [G] showed significantly elevated OR for gout ≥1.42 (P ≥ 1.53 × 10(-6)). Consistently, the composite homozygous of linked 3 SNPs (versus wild-type, OR = 1.83, P = 8.21 × 10(-4)) had strong associations with ALPK1 mRNA expression. Luciferase showed reduced hybridization between hsa-miR-519e and construct carrying gout-associated rs231253 [G] than the wild-type [C] (P = 6.19 × 10(-4)). CONCLUSIONS: Our study found that a newly identified ALPK1 gene can effectively interfere with microRNA target recognition and modulates the mRNA expression; and the varying distribution of the implicated SNPs among cases and controls in the two studied populations suggests a significant role in gout susceptibility.";ALPK1 genetic regulation and risk in relation to gout
197;10.1093/jcr/ucaa006;Abstract Many studies document the benefits of presenting smaller quantities of products, particularly when differences in quantity relate to availability or popularity. However, we know less about the effects of quantity differences in contexts unrelated to scarcity, such as when products are depicted in ads, special displays, or online retailing settings. The present research builds on extant literature by investigating a previously unexplored question: How do product perceptions differ depending on whether consumers view a single unit in isolation, versus as one unit among identical product replicates? Five experiments demonstrate that presenting multiple product replicates as a group (vs. presenting a single item) increases product efficacy perceptions because it leads consumers to perceive products as more homogeneous and unified around a shared goal. That is, consumers perceive greater product entitativity when viewing a group of product replicates. As a result, the perceived and actual ability of products to deliver that function (i.e., product efficacy) increases.;Product Entitativity: How the Presence of Product Replicates Increases Perceived and Actual Product Efficacy
198;10.1093/jcr/ucaa019;Abstract Leisure is desirable and beneficial, yet consumers frequently forgo leisure in favor of other activities—namely, work. Why? We propose that goal conflict plays an important role. Seven experiments demonstrate that perceiving greater goal conflict shapes how consumers allocate time to work and leisure—even when those activities are unrelated to the conflicting goals. This occurs because goal conflict increases reliance on salient justifications, influencing how much time people spend on subsequent, unrelated activities. Because work tends to be easier to justify and leisure harder to justify, goal conflict increases time spent on work and decreases time spent on leisure. Thus, despite the conflicting goals being independent of the specific work and leisure activities considered (i.e., despite goal conflict being “incidental”), perceiving greater goal conflict encourages work and discourages leisure. The findings further understanding of how consumers allocate time to work and leisure, incidental effects of goal conflict on decision-making, and the role of justification in consumer choice. They also have implications for the use of “time-saving” technologies and the marketing of leisure activities.;Goal Conflict Encourages Work and Discourages Leisure
199;10.1093/jcr/ucv023;Although parents often try not to favor one child, we examine whether specific environmental factors might bias parents to favor children of one sex over the other. This research draws on theory in evolutionary biology suggesting that investment in female versus male offspring depends on resource availability. Applying this to consumers, a series of experiments show that poor economic conditions favor resource allocations to daughters over sons. For example, poor conditions led people to bequeath more assets to girls in their will, and to choose girls to receive a US Treasury bond and a beneficial extracurricular activity. It is proposed that this happens because spending on children represents a reproductive investment, and that boys’ and girls’ relative reproductive value varies with economic conditions. Supporting this account, perceptions of which child will have more children statistically mediates the effect of economic conditions on preferences for girls. Consequently, the effect is strengthened as a child approaches reproductive age, and it is moderated by individual differences (risk aversion and monogamy) directly related to our theoretical model. This research contributes to the consumer behavior literature by revealing how, why, and when environmental factors influence spending on girls versus boys.;Spending on Daughters versus Sons in Economic Recessions
200;10.1093/jcr/ucv051;This research examines how a general sense of resource availability influences consumers' product use creativity. The authors propose and demonstrate that the salience of resource scarcity versus abundance enhances the novelty of product use solutions in independent consumption environments. An investigation of the underlying process finds that scarcity salience activates a constraint mindset that persists and manifests itself through reduced functional fixedness in subsequent product usage contexts (i.e., makes consumers think beyond the traditional functionality of a given product), consequently enhancing product use creativity. This work advances the extant creativity literature, currently limited to examining the effects of context-specific resource constraints, by establishing a context-independent linkage between resource availability and product use creativity. Furthermore, this research contributes to the scarcity literature, which has primarily focused on investigating the quantity and frequency of consumption, by examining the impact of scarcity on the quality of consumption solutions.;Creating When You Have Less: The Impact of Resource Scarcity on Product Use Creativity
201;10.1093/jcr/ucw056;Marketers frequently use scarcity promotions, where a product or event is limited in availability. The present research shows conditions under which the mere exposure to such advertising can activate actual aggression that manifests even outside the domain of the good being promoted. Further, we document the process underlying this effect: exposure to limited-quantity promotion advertising prompts consumers to perceive other shoppers as competitive threats to obtaining a desired product and physiologically prepares consumers to aggress. Seven studies using multiple behavioral measures of aggression demonstrate this deleterious response to scarcity promotions.;The Dark Side of Scarcity Promotions: How Exposure to Limited-Quantity Promotions Can Induce Aggression
202;10.1093/jcr/ucz022;Abstract Whether it is clothing, meals or an exercise regimen, consumers purchase a wide range of goods on a recurring basis using a subscription model. While past research indicates that people continue to subscribe to these services even when they rarely use them, no work to date has examined how identity considerations affect preferences in this domain. Building on research on signaling and self-concept structure, we propose that quitting an ongoing subscription can threaten the stability of the self-concept by signaling a change in identity. Consumers who are uncertain about their self-concept (i.e., low self-concept clarity) and motivated to maintain a stable self-concept are thus more likely to keep unused subscriptions than those who are more certain. In support of the underlying mechanism, we demonstrate that self-concept clarity affects choices only for identity-relevant subscription choices, and that it affects choices for subscriptions, but not one-shot product choices that are a weaker signal of identity. Finally, because signing up for a new subscription also signals an identity change that can threaten the stability of the self, consumers with low self-concept clarity are also less likely to subscribe to a new service compared to those with more certain self-concepts.;The Uncertain Self: How Self-Concept Structure Affects Subscription Choice
203;10.1093/jcr/ucz028;Abstract The present research proposes a new perspective to investigate the effect of product anthropomorphism on consumers’ comparative judgment strategy in comparing two anthropomorphized (vs. two nonanthropomorphized) product options in a consideration set. Six experiments show that anthropomorphism increases consumers’ use of an absolute judgment strategy (vs. a dimension-by-dimension strategy) in comparative judgment, leading to increased preference for the option with a more favorable overall evaluation over the option with a greater number of superior dimensions. The effect is mediated by consumers’ perception of each anthropomorphized product alternative as an integrated entity rather than a bundle of separate attributes. The authors find the effect to be robust by directly tracing the process of participants’ information processing using MouseLab software and eye-tracking techniques, and by self-reported preferences and real consumption choices. Moreover, the effect is moderated by the motivation to seek maximized accuracy or ease. These studies have important implications for theories about anthropomorphism and comparative judgment as well as marketing practice.;The Influence of Product Anthropomorphism on Comparative Judgment
204;10.1093/joc/jqx008;© 2018 International Communication Association.Though fear appeals have largely been the default emotional appeal to motivate prosocial behaviors, research indicates that other emotionally charged messages, like those using humor, May also be effective. We conducted an experiment to compare the effects of fear and humor appeals on climate change-related behavioral intentions and perceived risk of climate change. We randomly assigned young adults to view one of three videos about climate change (fear, humor, informational) or a control video. Compared to control, viewing the fear or humor appeal produced greater climate change activism intentions, but only the fear appeal directly affected risk perceptions. Mediation analyses highlighted tradeoffs for fear and humor appeals, and moderation analyses demonstrated an age-by-appeal interaction effect on intentions and perceived risk.;Pathways of Influence in Emotional Appeals: Benefits and Tradeoffs of Using Fear or Humor to Promote Climate Change-Related Intentions and Risk Perceptions
205;10.1093/jos/ffr009;Quantifiers, unlike proper names or definite descriptions, cannot be given the semantics of referring expressions. This fact has triggered a long-standing debate in formal semantics and syntax as to the combinatorial means by which quantifiers are integrated into a sentence. The present paper contributes to this debate through an investigation of quantifier comprehension during real-time sentence processing. We present evidence showing that two potentially independent processes—the integration of a quantifier in object position and the resolution of antecedent-contained deletion (ACD)—are linked. Our data show, more specifically, that the resolution of a downstream ACD site is facilitated during real-time sentence processing if the upstream DP hosting the ACD site is quantificational but not if it is definite. We discuss these findings in the context of a QUANTIFIER RAISING-based approach and a type-shifting-based approach to quantifier integration. We argue that facilitation of ACD resolution by an upstream quantifier is only expected by theories, such as the QUANTIFIER RAISING approach, which employ the same mechanism for both processes. We then compare the QUANTIFIER RAISING-based account with a non-grammatical experience-based approach to our data, which attempts to explain the findings in terms of corpus frequencies. Although we cannot rule out such an alternative at this stage, we offer reasons to believe that an account that exploits QUANTIFIER RAISING has an explanatory advantage.;Quantification and ACD: Evidence from Real-Time Sentence Processing
206;10.1093/oxfordhb/9780195309799.013.0022;The aim of the article is to review existing work in experimental philosophy. The experimental philosophy seeks to examine the phenomena that have been traditionally associated with philosophy using the methods that have more recently been developed within cognitive science. Conceptual analysis frequently relies on appeals to intuition, but it is rarely made clear precisely whose intuitions are being discussed. The emphasis in cross-cultural work in experimental philosophy has been shifting toward the study of moral judgments, with papers exploring cross-cultural differences in intuitions about consequentialism and moral responsibility. Philosophers have been working on the relationship between moral responsibility and determinism. One of the key points of contention is whether moral responsibility and determinism are compatible or incompatible. Philosophers working within the framework of the analytic project have long engaged in the study of people's intuitions, but their real interest has not typically been in human beings and the way they think. They work to understand the true nature of the properties and relations that people's concepts pick out. Some philosophers believe that the most important and fundamental issues are somehow getting overlooked as researchers turn more and more to empirically informed work in cognitive science.;Experimental Philosophy
207;10.1093/ptj/85.6.515;BACKGROUND AND PURPOSE: Physical therapy is faced with the challenge of producing evidence that physical therapy interventions are effective. The fundamental question confronting physical therapy is whether or not physical therapy interventions make a contribution to function, health, and well-being. The individual's ability to perform actions can serve as a theoretical construct related to movement and health around which physical therapy interventions can be assessed. To this end, the aims of this study were: (1) to develop a self-report instrument to assess ability to perform mobility actions in an adult outpatient population and (2) to assess the psychometric properties of such an instrument in the appropriate population. SUBJECTS AND METHODS: An instrument was developed to assess difficulty and confidence related to 24 actions. Descriptive statistics and measures of reliability, validity, and responsiveness were computed. A total of 391 patients participated in the study. RESULTS: The coefficient for reliability was in the required range, and measures of validity and responsiveness were established as well. Three factors were identified. DISCUSSION AND CONCLUSION: The instrument provides the beginning of documentation of outcomes in movement to identify the unique contributions of physical therapist practice.;Development and Testing of a Self-report Instrument to Measure Actions: Outpatient Physical Therapy Improvement in Movement Assessment Log (OPTIMAL)
208;10.1093/qje/qjr034;While evidence suggests that people evaluate outcomes with respect to reference points, little is known about what determines them. We conduct two experiments that show that reference points are determined, at least in part, by expectations. In an exchange experiment, we endow subjects with an item and randomize the probability they will be allowed to trade. Subjects that are less likely to be able to trade are more likely to choose to keep their item. In a valuation experiment, we randomly assign subjects a high or low probability of obtaining an item and elicit their willingness-to-accept for it. The high probability treatment increases valuation of the item by 20--30%. Copyright 2011, Oxford University Press.;Expectations as Endowments: Evidence on Reference-Dependent Preferences from Exchange and Valuation Experiments *
209;10.1093/qje/qjt035;Abstract We present evidence from laboratory experiments showing that individuals are “last-place averse.” Participants choose gambles with the potential to move them out of last place that they reject when randomly placed in other parts of the distribution. In modified dictator games, participants randomly placed in second-to-last place are the most likely to give money to the person one rank above them instead of the person one rank below. Last-place aversion suggests that low-income individuals might oppose redistribution because it could differentially help the group just beneath them. Using survey data, we show that individuals making just above the minimum wage are the most likely to oppose its increase. Similarly, in the General Social Survey, those above poverty but below median income support redistribution significantly less than their background characteristics would predict.;“Last-Place Aversion”: Evidence and Redistributive Implications *
210;10.1093/scan/nsu108;Strong evidence links the 5-HTTLPR genotype to the modulation of amygdala reactivity during fear conditioning, which is considered to convey the increased vulnerability for anxiety disorders in s-allele carriers. In addition to amygdala reactivity, the 5-HTTLPR has been shown to be related to alterations in structural and effective connectivity. The aim of this study was to investigate the effects of 5-HTTLPR genotype on amygdala reactivity and effective connectivity during fear conditioning, as well as structural connectivity [as measured by diffusion tensor imaging (DTI)]. To integrate different classification strategies, we used the bi-allelic (s-allele vs l/l-allele group) as well as the tri-allelic (low-functioning vs high-functioning) classification approach. S-allele carriers showed exaggerated amygdala reactivity and elevated amygdala-insula coupling during fear conditioning (CS + > CS-) compared with the l/l-allele group. In addition, DTI analysis showed increased fractional anisotropy values in s-allele carriers within the uncinate fasciculus. Using the tri-allelic classification approach, increased amygdala reactivity and amygdala insula coupling were observed in the low-functioning compared with the high-functioning group. No significant differences between the two groups were found in structural connectivity. The present results add to the current debate on the influence of the 5-HTTLPR on brain functioning. These differences between s-allele and l/l-allele carriers may contribute to altered vulnerability for psychiatric disorders.;The association between the 5-HTTLPR and neural correlates of fear conditioning and connectivity
211;10.1097/00006842-200103000-00012;"OBJECTIVE: Both the startle reflex elicited by an intense acoustic or tactile stimulus and the perceived intensity of that stimulus can be diminished by a weak ""prepulse"" that precedes the startling stimulus. The present study examined whether prepulses can also diminish the pain produced by an intense electrical stimulus similar to that used to treat life-threatening cardiac arrhythmias in conscious patients with implantable cardioverter/defibrillators or transcutaneous pacemakers. METHODS: Perceptual and pain thresholds for electrical shocks to the arm were determined in 20 adults. Participants then rated the painfulness of 25 electrical shocks that were 1.5 times the pain threshold (mean shock intensity, approximately 160 V) and either presented alone or preceded (at 40-60 ms) by weak electrical prepulses equal to or 25% above the perceptual threshold. RESULTS: Prepulses significantly reduced the pain produced by the intense shocks. Individuals with the lowest pain thresholds experienced the greatest pain reduction with prepulses. In these more sensitive individuals, the most effective prepulses reduced perceived pain by 26% across the entire test session and by 54% in the initial block of five shocks. CONCLUSIONS: Prepulses may be useful in diminishing the pain associated with the therapeutic electrical shocks used to treat cardiac arrhythmias.";Prepulses Reduce the Pain of Cutaneous Electrical Shocks
212;10.1097/01.naq.0000305943.46440.77;"BACKGROUND: Watson's Theory of Caring and Caritas proposes that caring and love potentiate healing. Creating a profile of the characteristics of a ""Caritas nurse"" has implications for integrating caring and love into patient care, and measuring the impact of caring on patient and operational outcomes. METHODS: This psychometric study examined the profile of nurses effective in caring. The Caring Factor Survey and the Healthcare Environment Survey were selected to measure caring and work environment conditions as reported by the patient and by the nurse, respectively. RESULTS: The results of this study revealed that nurses of all ages who received high scores in caring were most frustrated with the work environment, were most experienced, worked only the hours scheduled, were most affected by the relationship with the patient, derived the most enjoyment from the relationship with their coworkers, and provided continuity of care most consistently. DISCUSSION AND IMPLICATIONS: Findings from this study indicate that further inquiry into the profile of nurses effective in caring and evaluation of the presence of caring and love on patient outcomes is warranted.";Creating a Profile of a Nurse Effective in Caring
213;10.1097/acm.0b013e31823b55fa;PURPOSE: Reflective writing (RW) curriculum initiatives to promote reflective capacity are proliferating within medical education. The authors developed a new evaluative tool that can be effectively applied to assess students' reflective levels and assist with the process of providing individualized written feedback to guide reflective capacity promotion. METHOD: Following a comprehensive search and analysis of the literature, the authors developed an analytic rubric through repeated iterative cycles of development, including empiric testing and determination of interrater reliability, reevaluation and refinement, and redesign. Rubric iterations were applied in successive development phases to Warren Alpert Medical School of Brown University students' 2009 and 2010 RW narratives with determination of intraclass correlations (ICCs). RESULTS: The final rubric, the Reflection Evaluation for Learners' Enhanced Competencies Tool (REFLECT), consisted of four reflective capacity levels ranging from habitual action to critical reflection, with focused criteria for each level. The rubric also evaluated RW for transformative reflection and learning and confirmatory learning. ICC ranged from 0.376 to 0.748 for datasets and rater combinations and was 0.632 for the final REFLECT iteration analysis. CONCLUSIONS: The REFLECT is a rigorously developed, theory-informed analytic rubric, demonstrating adequate interrater reliability, face validity, feasibility, and acceptability. The REFLECT rubric is a reflective analysis innovation supporting development of a reflective clinician via formative assessment and enhanced crafting of faculty feedback to reflective narratives.;Fostering and Evaluating Reflective Capacity in Medical Education: Developing the REFLECT Rubric for Assessing Reflective Writing
214;10.1097/brs.0b013e3181ed2de1;"STUDY DESIGN: Validation of a prognostic DNA marker panel. OBJECTIVE: The goals of this study were to develop and test the negative predictive value of a prognostic DNA test for adolescent idiopathic scoliosis (AIS) and to establish clinically meaningful endpoints for the test. SUMMARY OF BACKGROUND DATA: Clinical features do not adequately predict which children diagnosed with minimal or mild AIS will have the progressive form of the disease; genetic markers associated with curve progression might offer clinically useful prognostic insights. METHODS: Logistic regression was used to develop an algorithm to predict spinal curve progression incorporating genotypes for 53 single nucleotide polymorphisms and the patient's presenting spinal curve (Cobb angle). Three cohorts with known AIS outcomes were selected to reflect intended-use populations with various rates of AIS progression: 277 low-risk females representing a screening cohort, 257 females representing higher risk patients followed at referral centers, and 163 high risk males. DNA was extracted from saliva, and genotypes were determined using TaqMan assays. AIS Prognostic Test scores ranging from 1 to 200 were calculated. RESULTS: Low-risk scores (<41) had negative predictive values of 100%, 99%, and 97%, respectively, in the tested populations. In the risk model, we used cutoff scores of 50 and 180 to identify 75% of patients as low-risk (<1% risk of progressing to a surgical curve), 24% as intermediate-risk, and 1% as high-risk. CONCLUSION: Prognostic testing for AIS has the potential to reduce psychological trauma, serial exposure to diagnostic radiation, unnecessary treatments, and direct and indirect costs-of-care related to scoliosis monitoring in low-risk patients. Further improvements in test performance are expected as the optimal markers for each locus are identified and the underlying biologic pathways are better understood. The validity of the test applies only to white AIS patients; versions of the test optimized for AIS patients of other races have yet to be developed.";Validation of DNA-Based Prognostic Testing to Predict Spinal Curve Progression in Adolescent Idiopathic Scoliosis
215;10.1098/rspb.2011.1959;The increasing ubiquity of web-based social networking services is a striking feature of modern human society. The degree to which individuals participate in these networks varies substantially for reasons that are unclear. Here, we show a biological basis for such variability by demonstrating that quantitative variation in the number of friends an individual declares on a web-based social networking service reliably predicted grey matter density in the right superior temporal sulcus, left middle temporal gyrus and entorhinal cortex. Such regions have been previously implicated in social perception and associative memory, respectively. We further show that variability in the size of such online friendship networks was significantly correlated with the size of more intimate real-world social groups. However, the brain regions we identified were specifically associated with online social network size, whereas the grey matter density of the amygdala was correlated both with online and real-world social network sizes. Taken together, our findings demonstrate that the size of an individual's online social network is closely linked to focal brain structure implicated in social cognition.;Online social network size is reflected in human brain structure
216;10.1098/rsta.2014.0464;Climate change projections necessarily involve uncertainty. Analysis of the physics and mathematics of the climate system reveals that greater uncertainty about future temperature increases is nearly always associated with greater expected damages from climate change. In contrast to those normative constraints, uncertainty is frequently cited in public discourse as a reason to delay mitigative action. This failure to understand the actual implications of uncertainty may incur notable future costs. It is therefore important to communicate uncertainty in a way that improves people's understanding of climate change risks. We examined whether responses to projections were influenced by whether the projection emphasized uncertainty in the outcome or in its time of arrival. We presented participants with statements and graphs indicating projected increases in temperature, sea levels, ocean acidification and a decrease in arctic sea ice. In the uncertain-outcome condition, statements reported the upper and lower confidence bounds of the projected outcome at a fixed time point. In the uncertain time-of-arrival condition, statements reported the upper and lower confidence bounds of the projected time of arrival for a fixed outcome. Results suggested that people perceived the threat as more serious and were more likely to encourage mitigative action in the time-uncertain condition than in the outcome-uncertain condition. This finding has implications for effectively communicating the climate change risks to policy-makers and the general public.;When, not if: the inescapability of an uncertain climate future
217;10.1111/1467-9280.00334;Prospect theory's S-shaped weighting function is often said to reflect the psychophysics of chance. We propose an affective rather than psychophysical deconstruction of the weighting function resting on two assumptions. First, preferences depend on the affective reactions associated with potential outcomes of a risky choice. Second, even with monetary values controlled, some outcomes are relatively affect-rich and others relatively affect-poor. Although the psychophysical and affective approaches are complementary, the affective approach has one novel implication: Weighting functions will be more S-shaped for lotteries involving affect-rich than affect-poor outcomes. That is, people will be more sensitive to departures from impossibility and certainty but less sensitive to intermediate probability variations for affect-rich outcomes. We corroborated this prediction by observing probability-outcome interactions: An affect-poor prize was preferred over an affect-rich prize under certainty, but the direction of preference reversed under low probability. We suggest that the assumption of probability-outcome independence, adopted by both expected-utility and prospect theory, may hold across outcomes of different monetary values, but not different affective values.;Money, Kisses, and Electric Shocks: On the Affective Psychology of Risk
218;10.1111/1540-6237.8402002;"Objective. County‐level socioeconomic and demographic data were used to construct an index of social vulnerability to environmental hazards, called the Social Vulnerability Index (SoVI) for the United States based on 1990 data. Methods. Using a factor analytic approach, 42 variables were reduced to 11 independent factors that accounted for about 76 percent of the variance. These factors were placed in an additive model to compute a summary score—the Social Vulnerability Index. Results. There are some distinct spatial patterns in the SoVI, with the most vulnerable counties clustered in metropolitan counties in the east, south Texas, and the Mississippi Delta region. Conclusion. Those factors that contribute to the overall score often are different for each county, underscoring the interactive nature of social vulnerability—some components increase vulnerability; others moderate the effects.";Social Vulnerability to Environmental Hazards<sup>*</sup>
219;10.1111/bjc.12069;OBJECTIVES: In daily life, many decisions of minor and major importance have to be made. Thereby, intuitive judgments serve as useful guides and help us to adapt to our environment. People with major depressive disorder (MDD) often have difficulties to come to decisions. Is their intuition impaired? Since this question has not been addressed until now, the present study explored intuition in MDD. METHODS: Depressed patients (n = 29) and healthy control participants (n = 27) completed the Judgment of Semantic Coherence Task, a well-established paradigm used in basic cognitive research to measure intuition. Furthermore, participants' severity of depressive symptoms (BDI-II), negative affect (PANAS), and rumination (RSQ) were assessed. All participants were interviewed with the SCID. RESULTS: Depressed patients showed impaired intuition compared to healthy control participants. In the depressed sample, negative affect accounts for the association between rumination and impaired intuition. Results further reveal that negative affect overall mediates the depression-intuition relationship. Patients with diminished ability to concentrate or indecisiveness had lower intuition indices compared to patients who did not fulfil this diagnostic criterion of MDD. CONCLUSIONS: The study introduces the phenomenon of intuition into depression research. Additionally, these results extent findings from basic research showing that induced negative mood as well difficulties to down-regulate negative affect impair intuitive coherence judgments. Current results indicate that the negative affectivity of patients is the crucial mediator in the association between depression and impaired intuition. Limitations of the study as well as the potential etiological role of intuition in MDD are discussed. PRACTITIONER POINTS: The finding that intuition is impaired in depressed patients extends our knowledge as to the cognitive profile of patients with MDD. Patients who suffer from indecisiveness have lower intuition indices compared to patients who do not fulfill this diagnostic criterion of MDD. Due to the cross-sectional design, final conclusions as to the etiological role of intuition in MDD cannot be drawn. The question remains open whether impaired intuition is specific to MDD.;Impaired intuition in patients with major depressive disorder
220;10.1111/j.1467-7687.2004.00351.x;In a previous study, a bilingual advantage for preschool children in solving the dimensional change card sort task was attributed to superiority in inhibition of attention (Bialystok, 1999). However, the task includes difficult representational demands to encode and interpret the task stimuli, and bilinguals may also have profited from superior representational abilities. This possibility is examined in three studies. In Study 1, bilinguals outperformed monolinguals on versions of the problem containing moderate representational demands but not on a more demanding condition. Studies 2 and 3 demonstrated that bilingual children were more skilled than monolinguals when the target dimensions were perceptual features of the stimulus and that the two groups were equivalent when the target dimensions were semantic features. The conclusions are that bilinguals have better inhibitory control for ignoring perceptual information than monolinguals do but are not more skilled in representation, confirming the results of the original study. The results also identify the ability to ignore an obsolete display feature as the critical difficulty in solving this task.;Attention and inhibition in bilingual children: evidence from the dimensional change card sort task
221;10.1111/j.1467-7687.2005.00441.x;This is the first study to investigate experimentally how children come to learn mappings between novel phrasal forms and novel meanings: a central task in learning a language. Two experiments are reported. In both studies 5- to 7-year-old children watched a short set of video clips depicting objects appearing in various ways. Each scene was described using a novel verb embedded in a novel construction. Children who watched the videos and heard the accompanying description were able to match new descriptions that used the novel construction with new scenes of appearance. Moreover, our results suggest a facilitative effect for the disproportionately high frequency of occurrence of a single verb in a particular construction (such as has been found to exist in naturalistic input to children). While the fast mapping might be taken as an indication of innate knowledge that is specific to language, analogous effects in non-linguistic categorization tasks suggest that children are acquiring the new phrasal form with general cognitive skills.;Fast mapping between a phrasal form and meaning
222;10.1111/j.1467-7687.2009.00946.x;Recent studies have demonstrated infants' pragmatic abilities for resolving the referential ambiguity of non-verbal communicative gestures, and for inferring the intended meaning of a communicator's utterances. These abilities are difficult to reconcile with the view that it is not until around 4 years that children can reason about the internal mental states of others. In the current study, we tested whether 17-month-old infants are able to track the status of a communicator's epistemic state and use this to infer what she intends to refer to. Our results show that manipulating whether or not a communicator has a false belief leads infants to different interpretations of the same communicative act, and demonstrate early mental state attribution in a pragmatic context.;Seventeen‐month‐olds appeal to false beliefs to interpret others’ referential communication
223;10.1111/j.1467-7687.2011.01127.x;Predicting the actions of others is critical to smooth social interactions. Prior work suggests that both understanding and anticipation of goal-directed actions appears early in development. In this study, on-line goal prediction was tested explicitly using an adaptation of Woodward's (1998) paradigm for an eye-tracking task. Twenty 11-month-olds were familiarized to movie clips of a hand reaching to grasp one of two objects. Then object locations were swapped, and the hand made an incomplete reach between the objects. Here, infants reliably made their first look from the hand to the familiarized goal object, now in a new location. A separate control condition of 20 infants familiarized to the same movements of an unfamiliar claw revealed the opposite pattern: reliable prediction to the familiarized location, rather than the familiarized object. This study suggests that by 11 months infants actively use goal analysis to generate on-line predictions of an agent's next action.;Infants generate goal‐based action predictions
224;10.1111/j.1467-8624.2007.00995.x;Two studies explored the role of implicit theories of intelligence in adolescents' mathematics achievement. In Study 1 with 373 7th graders, the belief that intelligence is malleable (incremental theory) predicted an upward trajectory in grades over the two years of junior high school, while a belief that intelligence is fixed (entity theory) predicted a flat trajectory. A mediational model including learning goals, positive beliefs about effort, and causal attributions and strategies was tested. In Study 2, an intervention teaching an incremental theory to 7th graders (N=48) promoted positive change in classroom motivation, compared with a control group (N=43). Simultaneously, students in the control group displayed a continuing downward trajectory in grades, while this decline was reversed for students in the experimental group.;Implicit Theories of Intelligence Predict Achievement Across an Adolescent Transition: A Longitudinal Study and an Intervention
225;10.1111/j.1467-9280.2006.01705.x;The ability of the emotion gratitude to shape costly prosocial behavior was examined in three studies employing interpersonal emotion inductions and requests for assistance. Study 1 demonstrated that gratitude increases efforts to assist a benefactor even when such efforts are costly (i.e., hedonically negative), and that this increase differs from the effects of a general positive affective state. Additionally, mediational analyses revealed that gratitude, as opposed to simple awareness of reciprocity norms, drove helping behavior. Furthering the theory that gratitude mediates prosocial behavior, Study 2 replicated the findings of Study 1 and demonstrated gratitude's ability to function as an incidental emotion by showing it can increase assistance provided to strangers. Study 3 revealed that this incidental effect dissipates if one is made aware of the true cause of the emotional state. Implications of these findings for the role of gratitude in building relationships are discussed.;Gratitude and Prosocial Behavior
226;10.1111/j.1467-9280.2006.01824.x;"Four experiments and a correlational study explored the relationship between power and perspective taking. In Experiment 1, participants primed with high power were more likely than those primed with low power to draw an E on their forehead in a self-oriented direction, demonstrating less of an inclination to spontaneously adopt another person's visual perspective. In Experiments 2a and 2b, high-power participants were less likely than low-power participants to take into account that other people did not possess their privileged knowledge, a result suggesting that power leads individuals to anchor too heavily on their own vantage point, insufficiently adjusting to others' perspectives. In Experiment 3, high-power participants were less accurate than control participants in determining other people's emotion expressions; these results suggest a power-induced impediment to experiencing empathy. An additional study found a negative relationship between individual difference measures of power and perspective taking. Across these studies, power was associated with a reduced tendency to comprehend how other people see, think, and feel.";Power and Perspectives Not Taken
227;10.1111/j.1467-9280.2007.01944.x;Two-year-olds engage in many behaviors that ostensibly require the attribution of mental states to other individuals. Yet the overwhelming consensus has been that children of this age are unable to attribute false beliefs. In the current study, we used an eyetracker to record infants' looking behavior while they watched actions on a computer monitor. Our data demonstrate that 25-month-old infants correctly anticipate an actor's actions when these actions can be predicted only by attributing a false belief to the actor.;Action Anticipation Through Attribution of False Belief by 2-Year-Olds
228;10.1111/j.1467-9280.2007.01983.x;We present two studies aimed at resolving experimentally whether religion increases prosocial behavior in the anonymous dictator game. Subjects allocated more money to anonymous strangers when God concepts were implicitly activated than when neutral or no concepts were activated. This effect was at least as large as that obtained when concepts associated with secular moral institutions were primed. A trait measure of self-reported religiosity did not seem to be associated with prosocial behavior. We discuss different possible mechanisms that may underlie this effect, focusing on the hypotheses that the religious prime had an ideomotor effect on generosity or that it activated a felt presence of supernatural watchers. We then discuss implications for theories positing religion as a facilitator of the emergence of early large-scale societies of cooperators.;God Is Watching You
229;10.1111/j.1467-9280.2008.02039.x;"Estimating the relative frequency of a class of objects or events is fundamental in subjective probability assessments and decision making (Estes, 1976), and research has long shown that people rely on heuristics for making these judgments (Gilovich, Griffin, & Kahneman, 2002). In this report, we identify a novel heuristic for making these judgments, the value heuristic: People judge the frequency of a class of objects on the basis of the subjective value of the objects.
Why use object value as a cue to object frequency? A psychological and economic principle of valuation is that the scarcity of objects increases their value (e.g., Brock, 1968; Hirshleifer, Glazer, & Hirshleifer, 2006; McKenzie & Chase, in press). Two different theoretical perspectives led us to hypothesize that people use this relationship to heuristically—and inversely—infer the frequency of a class of objects from their value. Kahneman and Frederick (2002) proposed that heuristic judgments rely on attribute substitution: In assessing an attribute (the target attribute, e.g., the frequency of an object) that is less readily assessed than a related property (the heuristic attribute, e.g., the value of the object), people unwittingly substitute the simpler assessment of the heuristic attribute for the assessment of the target attribute. This can bias judgments when the heuristic attribute is not diagnostic of the target attribute. Yet our proposition is also consistent with Brunswik's (1952) notion of probabilistic functionalism. Subjective estimates of a distal variable rely on judgmental cues that are probabilistically related to it. Brunswik's concept of vicarious functioning denotes the ability to analyze several cues that are correlated with the distal variable (e.g., frequency) and to substitute one cue (e.g., value) for another (e.g., ease of recall), a process that yields valid alternative routes to the distal variable.1
If people use the value of a class of stimuli heuristically to infer the frequency of the stimuli, they will assess more valuable stimulus classes as being less frequent even when value is not diagnostic of frequency. To test this hypothesis, we manipulated the value of stimuli only after participants had encoded them; then, participants assessed the frequencies of the stimuli. A randomization procedure ensured that stimulus value could not be diagnostic of frequency.
";The Value Heuristic in Judgments of Relative Frequency
230;10.1111/j.1467-9280.2008.02040.x;"People are often faced with threats to the legitimacy of their sociopolitical system. According to system-justification theory, when faced with such threats, people are motivated to restore their faith in the status quo by engaging in psychological processes that bolster its apparent legitimacy (Jost, Banaji, & Nosek, 2004). How might such processes of system justification manifest themselves in everyday interpersonal functioning?
One way that system justification is revealed in social psychological functioning has been well-documented—through the endorsement and cognitive activation of stereotypes whose specific content justifies social inequality (e.g., Kay et al., 2007). Stereotypes of men and women, in particular, can serve as psychological tools that justify and maintain social inequality. For example, Jackman (1994) has suggested that ascribing favorable and flattering, but clearly stereotypical, traits to women reduces resistance to gender-based role divisions (also see Hoffman & Hurst, 1990) by subtly implying that women are well suited to the roles they have traditionally occupied, and that stereotypically feminine traits are valued by society (also see Jost & Kay, 2005).
";Loving Those Who Justify Inequality
231;10.1111/j.1467-9280.2008.02044.x;We contrasted visual search for targets presented in prototypical views and targets presented in nonprototypical views, when targets were defined by their names and when they were defined by the action that would normally be performed on them. The likelihood of the first fixation falling on the target was increased for prototypical-view targets falling in the lower visual field. When targets were defined by actions, the durations of fixations were reduced for targets in the lower field. The results are consistent with eye movements in search being affected by representations within the dorsal visual stream, where there is strong representation of the lower visual field. These representations are sensitive to the familiarity or the affordance offered by objects in prototypical views, and they are influenced by action-based templates for targets.;Sensitivity to Object Viewpoint and Action Instructions During Search for Targets in the Lower Visual Field
232;10.1111/j.1467-9280.2008.02045.x;"Does moral behavior draw on a belief in free will? Two experiments examined whether inducing participants to believe that human behavior is predetermined would encourage cheating. In Experiment 1, participants read either text that encouraged a belief in determinism (i.e., that portrayed behavior as the consequence of environmental and genetic factors) or neutral text. Exposure to the deterministic message increased cheating on a task in which participants could passively allow a flawed computer program to reveal answers to mathematical problems that they had been instructed to solve themselves. Moreover, increased cheating behavior was mediated by decreased belief in free will. In Experiment 2, participants who read deterministic statements cheated by overpaying themselves for performance on a cognitive task; participants who read statements endorsing free will did not. These findings suggest that the debate over free will has societal, as well as scientific and theoretical, implications.";The Value of Believing in Free Will
233;10.1111/j.1467-9280.2008.02049.x;Extremal edges (EEs) are projections of viewpoint-specific horizons of self-occlusion on smooth convex surfaces. An ecological analysis of viewpoint constraints suggests that an EE surface is likely to be closer to the observer than the non-EE surface on the other side of the edge. In two experiments, one using shading gradients and the other using texture gradients, we demonstrated that EEs operate as strong cues to relative depth perception and figure-ground organization. Image regions with an EE along the shared border were overwhelmingly perceived as closer than either flat or equally convex surfaces without an EE along that border. A further demonstration suggests that EEs are more powerful than classical figure-ground cues, including even the joint effects of small size, convexity, and surroundedness.;Extremal Edge
234;10.1111/j.1467-9280.2008.02051.x;Many objects typically occur in particular locations, and object words encode these spatial associations. We tested whether such object words (e.g., head, foot) orient attention toward the location where the denoted object typically occurs (i.e., up, down). Because object words elicit perceptual simulations of the denoted objects (i.e., the representations acquired during actual perception are reactivated), we predicted that an object word would interfere with identification of an unrelated visual target subsequently presented in the object's typical location. Consistent with this prediction, three experiments demonstrated that words denoting objects that typically occur high in the visual field hindered identification of targets appearing at the top of the display, whereas words denoting low objects hindered target identification at the bottom of the display. Thus, object words oriented attention to and activated perceptual simulations in the objects' typical locations. These results shed new light on how language affects perception.;Head Up, Foot Down
235;10.1111/j.1467-9280.2008.02052.x;"The current work tested whether external motivation to respond without prejudice toward Blacks is associated with biased patterns of selective attention that reflect a threat response to Black individuals. In a dot-probe attentional bias paradigm, White participants with low and high external motivation to respond without prejudice toward Blacks (i.e., low-EM and high-EM individuals, respectively) were presented with pairs of White and Black male faces that bore either neutral or happy facial expressions; on each trial, the faces were displayed for either 30 ms or 450 ms. The findings were consistent with those of previous research on threat and attention: High-EM participants revealed an attentional bias toward neutral Black faces presented for 30 ms, but an attentional bias away from neutral Black faces presented for 450 ms. These attentional biases were eliminated, however, when the faces displayed happy expressions. These findings suggest that high levels of external motivation to avoid prejudice result in anxious arousal in response to Black individuals, and that this response affects even basic attentional processes.";The Threat of Appearing Prejudiced and Race-Based Attentional Biases
236;10.1111/j.1467-9280.2008.02054.x;"First impressions are powerful and rich sources of information about other people, and studies have demonstrated that they predict performance in numerous domains, such as teaching (Ambady & Rosenthal, 1993) and electoral success (Todorov, Mandisodza, Goren, & Hall, 2005). Much of this work, however, has employed outcome variables that are subjective. For example, in the study of teacher effectiveness, both the predictor (naive observers' ratings) and the outcome (teaching evaluations) were based on subjective opinions. Similarly, electoral success is based on voters' impressions of candidates, which are also responsible for which candidates are elected. In the current study, we examined the relation between a subjective predictor and an objective performance outcome: Are impressions of chief executive officers (CEOs) related to the performance of their companies?
Despite the ubiquitous perception of the CEO as the embodiment of a company, there is no clear evidence of any relation between CEOs' personalities and their companies' success (Ranft, Zinko, Ferris, & Buckley, 2006). Although some studies show that mediating factors, such as environmental context, can link factors like CEOs' charisma to companies' performance, no direct relation between CEOs' personalities and companies' success has been found (Agle, Nagarajan, Sonnenfeld, & Srinivasan, 2006; Tosi, Misangyi, Fanelli, Waldman, & Yammarino, 2004).
Previous research, however, has shown that personality traits associated with the evaluation of leadership overlap with traits that can be judged reliably from the face. These traits include competence, likeability, and trustworthiness (Todorov et al., 2005) and dominance (Hess, Adams, & Kleck, 2005). Another facial feature related to judgments of leadership is facial maturity (Zebrowitz & Montepare, 2005). Are these variables that can be gauged from facial information also associated with leaders' success and performance? To answer this question, we asked participants to make naive personality judgments from the photographs of the CEOs from the 25 highest and 25 lowest ranked companies of the Fortune 1,000 and examined whether these judgments related to measures of the companies' financial success.
";The Face of Success
237;10.1111/j.1467-9280.2008.02056.x;People are motivated to maintain social connection with others, and those who lack social connection with other humans may try to compensate by creating a sense of human connection with nonhuman agents. This may occur in at least two ways-by anthropomorphizing nonhuman agents such as nonhuman animals and gadgets to make them appear more humanlike and by increasing belief in commonly anthropomorphized religious agents (such as God). Three studies support these hypotheses both among individuals who are chronically lonely (Study 1) and among those who are induced to feel lonely (Studies 2 and 3). Additional findings suggest that such results are not simply produced by any negative affective state (Study 3). These results have important implications not only for understanding when people are likely to treat nonhuman agents as humanlike (anthropomorphism), but also for understanding when people treat human agents as nonhuman (dehumanization).;Creating Social Connection Through Inferential Reproduction
238;10.1111/j.1467-9280.2008.02060.x;Because men of higher genetic quality tend to be poorer partners and parents than men of lower genetic quality, women may profit from securing a stable investment from the latter, while obtaining good genes via extrapair mating with the former. Only if conception occurs, however, do the evolutionary benefits of such a strategy overcome its costs. Accordingly, we predicted that (a) partnered women should prefer attached men, because such men are more likely than single men to have pair-bonding qualities, and hence to be good replacement partners, and (b) this inclination should reverse when fertility rises, because attached men are less available for impromptu sex than single men. In this study, 208 women rated the attractiveness of men described as single or attached. As predicted, partnered women favored attached men at the low-fertility phases of the menstrual cycle, but preferred single men (if masculine, i.e., advertising good genetic quality) when conception risk was high.;The Best Men Are (Not Always) Already Taken
239;10.1111/j.1467-9280.2008.02062.x;People construe the world along a continuum from concretely (focusing on specific, local details) to abstractly (focusing on global essences). We show that people are more likely to interpret the world abstractly when they experience cognitive disfluency, or difficulty processing stimuli in the environment, than when they experience cognitive fluency. We observed this effect using three instantiations of fluency: visual perceptual fluency (Study 1b), conceptual priming fluency (Study 2b), and linguistic fluency (Study 3). Adopting the framework of construal theory, we suggest that one mechanism for this effect is perceivers' tendency to interpret disfluently processed stimuli as farther from their current position than fluently processed stimuli (Studies 1a and 2a).;Effects of Fluency on Psychological Distance and Mental Construal (or Why New York Is a Large City, but <i>New York</i> Is a Civilized Jungle)
240;10.1111/j.1467-9280.2008.02070.x;"Word-order rules impose major constraints on linguistic behavior. For example, adjectives appear before nouns in English, and after nouns in French. This means that constraints on word order must be language-specific properties upheld on-line by the language system. Despite the importance of these rules, little is known about how they operate. We report an influence of word order on the activation of phonological representations. Participants were presented with colored objects and asked to name either the colors or the objects; the phonological similarity between the object and color names was manipulated. French speakers showed a phonological congruency effect in color naming, but not in object naming. English participants yielded the opposite pattern: a phonological effect in object naming, but not in color naming. Differences in the typical order of nouns and adjectives in French and English provide a plausible account for this cross-linguistic contrast. More generally, these results provide direct evidence for the operation of word-order constraints during language production.";A Word-Order Constraint on Phonological Activation
241;10.1111/j.1467-9280.2008.02072.x;We tested the association hypothesis by emulating potentially offensive behavior in the lab. Four males (three White and one Black) discussed university admissions. One of the White discussants criticized affirmative action, and we manipulated whether or not participants believed the Black discussant heard what was said. Whereas the social-referencing hypothesis suggests that he would be fixated only if he could have an informative reaction, the association hypothesis predicts that he would be fixated regardless.;Where Do We Look During Potentially Offensive Behavior?
242;10.1111/j.1467-9280.2008.02076.x;"People are able to explicitly resist using knowledge about one person to evaluate another person from the same group. After learning about positive and negative behaviors performed by one individual from each of two different groups, participants were introduced briefly to new individuals from the groups. Implicit evaluations of the original individuals readily generalized to the new individuals; explicitly, participants resisted such generalization. Days later, both implicit and explicit evaluations of the original individuals generalized to the new individuals. The results suggest that associative links (e.g., shared group membership) are sufficient for implicit attitude generalization, but deliberative logic (e.g., individual group members are not necessarily the same) can reduce explicit generalization by association. When knowledge distinguishing who did what is unavailable, such as after forgetting, associative knowledge provides the basis of explicit evaluation. We conclude that a simple association linking one individual to another can produce implicit attitude generalization immediately and explicit attitude generalization eventually.";"Implicit Attitude Generalization Occurs Immediately; Explicit Attitude Generalization Takes Time"
243;10.1111/j.1467-9280.2008.02077.x;"This experiment used the attraction effect to test the hypothesis that ingestion of sugar can reduce reliance on intuitive, heuristic-based decision making. In the attraction effect, a difficult choice between two options is swayed by the presence of a seemingly irrelevant ""decoy"" option. We replicated this effect and the finding that the effect increases when people have depleted their mental resources performing a previous self-control task. Our hypothesis was based on the assumption that effortful processes require and consume relatively large amounts of glucose (brain fuel), and that this use of glucose is why people use heuristic strategies after exerting self-control. Before performing any tasks, some participants drank lemonade sweetened with sugar, which restores blood glucose, whereas others drank lemonade containing a sugar substitute. Only lemonade with sugar reduced the attraction effect. These results show one way in which the body (blood glucose) interacts with the mind (self-control and reliance on heuristics).";Toward a Physiology of Dual-Process Reasoning and Judgment: Lemonade, Willpower, and Expensive Rule-Based Analysis
244;10.1111/j.1467-9280.2008.02078.x;Is nonconscious goal pursuit useful in novel environments? The prevalent view of automaticity and control implies that an unconscious mode of goal pursuit can only reproduce formerly learned actions, and therefore that its usefulness in novel environments is very limited. Our results demonstrate that this conclusion is not always warranted, as nonconscious goal pursuit facilitated participants' learning of the structure of completely novel environments. Specifically, two experiments, using markedly different implicit-learning paradigms, demonstrated facilitation of implicit learning when the goal of achievement was primed. We propose that nonconscious goal pursuit can facilitate not only reproductive operations, but also productive ones, and that implicit learning is sensitive to the organism's nonconscious goals.;Nonconscious Goal Pursuit in Novel Environments
245;10.1111/j.1467-9280.2008.02081.x;Snakes are among the most common targets of fears and phobias. In visual detection tasks, adults detect their presence more rapidly than the presence of other kinds of visual stimuli. We report evidence that very young children share this attentional bias. In three experiments, preschool children and adults were asked to find a single target picture among an array of eight distractors. Both the children and the adults detected snakes more rapidly than three types of nonthreatening stimuli (flowers, frogs, and caterpillars). These results provide the first evidence of enhanced visual detection of evolutionarily relevant threat stimuli in young children.;Detecting the Snake in the Grass
246;10.1111/j.1467-9280.2008.02082.x;A recent study demonstrated that observers' ability to identify targets in a rapid visual sequence was enhanced when they simultaneously listened to happy music. In the study reported here, we examined how the emotion-attention relationship is influenced by changes in both mood valence (negative vs. positive) and arousal (low vs. high). We used a standard induction procedure to generate calm, happy, sad, and anxious moods in participants. Results for an attentional blink task showed no differences in first-target accuracy, but second-target accuracy was highest for participants with low arousal and negative affect (sad), lowest for those with strong arousal and negative affect (anxious), and intermediate for those with positive affect regardless of their arousal (calm, happy). We discuss implications of this valence-arousal interaction for the control of visual attention.;Emotional Valence and Arousal Interact in Attentional Control
247;10.1111/j.1467-9280.2008.02084.x;Current conceptualizations of psychological distance (e.g., construal-level theory) refer to the degree of overlap between the self and some other person, place, or point in time. We propose a complementary view in which perceptual and motor representations of physical distance influence people's thoughts and feelings without reference to the self, extending research and theory on the effects of distance into domains where construal-level theory is silent. Across four experiments, participants were primed with either spatial closeness or spatial distance by plotting an assigned set of points on a Cartesian coordinate plane. Compared with the closeness prime, the distance prime produced greater enjoyment of media depicting embarrassment (Study 1), less emotional distress from violent media (Study 2), lower estimates of the number of calories in unhealthy food (Study 3), and weaker reports of emotional attachments to family members and hometowns (Study 4). These results support a broader conceptualization of distance-mediated effects on judgment and affect.;Keeping One's Distance
248;10.1111/j.1467-9280.2008.02092.x;Men and women often disagree about the meaning of women's nonverbal cues, particularly those conveying dating-relevant information. Men perceive more sexual intent in women's behavior than women perceive or report intending to convey. Although this finding has been attributed to gender differences in the threshold for labeling ambiguous cues as sexual in nature, little research has been conducted to determine etiology. Using a model that differentiates perceptual sensitivity from decisional bias, we found no evidence that men have lenient thresholds for perceiving women's nonverbal behavior as indicating sexual interest. Rather, gender differences were captured by a relative perceptual insensitivity among men. Just as in previous studies, men were more likely than women to misperceive friendliness as sexual interest, but they also were quite likely to misperceive sexual interest as friendliness. The results point to the promise of computational models of perception in increasing the understanding of clinically relevant social processes.;Perceptual Mechanisms That Characterize Gender Differences in Decoding Women's Sexual Intent
249;10.1111/j.1467-9280.2008.02093.x;"Previous research has shown that dominant individuals frequently think in terms of dominance hierarchies, which typically invoke vertical metaphor (e.g., ""upper"" vs. ""lower"" class). Accordingly, we predicted that in spatial attention paradigms, such individuals would systematically favor the vertical dimension of space more than individuals low in dominance. This prediction was supported by two studies (total N= 96), which provided three tests involving two different spatial attention paradigms. In all cases, analyses controlling for speed of response to horizontal spatial probes revealed that more dominant individuals were faster than less dominant individuals to respond to probes along the vertical dimension of space. Such data support the metaphor-representation perspective, according to which people think in metaphoric terms, even in on-line processing tasks. These results have implications for understanding dominance and also indicate that conceptual metaphor is relevant to understanding the cognitive-processing basis of personality.";Personality Dominance and Preferential Use of the Vertical Dimension of Space
250;10.1111/j.1467-9280.2009.02326.x;The question of why people are motivated to act altruistically has been an important one for centuries, and across various disciplines. Drawing on previous research on moral regulation, we propose a framework suggesting that moral (or immoral) behavior can result from an internal balancing of moral self-worth and the cost inherent in altruistic behavior. In Experiment 1, participants were asked to write a self-relevant story containing words referring to either positive or negative traits. Participants who wrote a story referring to the positive traits donated one fifth as much as those who wrote a story referring to the negative traits. In Experiment 2, we showed that this effect was due specifically to a change in the self-concept. In Experiment 3, we replicated these findings and extended them to cooperative behavior in environmental decision making. We suggest that affirming a moral identity leads people to feel licensed to act immorally. However, when moral identity is threatened, moral behavior is a means to regain some lost self-worth.;Sinning Saints and Saintly Sinners
251;10.1111/j.1551-6709.2011.01210.x;While there is much evidence for the influence of automatic emotional responses on moral judgment, the roles of reflection and reasoning remain uncertain. In Experiment 1, we induced subjects to be more reflective by completing the Cognitive Reflection Test (CRT) prior to responding to moral dilemmas. This manipulation increased utilitarian responding, as individuals who reflected more on the CRT made more utilitarian judgments. A follow-up study suggested that trait reflectiveness is also associated with increased utilitarian judgment. In Experiment 2, subjects considered a scenario involving incest between consenting adult siblings, a scenario known for eliciting emotionally driven condemnation that resists reasoned persuasion. Here, we manipulated two factors related to moral reasoning: argument strength and deliberation time. These factors interacted in a manner consistent with moral reasoning: A strong argument defending the incestuous behavior was more persuasive than a weak argument, but only when increased deliberation time encouraged subjects to reflect.;Reflection and Reasoning in Moral Judgment
252;10.1111/j.1559-1816.1999.tb00142.x;The present studies were designed to test whether people are “polite” to computers. Among people, an interviewer who directly asks about him‐ or herself will receive more positive and less varied responses than if the same question is posed by a third party. Two studies were designed to determine if the same phenomenon occurs in human–computer interaction. In the first study ( N = 30), participants performed a task with a text‐based computer and were then interviewed about the performance of that computer on 1 of 3 loci: (a) the same computer, (b) a paper‐and‐pencil questionnaire, or (c) a different (but identical) text‐based computer. Consistent with the politeness prediction, same‐computer participants evaluated the computer more positively and more homogeneously than did either paper‐and‐pencil or different‐computer participants. Study 2 ( N = 30) replicated the results with voice‐based computers. Implications for computer‐based interviewing are discussed.;Are People Polite to Computers? Responses to Computer‐Based Interviewing Systems<sup>1</sup>
253;10.1111/j.1745-6916.2006.00007.x;We present a theory about human thought named the unconscious-thought theory (UTT). The theory is applicable to decision making, impression formation, attitude formation and change, problem solving, and creativity. It distinguishes between two modes of thought: unconscious and conscious. Unconscious thought and conscious thought have different characteristics, and these different characteristics make each mode preferable under different circumstances. For instance, contrary to popular belief, decisions about simple issues can be better tackled by conscious thought, whereas decisions about complex matters can be better approached with unconscious thought. The relations between the theory and decision strategies, and between the theory and intuition, are discussed. We end by discussing caveats and future directions.;A Theory of Unconscious Thought
254;10.1111/j.1933-1592.2007.00118.x;A growing body of empirical literature challenges philosophers’ reliance on intuitions as evidence based on the fact that intuitions vary according to factors such as cultural and educational background, and socio‐economic status. Our research extends this challenge, investigating Lehrer’s appeal to the Truetemp Case as evidence against reliabilism. We found that intuitions in response to this case vary according to whether, and which, other thought‐experiments are considered first. Our results show that compared to subjects who receive the Truetemp Case first, subjects first presented with a clear case of knowledge are less willing to attribute knowledge in the Truetemp Case, and subjects first presented with a clear case of non‐knowledge are more willing to attribute knowledge in the Truetemp Case. We contend that this instability undermines the supposed evidential status of these intuitions, such that philosophers who deal in intuitions can no longer rest comfortably in their armchairs.;The Instability of Philosophical Intuitions: Running Hot and Cold on Truetemp
255;10.1111/j.2044-8295.1975.tb01468.x;In a free recall experiment, divers learnt lists of words in two natural environments: on dry land and underwater, and recalled the words in either the environment of original learning, or in the alternative environment. Lists learnt underwater were best recalled underwater, and vice versa. A subsequent experiment shows that the disruption of moving from one environment to the other was unlikely to be responsible for context‐dependent memory.;CONTEXT‐DEPENDENT MEMORY IN TWO NATURAL ENVIRONMENTS: ON LAND AND UNDERWATER
256;10.1111/jofi.12698;ABSTRACT Many natural competitors are jointly held by a small set of large institutional investors. In the U.S. airline industry, taking common ownership into account implies increases in market concentration that are 10 times larger than what is “presumed likely to enhance market power” by antitrust authorities. Within‐route changes in common ownership concentration robustly correlate with route‐level changes in ticket prices, even when we only use variation in ownership due to the combination of two large asset managers. We conclude that a hidden social cost—reduced product market competition—accompanies the private benefits of diversification and good governance.;Anticompetitive Effects of Common Ownership
257;10.1111/jpr.12125;We examined how impression (such as safety, pleasantness, and impact), as well as emotional arousal and valence, evoked by viewing a picture affects temporal resolution of visual processing and perceived picture duration. In the first experiment as an index of temporal resolution of visual processing, we measured the noticeable duration of a monochrome picture after presenting a color picture. In the second experiment, we measured the duration of the picture presentation, which was equivalent to the duration of the presentation of a gray rectangle that should not evoke specifically safe or pleasant impressions. We found that the minimum duration in which an observer could notice a monochrome image in viewing a dangerous picture was shorter than that in viewing safe pictures. We also found that observers overestimated the duration of the picture presentation in viewing dangerous pictures. However, there was no significant correlation between the results of the two experiments. These results suggest that the basis for improvement of the temporal resolution in visual processing differs from that for the elongation of the perceived duration.;Emotions Evoked by Viewing Pictures may Affect Temporal Aspects of Visual Processing
258;10.1111/lang.12140;"Abstract This study reports on the second phase of a large‐scale stratified survey in China, examining the role of vision and imagery in the learners’ motivation to learn English as a foreign language. Understanding visualization has been a featured area of recent developments in second language (L2) motivation theory, and this study is the first to offer a broad overview of the extent to which the capacity of vision contributes to the overall motivational setup of a whole language learning community. Besides surveying several imagery‐related variables in an extensive sample of Chinese secondary school and university students ( N &gt; 10,000) by comparing male and female Chinese L2 learners’ (often different) motivational dispositions with and without any prior visualization experience, the study also explores the visionary trajectories of learners who reported positive and negative changes in their imagery capacity over time, thereby examining the impact of the change in vision on motivational development. Open Practices This article has been awarded an Open Materials badge. All materials are publicly accessible in the IRIS digital repository at http://www.iris‐database.org . Learn more about the Open Practices badges from the Center for Open Science: https://osf.io/tvyxz/wiki";Motivation, Vision, and Gender: A Survey of Learners of English in China
259;10.1111/puar.12401;Abstract Relying on the theory of representative bureaucracy—specifically, the notion of symbolic representation—this article examines whether varying the number of female public officials overseeing a local recycling program influences citizens’ (especially women's) willingness to cooperate with the government by recycling, thus coproducing important policy outcomes. Using a survey experiment in which the first names of public officials are manipulated, the authors find a clear pattern of increasing willingness on the part of women to coproduce when female names are more represented in the agency responsible for recycling, particularly with respect to the more difficult task of composting food waste. Overall, men in the experiment were less willing to coproduce across all measures and less responsive to the gender balance of names. These findings have important implications for the theory of representative bureaucracy and for efforts to promote the coproduction of public services.;Representative Bureaucracy and the Willingness to Coproduce: An Experimental Study
260;10.1111/puar.12649;Abstract Scholars and practitioners have long questioned whether the race, ethnicity, and gender of public bureaucrats matter to the efficacy and legitimacy of public services. Representative bureaucracy theory and research provide a growing body of empirical evidence that it does. This article examines some of the rich scholarly work that has been generated on representative bureaucracy and its implications for practice. A significant aspect of recent research focuses on the notion of symbolic representation, whereby the mere existence of a passively represented bureaucracy can itself improve outcomes by influencing the attitudes and behaviors of clients, regardless of bureaucratic actions or results. This article is intended to help both students and public managers understand the importance of representativeness in public organizations for a broad spectrum of practices and goals, from the coproduction of services to democratic rule .;Representative Bureaucracy: A Lever to Enhance Social Equity, Coproduction, and Democracy
261;10.1123/jmld.2015-0036;There is some evidence that people learn academic (declarative) information better when studying with the expectation of having to teach, but this has not been demonstrated for perceptual-motor skills, which also rely on declarative information but more heavily on procedural knowledge. To address this possibility, participants studied golf-putting instructions and practiced putting with the expectation of having to teach another participant how to putt or the expectation of being tested on their putting. One day later, learning was assessed by testing all participants on their golf putting. Results revealed that expecting to teach enhanced learning, even after controlling for the amount of studying and practicing. Therefore, we have presented the first findings that expecting to teach enhances motor learning. Taking these findings together with similar studies focusing on declarative information, we suggest that expecting to teach yields a general learning benefit to different types of skills.;Expecting to Teach Enhances Learning: Evidence From a Motor Learning Paradigm
262;10.1126/science.1128317;"Two randomized field experiments tested a social-psychological intervention designed to improve minority student performance and increase our understanding of how psychological threat mediates performance in chronically evaluative real-world environments. We expected that the risk of confirming a negative stereotype aimed at one's group could undermine academic performance in minority students by elevating their level of psychological threat. We tested whether such psychological threat could be lessened by having students reaffirm their sense of personal adequacy or ""self-integrity."" The intervention, a brief in-class writing assignment, significantly improved the grades of African American students and reduced the racial achievement gap by 40%. These results suggest that the racial achievement gap, a major social concern in the United States, could be ameliorated by the use of timely and targeted social-psychological interventions.";Reducing the Racial Achievement Gap: A Social-Psychological Intervention
263;10.1126/science.1157627;Although political views have been thought to arise largely from individuals' experiences, recent research suggests that they may have a biological basis. We present evidence that variations in political attitudes correlate with physiological traits. In a group of 46 adult participants with strong political beliefs, individuals with measurably lower physical sensitivities to sudden noises and threatening visual images were more likely to support foreign aid, liberal immigration policies, pacifism, and gun control, whereas individuals displaying measurably higher physiological reactions to those same stimuli were more likely to favor defense spending, capital punishment, patriotism, and the Iraq War. Thus, the degree to which individuals are physiologically responsive to threat appears to indicate the degree to which they advocate policies that protect the existing social structure from both external (outgroup) and internal (norm-violator) threats.;Political Attitudes Vary with Physiological Traits
264;10.1126/science.1162548;"""Warmth"" is the most powerful personality trait in social judgment, and attachment theorists have stressed the importance of warm physical contact with caregivers during infancy for healthy relationships in adulthood. Intriguingly, recent research in humans points to the involvement of the insula in the processing of both physical temperature and interpersonal warmth (trust) information. Accordingly, we hypothesized that experiences of physical warmth (or coldness) would increase feelings of interpersonal warmth (or coldness), without the person's awareness of this influence. In study 1, participants who briefly held a cup of hot (versus iced) coffee judged a target person as having a ""warmer"" personality (generous, caring); in study 2, participants holding a hot (versus cold) therapeutic pad were more likely to choose a gift for a friend instead of for themselves.";Experiencing Physical Warmth Promotes Interpersonal Warmth
265;10.1126/science.1183057;Poor penetration of anticancer drugs into tumors can be an important factor limiting their efficacy. We studied mouse tumor models to show that a previously characterized tumor-penetrating peptide, iRGD, increased vascular and tissue permeability in a tumor-specific and neuropilin-1-dependent manner, allowing coadministered drugs to penetrate into extravascular tumor tissue. Importantly, this effect did not require the drugs to be chemically conjugated to the peptide. Systemic injection with iRGD improved the therapeutic index of drugs of various compositions, including a small molecule (doxorubicin), nanoparticles (nab-paclitaxel and doxorubicin liposomes), and a monoclonal antibody (trastuzumab). Thus, coadministration of iRGD may be a valuable way to enhance the efficacy of anticancer drugs while reducing their side effects, a primary goal of cancer therapy research.;Coadministration of a Tumor-Penetrating Peptide Enhances the Efficacy of Cancer Drugs
266;10.1126/science.1186799;"After choosing between two alternatives, people perceive the chosen alternative as more attractive and the rejected alternative as less attractive. This postdecisional dissonance effect was eliminated by cleaning one's hands. Going beyond prior purification effects in the moral domain, physical cleansing seems to more generally remove past concerns, resulting in a metaphorical ""clean slate"" effect.";Washing Away Postdecisional Dissonance
267;10.1126/science.1199427;Two laboratory and two randomized field experiments tested a psychological intervention designed to improve students' scores on high-stakes exams and to increase our understanding of why pressure-filled exam situations undermine some students' performance. We expected that sitting for an important exam leads to worries about the situation and its consequences that undermine test performance. We tested whether having students write down their thoughts about an upcoming test could improve test performance. The intervention, a brief expressive writing assignment that occurred immediately before taking an important test, significantly improved students' exam scores, especially for students habitually anxious about test taking. Simply writing about one's worries before a high-stakes exam can boost test scores.;Writing About Testing Worries Boosts Exam Performance in the Classroom
268;10.1126/science.1207745;"The advent of the Internet, with sophisticated algorithmic search engines, has made accessing information as easy as lifting a finger. No longer do we have to make costly efforts to find the things we want. We can ""Google"" the old classmate, find articles online, or look up the actor who was on the tip of our tongue. The results of four studies suggest that when faced with difficult questions, people are primed to think about computers and that when people expect to have future access to information, they have lower rates of recall of the information itself and enhanced recall instead for where to access it. The Internet has become a primary form of external or transactive memory, where information is stored collectively outside ourselves.";Google Effects on Memory: Cognitive Consequences of Having Information at Our Fingertips
269;10.1126/science.1217697;Alzheimer's disease (AD) is associated with impaired clearance of β-amyloid (Aβ) from the brain, a process normally facilitated by apolipoprotein E (apoE). ApoE expression is transcriptionally induced through the action of the nuclear receptors peroxisome proliferator-activated receptor gamma and liver X receptors in coordination with retinoid X receptors (RXRs). Oral administration of the RXR agonist bexarotene to a mouse model of AD resulted in enhanced clearance of soluble Aβ within hours in an apoE-dependent manner. Aβ plaque area was reduced more than 50% within just 72 hours. Furthermore, bexarotene stimulated the rapid reversal of cognitive, social, and olfactory deficits and improved neural circuit function. Thus, RXR activation stimulates physiological Aβ clearance mechanisms, resulting in the rapid reversal of a broad range of Aβ-induced deficits.;ApoE-Directed Therapeutics Rapidly Clear β-Amyloid and Reverse Deficits in AD Mouse Models
270;10.1126/science.1238041;The poor often behave in less capable ways, which can further perpetuate poverty. We hypothesize that poverty directly impedes cognitive function and present two studies that test this hypothesis. First, we experimentally induced thoughts about finances and found that this reduces cognitive performance among poor but not in well-off participants. Second, we examined the cognitive function of farmers over the planting cycle. We found that the same farmer shows diminished cognitive performance before harvest, when poor, as compared with after harvest, when rich. This cannot be explained by differences in time available, nutrition, or work effort. Nor can it be explained with stress: Although farmers do show more stress before harvest, that does not account for diminished cognitive performance. Instead, it appears that poverty itself reduces cognitive capacity. We suggest that this is because poverty-related concerns consume mental resources, leaving less for other tasks. These data provide a previously unexamined perspective and help explain a spectrum of behaviors among the poor. We discuss some implications for poverty policy.;Poverty Impedes Cognitive Function
271;10.1126/science.151.3712.837;A concealed figure formed by the contours of a perceptually dominant figure influenced the content of viewers' subsequent imagery, although in describing the stimulus they showed no awareness of the concealed figure even after several exposures.;Imagery: Effect of a Concealed Figure in a Stimulus
272;10.1126/science.167.3914.86;After prolonged exposure to their reflected images in mirrors, chimpanzees marked with red dye showed evidence of being able to recognize their own reflections. Monkeys did not appear to have this capacity.;Chimpanzees: Self-Recognition
273;10.1126/science.aaa3841;Although people may endorse egalitarianism and tolerance, social biases can remain operative and drive harmful actions in an unconscious manner. Here, we investigated training to reduce implicit racial and gender bias. Forty participants processed counterstereotype information paired with one sound for each type of bias. Biases were reduced immediately after training. During subsequent slow-wave sleep, one sound was unobtrusively presented to each participant, repeatedly, to reactivate one type of training. Corresponding bias reductions were fortified in comparison with the social bias not externally reactivated during sleep. This advantage remained 1 week later, the magnitude of which was associated with time in slow-wave and rapid-eye-movement sleep after training. We conclude that memory reactivation during sleep enhances counterstereotype training and that maintaining a bias reduction is sleep-dependent.;Unlearning implicit social biases during sleep
274;10.1136/ard.2008.093252;"Objective: To identify the position of a gout susceptibility gene. Methods: A genome-wide scan was performed using 382 random polymorphic microsatellite markers spread across 22 autosomes in a Taiwanese family with gout to screen for the gout susceptibility genetic marker. Its association with gout by 33 single nucleotide polymorphisms (SNP) in 148 matched case-control subjects was confirmed. The family with gout comprised eight patients with gout and 10 gout-free subjects; case-control subjects were 74 male patients with gout and 74 healthy controls matched by age. Results: Analysis of the genome-wide scan results by a non-parametric linkage method found that chromosome 4q21 contains a locus significantly linked with gout (D4S3243 at 81 289 553 bp; p=0.004; LOD score=5.13). In SNP genotyping analysis at the neighbourhood regions of marker D4S3243 for the case-control subjects, the polymorphisms rs7688672 and rs6837293, located on the cGMP-dependent protein kinase II (cGK II) gene, were found to relate significantly to gout disease in a recessive model after adjustment of hyperuricaemia (OR=2.89, 95% CI 1.19 to 7.02 and OR=2.72, 95% CI 1.13 to 6.54, respectively). Conclusions: This study suggests that the cGK II gene on chromosome 4q21 is most likely to harbour gout disease independently of hyperuricaemia and is inherited recessively.";The cyclic GMP-dependent protein kinase II gene associates with gout disease: identified by genome-wide analysis and case–control study
275;10.1152/japplphysiol.01095.2004;"Parra et al. (Acta Physiol. Scand 169: 157-165, 2000) showed that 2 wk of daily sprint interval training (SIT) increased citrate synthase (CS) maximal activity but did not change ""anaerobic"" work capacity, possibly because of chronic fatigue induced by daily training. The effect of fewer SIT sessions on muscle oxidative potential is unknown, and aside from changes in peak oxygen uptake (Vo(2 peak)), no study has examined the effect of SIT on ""aerobic"" exercise capacity. We tested the hypothesis that six sessions of SIT, performed over 2 wk with 1-2 days rest between sessions to promote recovery, would increase CS maximal activity and endurance capacity during cycling at approximately 80% Vo(2 peak). Eight recreationally active subjects [age = 22 +/- 1 yr; Vo(2 peak) = 45 +/- 3 ml.kg(-1).min(-1) (mean +/- SE)] were studied before and 3 days after SIT. Each training session consisted of four to seven ""all-out"" 30-s Wingate tests with 4 min of recovery. After SIT, CS maximal activity increased by 38% (5.5 +/- 1.0 vs. 4.0 +/- 0.7 mmol.kg protein(-1).h(-1)) and resting muscle glycogen content increased by 26% (614 +/- 39 vs. 489 +/- 57 mmol/kg dry wt) (both P < 0.05). Most strikingly, cycle endurance capacity increased by 100% after SIT (51 +/- 11 vs. 26 +/- 5 min; P < 0.05), despite no change in Vo(2 peak). The coefficient of variation for the cycle test was 12.0%, and a control group (n = 8) showed no change in performance when tested approximately 2 wk apart without SIT. We conclude that short sprint interval training (approximately 15 min of intense exercise over 2 wk) increased muscle oxidative potential and doubled endurance capacity during intense aerobic cycling in recreationally active individuals.";Six sessions of sprint interval training increases muscle oxidative potential and cycle endurance capacity in humans
276;10.1152/japplphysiol.91324.2008;Mental fatigue is a psychobiological state caused by prolonged periods of demanding cognitive activity. Although the impact of mental fatigue on cognitive and skilled performance is well known, its effect on physical performance has not been thoroughly investigated. In this randomized crossover study, 16 subjects cycled to exhaustion at 80% of their peak power output after 90 min of a demanding cognitive task (mental fatigue) or 90 min of watching emotionally neutral documentaries (control). After experimental treatment, a mood questionnaire revealed a state of mental fatigue (P = 0.005) that significantly reduced time to exhaustion (640 +/- 316 s) compared with the control condition (754 +/- 339 s) (P = 0.003). This negative effect was not mediated by cardiorespiratory and musculoenergetic factors as physiological responses to intense exercise remained largely unaffected. Self-reported success and intrinsic motivation related to the physical task were also unaffected by prior cognitive activity. However, mentally fatigued subjects rated perception of effort during exercise to be significantly higher compared with the control condition (P = 0.007). As ratings of perceived exertion increased similarly over time in both conditions (P < 0.001), mentally fatigued subjects reached their maximal level of perceived exertion and disengaged from the physical task earlier than in the control condition. In conclusion, our study provides experimental evidence that mental fatigue limits exercise tolerance in humans through higher perception of effort rather than cardiorespiratory and musculoenergetic mechanisms. Future research in this area should investigate the common neurocognitive resources shared by physical and mental activity.;Mental fatigue impairs physical performance in humans
277;10.1162/qjec.121.1.73;This study evaluates the economic consequences of the successful eradication of hookworm disease from the American South, which started circa 1910. The Rockefeller Sanitary Commission (RSC) surveyed infection rates and found that 40 percent of school-aged children in the South were infected with hookworm. The RSC then sponsored treatment and education campaigns across the region. Follow-up studies indicate that this campaign substantially reduced hookworm disease almost immediately. Areas with higher levels of hookworm infection prior to the RSC experienced greater increases in school enrollment, attendance, and literacy after the intervention. No significant contemporaneous results are found for literacy or occupational shifts among adults, who had negligible prior infection rates. A long-term follow-up indicates a substantial gain in income that coincided with exposure to hookworm eradication. I also find evidence that the return to schooling increased with eradication.;Disease and Development: Evidence from Hookworm Eradication in the American South
278;10.1176/appi.ajp.160.11.1965;OBJECTIVE: The serotonin system has long been of interest in biological models of human personality. The purpose of this positron emission tomography (PET) study was to search for relationships between serotonin 5-HT(1A) receptor density and personality traits. METHOD: Fifteen normal male subjects, ages 20-45 years, were examined with PET and the radioligand [(11)C]WAY100635. Personality traits were assessed with the Swedish version of the Temperament and Character Inventory self-report questionnaire. Binding potential, an index for the density of available 5-HT(1A) receptors, was calculated for the dorsal raphe nuclei, the hippocampal formation, and the neocortex. For each region, correlation coefficients between 5-HT(1A) receptor binding potential and Temperament and Character Inventory personality dimensions were calculated and analyzed in two-tailed tests for significance. RESULTS: The authors found that the binding potential correlated inversely with scores for self-transcendence, a personality trait covering religious behavior and attitudes. No correlations were found for any of the other six Temperament and Character Inventory dimensions. The self-transcendence dimension consists of three distinct subscales, and further analysis showed that the subscale for spiritual acceptance correlated significantly with binding potential but not with the other two subscales. CONCLUSIONS: This finding in normal male subjects indicated that the serotonin system may serve as a biological basis for spiritual experiences. The authors speculated that the several-fold variability in 5-HT(1A) receptor density may explain why people vary greatly in spiritual zeal.;The Serotonin System and Spiritual Experiences
279;10.1177/000312240406900501;How does schooling affect inequality in cognitive skills? Reproductionist theorists have argued that schooling plays an important role in reproducing and even exacerbating existing disparities. But seasonal comparison research has shown that gaps in reading and math skills grow primarily during summer vacation, suggesting that non-school factors (e.g., family and neighborhood) are the main source of inequality. Using the Early Childhood Longitudinal Study—Kindergarten Cohort of 1998–99, this article improves upon past seasonal estimates of school and non-school effects on cognitive skill gains. Like past research, this study considers how socioeconomic and racial/ethnic gaps in skills change when school is in session versus when it is not. This study goes beyond past research, however, by examining the considerable inequality in learning that is not associated with socioeconomic status and race. This “unexplained” inequality is more than 90 percent of the total inequality in learning rates, and it is much smaller during school than during summer. The results suggest, therefore, that schools serve as important equalizers: nearly every gap grows faster during summer than during school. The black/white gap, however, represents a conspicuous exception.;Are Schools the Great Equalizer? Cognitive Inequality during the Summer Months and the School Year
280;10.1177/001440291107700203;This study examined technical features of slopes produced from curriculum-based measures (CBM) of beginning writing. Eighty-five first-graders completed weekly sentence copy, picture-word, and story prompts for 12 weeks. After 12 weeks, testing revealed alternate-form reliability and criterion validity of CBM scores generally similar to those found in previous research. Examinations of group- and individual-level slopes indicated 8 or 9 data points are needed to yield reliable and stable slopes. The picture-word task appeared most sensitive to growth in brief periods, yielding slopes that were significantly greater than 0 within 4 weeks. Research directions and recommendations for monitoring progress of beginning writers are discussed.;Curriculum-Based Measures of Beginning Writing: Technical Features of the Slope
281;10.1177/0022002714545222;"Leaders who can accumulate audience costs can send costly signals that may help alleviate information problems associated with crisis escalation. We argue that research examining the effect of audience costs fails to appreciate the theoretical context in which audience costs matter. Audience costs may help alleviate information problems associated with international conflict. However, credible commitment problems are more central than information problems for some international conflicts. Theory does not expect audience costs to matter in this context; as a result, extant tests, and many criticisms, of the effect of audience costs on crisis escalation are flawed. We offer a more appropriate test of the effect of audience costs on crisis escalation. Consistent with extant theoretical arguments, we find that audience costs only reduce the likelihood of conflict when credible commitment problems are not the dominant concern motivating a dispute or crisis.";Audience Costs, Information, and Credible Commitment Problems
282;10.1177/0022243718813544;This article examines how consumers’ exposure to the viewpoint of high versus low vertical position changes their risk-taking behavior. The author proposes that consumers’ views of scenery from a high physical elevation induce an illusory sense of control, which in turn intensifies risk taking. Multiple studies show that exposure to the viewpoint of high vertical positions increases risk taking in both laboratory settings (Studies 1a, 1b, and 1c) and real settings (Study 4). In addition, the author demonstrates that an illusory sense of control mediates the effect of an elevated viewpoint on risk taking (Study 2) and that the effect of elevation on risk taking is attenuated when people use a low-level mental construal to process visual information (Study 3).;Having Control Over and Above Situations: The Influence of Elevated Viewpoints on Risk Taking
283;10.1177/0022487108328155;This study investigates mathematics teacher learning in a video-based professional development environment called video clubs. In particular, the authors explore whether teachers develop professional vision, the ability to notice and interpret significant features of classroom interactions, as they participate in a video club. Analysis for the study is based on data from two year-long video clubs in which teachers met monthly to watch and discuss video excerpts from each others' classrooms. Participating in a video club was found to influence the teachers' professional vision as exhibited in the video club meetings, in interviews outside of the video club meetings, and in the teachers' instructional practices. These results suggest that professional vision is a productive lens for investigating teacher learning via video. In addition, this article illustrates that video clubs have the potential to support teacher learning in ways that extend beyond the boundaries of the video club meetings themselves.;Effects of Video Club Participation on Teachers' Professional Vision
284;10.1177/0146167210386238;In four experiments, the impact of concreteness of language on judgments of truth was examined. In Experiments 1 and 2, it was found that statements of the very same content were judged as more probably true when they were written in concrete language than when they were written in abstract language. Findings of Experiment 2 also showed that this linguistic concreteness effect on judgments of truth could most likely be attributed to greater perceived vividness of concrete compared to abstract statements. Two further experiments demonstrated an additional fit effect: The truth advantage of concrete statements occurred especially when participants were primed with a concrete (vs. abstract) mind-set (Experiment 3) or when the statements were presented in a spatially proximal (vs. distant) location (Experiment 4). Implications for communication strategies are discussed.;Truth From Language and Truth From Fit: The Impact of Linguistic Concreteness and Level of Construal on Subjective Truth
285;10.1177/0146167299025002007;Research on automatic attitude activation has documented a pervasive tendency to nonconsciously classify most if not all incoming stimuli as either good or bad. Two experiments tested a functional explanation for this effect. The authors hypothesized that automatic evaluation results directly in behavioral predispositions toward the stimulus, such that positive evaluations produce immediate approach tendencies, and negative evaluations produce immediate avoidance tendencies. Participants responded to attitude object stimuli either by pushing or by pulling a lever. Consistent with the hypothesis, participants were faster to respond to negatively valenced stimuli when pushing the lever away (avoid) than when pulling it toward them (approach) but were faster to respond to positive stimuli by pulling than by pushing the lever. This pattern held even when evaluation of the stimuli was irrelevant to the participants’ conscious task. The automatic classification of stimuli as either good or bad appears to have direct behavioral consequences.;Consequences of Automatic Evaluation: Immediate Behavioral Predispositions to Approach or Avoid the Stimulus
286;10.1177/0193723504273121;This study reports on a search for racial disparities in the value of baseball cards for Black and White members of the National Baseball Hall of Fame (HOF). The study's sample of 51 players was derived from the population of the 96 players elected to the HOF since 1936 by the Baseball Writers of America. Although the authors found that race produced no statistical difference in Black and White players' card values, they did observe that players' career performance plus the availability of a player's card (scarcity) exerted a significant effect on the value of cards. The study concludes with a discussion of possible interpretations of these findings.;Race, Performance, and Baseball Card Values
287;10.1177/0265407512453827;Recent advancements in communication technology have enabled billions of people to connect over great distances using mobile phones, yet little is known about how the frequent presence of these devices in social settings influences face-to-face interactions. In two experiments, we evaluated the extent to which the mere presence of mobile communication devices shape relationship quality in dyadic settings. In both, we found evidence they can have negative effects on closeness, connection, and conversation quality. These results demonstrate that the presence of mobile phones can interfere with human relationships, an effect that is most clear when individuals are discussing personally meaningful topics.;Can you connect with me now? How the presence of mobile communication technology influences face-to-face conversation quality
288;10.1177/0267658307076546;"The second language acquisition (SLA) literature reports numerous studies of proficient second language (L2) speakers who diverge significantly from native speakers despite the evidence offered by the L2 input. Recent SLA theories have attempted to account for native speaker/non-native speaker (NS/NNS) divergence by arguing for the dissociation between syntactic knowledge and morpho(pho)nology. In particular, Lardiere (1998), Prévost and White (2000), and Goad and White (2004) claim that highly proficient learners have knowledge of the abstract syntactic properties of the language but occasionally fail to associate them with the correct morphological or phonological forms. On the other hand, theories that support partial availability of Universal Grammar (UG) (Tsimpli and Roussou 1991; Hawkins and Chan, 1997) argue for a problem in the syntax: while UG principles and operations are available in SLA, the formal features of the target language that are not instantiated in the L1 or have a different setting, cause learnability problems. This article discusses acquisitional data in the light of the Interpretability Hypothesis (Tsimpli and Mastropavlou, 2007), which is a reformulation of the SLA theory suggested by Tsimpli and Roussou (1991) in minimalist terms. It is argued that a minimalist approach to SLA can be implemented to specify the status of the features that are least accessible to re-setting in the SLA process, given (1) constraints on their learnability and (2), their setting in the L1 grammar. The phenomenon discussed concerns the use of the resumptive strategy in wh- subject and object extraction by intermediate and advanced Greek learners of English. It is proposed that the acceptability rate of pronouns in the extraction site is conditioned by the Logical Form (LF) interpretability of the features involved in the derivation. Hence, the interpretable features of animacy and discourse-linking are hypothesized to be involved in the analysis of English pronouns by Greek L2 learners, while the first language (L1) specification of resumptive pronouns as clusters of uninterpretable Case and Agreement features resists resetting.";The Interpretability Hypothesis: evidence from wh-interrogatives in second language acquisition
289;10.1177/0731948712438556;Past research has failed to recognize motivation for its potential to produce instructional gains, especially for students with reading disabilities/difficulties (RD). To this purpose, a combined motivational intervention was administered to 80 second-grade through fifth-grade students in a randomized pretest–posttest control group design with three population groups and two conditions. The intervention condition described a positive label (e.g., “clever”) associated with specific reading behavior (e.g., answers questions) accompanied by a challenge to perform better than before and better than another (intrinsic and extrinsic goals). While controlling for initial reading differences, the intervention improved the fluency and comprehension for the RD group, with and without attention deficit hyperactivity disorder (ADHD), relative to the no disability (ND) group, even though the ND group also made gains. These findings documented a first-tier empirically based intervention with practical applications for elementary students with RD and their peers, although gains in reading for the ADHD group without RD were not significant.;A Reading Motivation Intervention With Differential Outcomes for Students At Risk for Reading Disabilities, ADHD, and Typical Comparisons
290;10.1177/0956797609358096;"This study explored metabolic mechanisms of future (delay) discounting, a choice phenomenon where people value present goods over future goods. Using fluctuating blood glucose as an index of body-energy budget, optimal discounting should regulate choice among rewards as a function of temporal caloric requirement. We identified this novel link between blood glucose levels measured in the lab and future-discounting rates of participants, who made choices between a ""smaller and sooner"" reward and a ""larger but later"" option, with possible actual monetary rewards. A group of participants who drank a soft drink that contained sugar showed a reduced rate of future discounting afterward, when we controlled for sex, age, body mass index, and the taste of the drink. In contrast, a group of participants who drank a soft drink that contained artificial sweetener showed an increased rate of future discounting. Blood glucose levels not only varied as a result of caloric intake but also regulated the rate of future discounting, according to participants' dynamic body-energy budget.";Sweet Future
291;10.1177/0956797610363775;"Emotions affect personalities and life outcomes by influencing
how people think, behave, and interact with others (Izard,
1971). People with positive emotions are happier and have
more stable personalities, more stable marriages, and better
cognitive and interpersonal skills than those with negative
emotions, throughout the life span (Harker & Keltner, 2001;
Hertenstein, Hansel, Butts, & Hile, 2009).
Facial expressions are a barometer of the emotions (Izard,
1971), and like emotions, they vary in form and intensity.
Studies by Ekman, Friesen, and their colleagues (e.g., Ekman
& Friesen, 1978; Ekman, Levenson, & Friesen, 1983; Leven-
son, Ekman, & Friesen, 1990) have shown that itis possible to
identify different emotional states from facial expressions.
Previous studies have found that positive emotions, as
inferred from smile intensity in childhood photos and college
yearbook photos, are correlated with marriage stability and
satisfaction (Harker & Keltner, 2001 ; Hertenstein et al., 2009).
The present study is the firstto link smile intensity to a bio-
logical outcome: longevity.";Smile Intensity in Photographs Predicts Longevity
292;10.1177/0956797610372631;"Superstitions are typically seen as inconsequential creations of irrational minds. Nevertheless, many people rely on superstitious thoughts and practices in their daily routines in order to gain good luck. To date, little is known about the consequences and potential benefits of such superstitions. The present research closes this gap by demonstrating performance benefits of superstitions and identifying their underlying psychological mechanisms. Specifically, Experiments 1 through 4 show that activating good-luck-related superstitions via a common saying or action (e.g., ""break a leg,"" keeping one's fingers crossed) or a lucky charm improves subsequent performance in golfing, motor dexterity, memory, and anagram games. Furthermore, Experiments 3 and 4 demonstrate that these performance benefits are produced by changes in perceived self-efficacy. Activating a superstition boosts participants' confidence in mastering upcoming tasks, which in turn improves performance. Finally, Experiment 4 shows that increased task persistence constitutes one means by which self-efficacy, enhanced by superstition, improves performance.";Keep Your Fingers Crossed!
293;10.1177/0956797610389187;The systematic association of an action that a person performs with its sensory effects is thought to attenuate that person's perception of the effect of the action. However, whether learned sensorimotor contingencies truly affect perception, rather than just inducing a response bias, has yet to be determined. The experiment presented in this article comprised two parts: an action-effect association phase and a test phase, during which the actions' perceptual effects were tested. During the association phase, specific actions (left-key and right-key presses) were associated with specific visual effects (tilted Gabor patches). In the test phase, participants' left-key presses and right-key presses triggered the onset of a low-contrast tilted Gabor patch in 50% of trials (no stimulus was presented on the remaining 50% of trials). Participants were required to report the presence or absence of this tilted Gabor patch. Our results showed that participants' sensitivity (d') to the Gabor patches was reduced by 10% when the patches were triggered by the action they had previously been associated with. This finding indicates that a person's action does not induce a response bias (c), but changes the perception (d') of the learned action effect.;A New Look at Sensory Attenuation
294;10.1177/0956797610395393;Scientists have long been interested in understanding how language shapes the way people relate to others, yet it remains unclear how formal aspects of language influence person perception. We tested whether the attribution of intentionality to a person is influenced by whether the person's behaviors are described as what the person was doing or as what the person did (imperfective vs. perfective aspect). In three experiments, participants who read what a person was doing showed enhanced accessibility of intention-related concepts and attributed more intentionality to the person, compared with participants who read what the person did. This effect of the imperfective aspect was mediated by a more detailed set of imagined actions from which to infer the person's intentions and was found for both mundane and criminal behaviors. Understanding the possible intentions of others is fundamental to social interaction, and our findings show that verb aspect can profoundly influence this process.;Learning About What Others Were Doing
295;10.1177/0956797611398497;Can sweet-tasting substances trigger kind, favorable judgments about other people? What about substances that are disgusting and bitter? Various studies have linked physical disgust to moral disgust, but despite the rich and sometimes striking findings these studies have yielded, no research has explored morality in conjunction with taste, which can vary greatly and may differentially affect cognition. The research reported here tested the effects of taste perception on moral judgments. After consuming a sweet beverage, a bitter beverage, or water, participants rated a variety of moral transgressions. Results showed that taste perception significantly affected moral judgments, such that physical disgust (induced via a bitter taste) elicited feelings of moral disgust. Further, this effect was more pronounced in participants with politically conservative views than in participants with politically liberal views. Taken together, these differential findings suggest that embodied gustatory experiences may affect moral processing more than previously thought.;A Bad Taste in the Mouth
296;10.1177/0956797611402514;Many moral codes place a special emphasis on bodily purity, and manipulations that directly target bodily purity have been shown to influence a variety of moral judgments. Across two studies, we demonstrated that reminders of physical purity influence specific moral judgments regarding behaviors in the sexual domain as well as broad political attitudes. In Study 1, individuals in a public setting who were given a reminder of physical cleansing reported being more politically conservative than did individuals who were not given such a reminder. In Study 2, individuals reminded of physical cleansing in the laboratory demonstrated harsher moral judgments toward violations of sexual purity and were more likely to report being politically conservative than control participants. Together, these experiments provide further evidence of a deep link between physical purity and moral judgment, and they offer preliminary evidence that manipulations of physical purity can influence general (and putatively stable) political attitudes.;Dirty Liberals!
297;10.1177/0956797611414726;There is scant evidence that incidental cues in the environment significantly alter people's political judgments and behavior in a durable way. We report that a brief exposure to the American flag led to a shift toward Republican beliefs, attitudes, and voting behavior among both Republican and Democratic participants, despite their overwhelming belief that exposure to the flag would not influence their behavior. In Experiment 1, which was conducted online during the 2008 U.S. presidential election, a single exposure to an American flag resulted in a significant increase in participants' Republican voting intentions, voting behavior, political beliefs, and implicit and explicit attitudes, with some effects lasting 8 months after the exposure to the prime. In Experiment 2, we replicated the findings more than a year into the current Democratic presidential term. These results constitute the first evidence that nonconscious priming effects from exposure to a national flag can bias the citizenry toward one political party and can have considerable durability.;A Single Exposure to the American Flag Shifts Support Toward Republicanism up to 8 Months Later
298;10.1177/0956797611420166;Activation of the behavioral immune system has been shown to promote activation of the biological immune system. The current research tested the hypothesis that activation of the biological immune system (as a result of recent illness) promotes activation of the behavioral immune system. Participants who had recently been ill, and had therefore recently experienced activation of their biological immune system, displayed heightened attention to (Study 1) and avoidance of (Study 2) disfigured individuals--cognitive and behavioral processes reflecting activation of the behavioral immune system. These findings shed light on the interactive nature of biological and psychological mechanisms designed to help people overcome the threat of disease.;Sick Body, Vigilant Mind
299;10.1177/0956797611431465;Tasks that tax working memory (WM) have consistently been found to decrease mind wandering. These findings may indicate that maintenance of mind wandering requires WM resources, such that mind wandering cannot persist when WM resources are being consumed by a task. An alternative explanation for these findings, however, is that mind wandering persists without the support of WM but is nonetheless decreased during any demanding task because good task performance requires that attention be restricted from task-unrelated thought (TUT). The present study tested these two competing theories by investigating whether individuals with greater WM resources mind-wander more during an undemanding task, as would be predicted only by the theory that WM supports TUT. We found that individuals with higher WM capacity reported more TUT in undemanding tasks, which suggests that WM enables the maintenance of mind wandering.;The Persistence of Thought
300;10.1177/0956797611432497;"Light and darkness have always been symbols of good and evil, respectively. In works ranging from popular movies and literature to the sacred texts of major world religions, the concepts of light and darkness have been used to convey the same messages. In the animated movie All Dogs Go to Heaven (Bluth, Goldman, & Pomeroy, 1989), heaven is depicted as a brightly lit place where the sun shines. Goodness is also associated with brightness and evil with darkness in some of Shakespeare’s plays. For example, in Macbeth, when Lady Macbeth wants to hide her evil deeds from heaven and from herself, she says, “Come, thick night/And pall thee in the dunnest smoke of hell/That my keen knife see not the wound it makes/Nor heaven peep through the blanket of the dark/To cry ‘Hold, hold!’” (Shakespeare, 1623/1884, Act 1, scene 5, lines 48–52). Comparable symbolism is used in the Bible as well. For example, Job curses the day when he was born and condemns it to darkness. The prayer of the Brihadaranyaka Upanishad—“Lead me from darkness to light!” (1.3.28)—reiterates a similar notion. Empirical findings attest to such metaphorical associations. For example, professional sports players wearing black are perceived as more malevolent than players wearing nonblack clothes (Frank & Gilovich, 1988).
Research on embodied cognition suggests that such metaphors are useful not only for understanding and communicating abstract ideas, but also for forming a basis for concrete sensory experiences (Lakoff, & Johnson, 1980; Landau, Meier, & Keefer, 2010). For instance, Zhong and Leonardelli (2008) asked participants to recall a time when they felt socially rejected (an abstract concept) and then to indicate the temperature in the room (a concrete sensory experience). Compared with participants in a socially included group, participants in the socially rejected group perceived the room to be significantly colder.
";Is It Light or Dark? Recalling Moral Behavior Changes Perception of Brightness
301;10.1177/0956797611434537;Dozens of studies in different nations have revealed that socioeconomic status only weakly predicts an individual's subjective well-being (SWB). These results imply that although the pursuit of social status is a fundamental human motivation, achieving high status has little impact on one's SWB. However, we propose that sociometric status-the respect and admiration one has in face-to-face groups (e.g., among friends or coworkers)-has a stronger effect on SWB than does socioeconomic status. Using correlational, experimental, and longitudinal methodologies, four studies found consistent evidence for a local-ladder effect: Sociometric status significantly predicted satisfaction with life and the experience of positive and negative emotions. Longitudinally, as sociometric status rose or fell, SWB rose or fell accordingly. Furthermore, these effects were driven by feelings of power and social acceptance. Overall, individuals' sociometric status matters more to their SWB than does their socioeconomic status.;The Local-Ladder Effect
302;10.1177/0956797612443835;Recent research suggests that refraining from cheating in tempting situations requires self-control, which indicates that serving self-interest is an automatic tendency. However, evidence also suggests that people cheat to the extent that they can justify their unethical behavior to themselves. To merge these different lines of research, we adopted a dual-system approach that distinguished between the intuitive and deliberative cognitive systems. We suggest that for people to restrict their dishonest behavior, they need to have enough time and no justifications for self-serving unethical behavior. We employed an anonymous die-under-cup task in which participants privately rolled a die and reported the outcome to determine their pay. We manipulated the time available for participants to report their outcome (short vs. ample). The results of two experiments support our prediction, revealing that the dark side of people's automatic self-serving tendency may be overcome when time to decide is ample and private justifications for dishonesty are not available.;Honesty Requires Time (and Lack of Justifications)
303;10.1177/0956797612452574;Integrating system-justification and objectification theories, the research reported here broadens the scope of prior work on women's self-objectification to examine its system-justifying function. I investigated the relation of trait and state self-objectification to support for the gender status quo and engagement in gender-based social activism among U.S. college women. Study 1 established that greater trait self-objectification was related to more gender-specific system justification and less engagement in gender-based social activism. The data supported a mediational model in which gender-specific system justification mediated the link between trait self-objectification and social activism. Results from Study 2, in which self-objectification was situationally activated, confirmed the same mediational model. These findings suggest that trait and state self-objectification may be part of a wider pattern of system-justifying behavior that maintains gender inequality and thwarts women's pursuit of social justice.;Objects Don’t Object
304;10.1177/0956797612465878;The experience of meaning is often conceptualized as involving reliable pattern or coherence. However, research has not addressed whether exposure to pattern or coherence influences the phenomenological experience of meaning in life. Four studies tested the prediction that exposure to objective coherence (vs. incoherence) would lead to higher reports of meaning in life. In Studies 1 and 2 (combined N = 214), adults rated photographs of trees presented in patterns (organized around their seasonal content) or randomly. Participants in the pattern conditions reported higher meaning in life than those in the random conditions. Studies 3 and 4 (combined N = 229) yielded similar results when participants read coherent, as opposed to incoherent, linguistic triads. The manipulations did not influence explicit or implicit affect. Implications for understanding the human experience of meaning, the processes that support that experience, and its potential role in adaptation are discussed.;Encounters With Objective Coherence and the Experience of Meaning in Life
305;10.1177/0956797613497969;In the research reported here, we found evidence of the cheerleader effect-people seem more attractive in a group than in isolation. We propose that this effect arises via an interplay of three cognitive phenomena: (a) The visual system automatically computes ensemble representations of faces presented in a group, (b) individual members of the group are biased toward this ensemble average, and (c) average faces are attractive. Taken together, these phenomena suggest that individual faces will seem more attractive when presented in a group because they will appear more similar to the average group face, which is more attractive than group members' individual faces. We tested this hypothesis in five experiments in which subjects rated the attractiveness of faces presented either alone or in a group with the same gender. Our results were consistent with the cheerleader effect.;Hierarchical Encoding Makes Individuals in a Group Seem More Attractive
306;10.1177/0956797613508412;In three studies, we examined how racial progress affects Whites' perceptions of anti-White bias. When racial progress was chronically (Study 1) and experimentally (Study 2) salient, Whites who believed the current U.S. status hierarchy was legitimate were more likely to report that Whites were victims of racial discrimination. In contrast, Whites who perceived the current status system as illegitimate were unaffected by the salience of racial progress. The results of Study 3 point to the role of threat in explaining these divergent reactions to racial progress. When self-affirmed, Whites who perceived the status hierarchy as legitimate no longer showed increased perceptions of anti-White bias when confronted with evidence of racial progress. Implications for policies designed to remedy social inequality are discussed.;Racial Progress as Threat to the Status Hierarchy
307;10.1177/0956797614563108;Religiosity and participation in religious activities have been linked with decreased risky behavior. In the current research, we hypothesized that exposure to the concept of God can actually increase people's willingness to engage in certain types of risks. Across seven studies, reminders of God increased risk taking in nonmoral domains. This effect was mediated by the perceived danger of a risky option and emerged more strongly among individuals who perceive God as a reliable source of safety and protection than among those who do not. Moreover, in an eighth study, when participants were first reminded of God and then took a risk that produced negative consequences (i.e., when divine protection failed to materialize), participants reported feeling more negatively toward God than did participants in the same situation who were not first reminded of God. This research contributes to an understanding of the divergent effects that distinct components of religion can exert on behavior.;Anticipating Divine Protection? Reminders of God Can Increase Nonmoral Risk Taking
308;10.1177/0956797615576533;"Acoustic rhythms are pervasive in speech, music, and environmental sounds. Recent evidence for neural codes representing periodic information suggests that they may be a neural basis for the ability to detect rhythm. Further, rhythmic information has been found to modulate auditory-system excitability, which provides a potential mechanism for parsing the acoustic stream. Here, we explored the effects of a rhythmic stimulus on subsequent auditory perception. We found that a low-frequency (3 Hz), amplitude-modulated signal induces a subsequent oscillation of the perceptual detectability of a brief nonperiodic acoustic stimulus (1-kHz tone); the frequency but not the phase of the perceptual oscillation matches the entrained stimulus-driven rhythmic oscillation. This provides evidence that rhythmic contexts have a direct influence on subsequent auditory perception of discrete acoustic events. Rhythm coding is likely a fundamental feature of auditory-system design that predates the development of explicit human enjoyment of rhythm in music or poetry.";The Rhythm of Perception
309;10.1177/0956797617721270;"It is rarely recognized that people are dual taskers all the time. They must simultaneously control body posture and whatever cognitive task they are engaged in at the moment. Even a common position like standing engages complex attentional and physiological mechanisms (more than the usual default sitting position does; e.g., Kerr, Condon, & McDonald, 1985; Lajoie, Teasdale, Bard, & Fleury, 1993; for a review, see Samuel, Solomon, & Mohan, 2015; Woollacott & Shumway-Cook, 2002). The posture-attention bond has been investigated mainly with the goal of determining the effect of attention and cognition on the maintenance of posture. In this study, we examined the reverse causal link: the effect of standing as opposed to sitting on the selectivity of attention. To gauge the selectivity of attention, we used psychology’s classic tool, the Stroop effect: the larger the Stroop effect, the greater the failure of selective attention to the target attribute.
During standing, multiple muscles must be tonically active because the line of gravity falls slightly in front of the knees and ankles, so that “no one stands absolutely still” (Samuel et al., 2015, p. 72). Attention must be continuously engaged to maintain this posture because there is no such thing as quiet standing. Given that “stance postural control [is] attentionally demanding” (Woollacott & Shumway-Cook, 2002, p. 2), how do the extra attentional demands affect performance in a concurrent cognitive task? The scant literature on this question (mainly in the domains of gerontology and physiology, usually with a pragmatic purpose) presents conflicting results: Some studies show that standing impairs performance (e.g., Kerr et al., 1985), whereas other researchers report that standing improves performance (e.g., Hazamy et al., 2017). Mainstream cognitive research can provide a clue given the possibility that the continuous maintenance of the standing posture imposes a potentially stressful load on the organism. Now it has been shown that the selectivity of attention improves under stress (e.g., Chajut & Algom, 2003) and load (e.g., Lavie, Hirst, De Fockert, & Viding, 2004); recent studies show that stress and load share the same physiological and attentional mechanism (e.g., Sato, Takenaka, & Kawahara, 2012; Tiferet-Dweck et al., 2016).
";Stand by Your Stroop: Standing Up Enhances Selective Attention and Cognitive Control
310;10.1177/0963662514549688;The appearance of being scientific can increase persuasiveness. Even trivial cues can create such an appearance of a scientific basis. In our studies, including simple elements, such as graphs (Studies 1-2) or a chemical formula (Study 3), increased belief in a medication's efficacy. This appears to be due to the association of such elements with science, rather than increased comprehensibility, use of visuals, or recall. Belief in science moderates the persuasive effect of graphs, such that people who have a greater belief in science are more affected by the presence of graphs (Study 2). Overall, the studies contribute to past research by demonstrating that even trivial elements can increase public persuasion despite their not truly indicating scientific expertise or objective support.;Blinded with science: Trivial graphs and formulas increase ad persuasiveness and belief in product efficacy
311;10.1177/1049731508329392;Objective: According to a prior study, there are substantial lapses in journal coverage in the Social Work Abstracts (SWA) database. The current study provides a replication and extension. Method: The longitudinal pattern of coverage of thirty-three journals categorized in SWA as core journals (published in the 1989-1996 period) is examined. Results: The proportion of issues missing from SWA is significantly greater than 0, increase over time, and is significantly biased in favor of NASW journals. Conclusion: The errors in SWA reported here, combined with those previously reported, will exert a long-term negative impact on scholarship unless their existence becomes known to all SWA users and they take steps to compensate for the situation.;Social Work Abstracts Fails Again
312;10.1177/1948550611419266;The omnipresent abstract symbol for time progression and regression is clockwise versus counterclockwise rotation. It was tested whether merely executing and seeing clockwise (vs. counterclockwise) movements would induce psychological states of temporal progression (vs. regression) and according to motivational orientations toward the future and novelty (vs. the past and familiarity). Supporting this hypothesis, participants who turned cranks counterclockwise preferred familiar over novel stimuli, but participants who turned cranks clockwise preferred novel over old stimuli, reversing the classic mere exposure effect (Experiment 1). Also, participants rotating a cylinder clockwise reported higher scores in the personality measure openness to experience than participants rotating counterclockwise (Experiment 2). Merely passively watching a rotating square had similar but weaker effects on exposure and openness (Experiment 3). Finally, participants chose more unconventional candies from a clockwise than from a counterclockwise Lazy Susan, that is, a turntable (Experiment 4).;Turning the Hands of Time
313;10.1177/1948550612447114;Recent research has revealed that specific tastes can influence moral processing, with sweet tastes inducing prosocial behavior and disgusting tastes harshening moral judgments. Do similar effects apply to different food types (comfort foods, organic foods, etc.)? Although organic foods are often marketed with moral terms (e.g., Honest Tea, Purity Life, and Smart Balance), no research to date has investigated the extent to which exposure to organic foods influences moral judgments or behavior. After viewing a few organic foods, comfort foods, or control foods, participants who were exposed to organic foods volunteered significantly less time to help a needy stranger, and they judged moral transgressions significantly harsher than those who viewed nonorganic foods. These results suggest that exposure to organic foods may lead people to affirm their moral identities, which attenuates their desire to be altruistic.;Wholesome Foods and Wholesome Morals?
314;10.1177/1948550612452014;Power makes people think, feel, and behave in ways that help them to maintain and increase power. Thus far, the mechanisms underlying power’s beneficial effects on goal pursuit have been investigated predominantly on a cognitive level. The present research tested whether power influences goal pursuit in an even more fundamental way, namely by improving actual behavior on motor-based tasks. Furthermore, we suggest that this effect is produced by changes in perceptual goal representation. Consistent with our assumptions, Experiment 1 found that individuals primed with high-power outperformed control participants on a golf-putting task. In Experiment 2, individuals receiving a high-power prime outperformed individuals receiving a low-power prime on a dart-throwing task. Moreover, high-power primed participants represented the focal goal (a dart board) in greater goal-relevant detail, which mediated the effect of power on motor performance. Taken together, these findings suggest that power shapes performance in more fundamental ways than previously assumed.;Bullseye!
315;10.1177/1948550614555029;"People are generally motivated to increase the diversity of their self-concepts, within their relationships and outside of them. Self-expansion enhances both individual and relationship well-being; however, almost no research has investigated what circumstances attenuate people’s desire for self-expansion. The present research addressed this question by testing the central hypothesis that experiencing lower self-concept clarity would predict less interest in self-expansion. Across three studies, the present research demonstrated that individuals primed with low self-concept clarity expressed less interest in self-expansion outside of romantic relationships (Studies 1–2) and were less likely to actually self-expand by incorporating attributes from a potential romantic partner into the self (Study 3). Despite the benefits of self-expansion, certain situations may reduce people’s desire to add content to the self.";Knowing Who You Are and Adding to It
316;10.1177/1948550616628608;Two studies demonstrated that subjective socioeconomic status moderates the effects of reminders of money on the endorsement of the socioeconomic system. Whether reminders of money increased or decreased system justification (Study 1) and the belief in a just world (Study 2) depended on participants’ subjectively experienced standing in the social hierarchy. These findings were backed up by a small-scale meta-analysis across our entire data ( N = 365). Hence, we also included a third study into the meta-analysis, in which the manipulation check indicated that the mental activation of money was comparably weak. This research offers new insights into the psychological mechanisms of money primes and reveals that interindividual differences, such as whether one feels privileged or not, can moderate the effects of money primes.;A Fresh Look on Money Priming
317;10.1177/1948550617751583;In demonstration of the Marley hypothesis, Nelson, Adams, and Salter showed that differences in critical historical knowledge (i.e., knowledge of past racism) and motivation to protect group esteem predicted present-day racism perceptions among Whites and Blacks attending different, racially homogenous universities. The present Study 1 conceptually replicates these findings among Whites and Blacks attending the same racially diverse university. Consistent with previous findings, Whites (vs. Blacks) displayed less critical historical knowledge, explaining their greater denial of systemic racism. Moreover, stronger racial identity among Whites predicted greater systemic racism denial. A brief Study 2 intervention boosts Whites’ racism perceptions. People who learned the critical history of U.S. housing policy (vs. a control group) acknowledged more systemic racism. The present work interrupts seemingly normal and neutral dominant perspectives, provides mounting evidence for an epistemologies of ignorance framework, and suggests that learning critical history can help propel anti-racist understandings of the present.;Ignoring History, Denying Racism: Mounting Evidence for the Marley Hypothesis and Epistemologies of Ignorance
318;10.1177/2167702618757658;Eye movement desensitization and reprocessing (EMDR) is a popular treatment for posttraumatic stress disorder. However, little is known about the memory effects of EMDR. Using a misinformation paradigm, we examined whether lateral eye movements, as used in EMDR, enhance susceptibility to false memories. Undergraduates ( N = 82) saw a video depicting a car crash. Subsequently, participants either performed eye movements or held their eyes stationary. Afterward, all participants received misinformation in the form of an eyewitness narrative. The results indicate that eye movement participants were less accurate and were more susceptible to the misinformation effect than controls. Our finding suggests EMDR may have risky drawbacks in an eyewitness context and therefore urgently needs follow-up research.;Lateral Eye Movements Increase False Memory Rates
319;10.1257/0002828054201387;We conduct experiments to explore the possibility that subject misconceptions, as opposed to a particular theory of preferences referred to as the “endowment effect,” account for reported gaps between willingness to pay (“WTP”) and willingness to accept (“WTA”). The literature reveals two important facts. First, there is no consensus regarding the nature or robustness of WTP-WTA gaps. Second, while experimenters are careful to control for subject misconceptions, there is no consensus about the fundamental properties of misconceptions or how to avoid them. Instead, by implementing different types of experimental controls, experimenters have revealed notions of how misconceptions arise. Experimenters have applied these controls separately or in different combinations. Such controls include ensuring subject anonymity, using incentive-compatible elicitation mechanisms, and providing subjects with practice and training on the elicitation mechanism before employing it to measure valuations. The pattern of results reported in the literature suggests that the widely differing reports of WTP-WTA gaps could be due to an incomplete science regarding subject misconceptions. We implement a “revealed theory” methodology to compensate for the lack of a theory of misconceptions. Theories implicit in experimental procedures found in the literature are at the heart of our experimental design. Thus, our approach to addressing subject misconceptions reflects an attempt to control simultaneously for all dimensions of concern over possible subject misconceptions found in the literature. To this end, our procedures modify the Becker-DeGroot-Marschak mechanism used in previous studies to elicit values. In addition, our procedures supplement commonly used procedures by providing extensive training on the elicitation mechanism before subjects provide WTP and WTA responses. Experiments were conducted using both lotteries and mugs, goods frequently used in endowment effect experiments. Using the modified procedures, we observe no gap between WTA and WTP. Therefore, our results call into question the interpretation of observed gaps as evidence of loss aversion or prospect theory. Further evidence is required before convincing interpretations of observed gaps can be advanced.;The Willingness to Pay–Willingness to Accept Gap, the “Endowment Effect,” Subject Misconceptions, and Experimental Procedures for Eliciting Valuations
320;10.1257/aer.101.2.470;A key open question for theories of reference-dependent preferences is: what determines the reference point? One candidate is expectations: what people expect could affect how they feel about what actually occurs. In a real-effort experiment, we manipulate the rational expectations of subjects and check whether this manipulation influences their effort provision. We find that effort provision is significantly different between treatments in the way predicted by models of expectation-based, reference-dependent preferences: if expectations are high, subjects work longer and earn more money than if expectations are low. (JEL D12, D84, J22);Reference Points and Effort Provision
321;10.1257/aer.101.2.749;We employ a novel approach to identify overbidding in auctions. We compare online auction prices to fixed prices for the same item on the same webpage. In detailed data on auctions of a board game, 42 percent of auctions exceed the simultaneous fixed price. The result replicates in a broad cross-section of auctions (48 percent overbidding). A small fraction of overbidders, 17 percent of bidders, suf fices to generate the large fraction of auctions with overbidding. We show that the observed behavior is inconsistent with rational behavior, even allowing for uncertainty about prices and switching costs, since the expected auction price also exceeds the fixed price. Limited attention best explains our results. (JEL D12, D44);The Bidder's Curse
322;10.1257/aer.101.2.819;This paper provides the first experimental test of Edward Lazear's (1979) model of deferred compensation. We examine the relation ship between firms' wage offers and workers' effort supply in a multi-period environment. If firms can ex ante commit to a wage schedule with deferred compensation, workers should respond by supplying sufficient effort to avoid dismissal. We contrast this full-commitment case to controls with no commitment and computer-generated wages in order to examine the roles of monetary incentives, social preferences, and reciprocity. Finally, we examine a setup without formal commitment, but where firms can build a reputation for paying deferred wages. (JEL D86, J22, J31, J33, J41);Deferred Compensation in Multiperiod Labor Contracts: An Experimental Test of Lazear's Model
323;10.1257/aer.101.6.2562;When does a common group identity improve efficiency in coordination games? To answer this question, we propose a group-contingent social preference model and derive conditions under which social identity changes equilibrium selection. We test our predictions in the minimum-effort game in the laboratory under parameter configurations which lead to an inefficient low-effort equilibrium for subjects with no group identity. For those with a salient group identity, consistent with our theory, we find that learning leads to ingroup coordination to the efficient high-effort equilibrium. Additionally, our theoretical framework reconciles findings from a number of coordination game experiments. (JEL C71, C91, D71);The Potential of Social Identity for Equilibrium Selection
324;10.1257/aer.101.7.3109;We conduct a random-assignment experiment to investigate whether positive affect impacts time preference, where time preference denotes a preference for present over future utility. Our result indicates that, compared to neutral affect, mild positive affect significantly reduces time preference over money. This result is robust to various specification checks, and alternative interpretations of the result are considered. Our result has implications for the effect of happiness on time preference and the role of emotions in economic decision making, in general. Finally, we reconfirm the ubiquity of time preference and start to explore its determinants. (DJEL D12, D83, I31);Happiness and Time Preference: The Effect of Positive Affect in a Random-Assignment Experiment
325;10.1257/aer.104.1.123;"We investigate the relationship between violence and economic risk preferences in Afghanistan combining: (i) a two-part experimental procedure identifying risk preferences, violations of Expected Utility, and specific preferences for certainty; (ii) controlled recollection of fear based on established methods from psychology; and (iii) administrative violence data from precisely geocoded military records. We document a specific preference for certainty in violation of Expected Utility. The preference for certainty, which we term a Certainty Premium, is exacerbated by the combination of violent exposure and controlled fearful recollections. The results have implications for risk taking and are potentially actionable for policymakers and marketers. (JEL A12, C91, D12, D74, D81, O12, O17)";Violence and Risk Preference: Experimental Evidence from Afghanistan
326;10.1257/aer.104.6.1735;We study the Lagos and Wright (2005) model of monetary exchange in the laboratory. With a finite population of sufficiently patient agents, this model has a unique monetary equilibrium and a continuum of non-monetary gift exchange equilibria, some of which Pareto dominate the monetary equilibrium. We find that subjects avoid the gift exchange equilibria in favor of the monetary equilibrium. We also study versions of the model without money where all equilibria involve non-monetary gift exchange. We find that welfare is higher in the model with money than without money, suggesting that money plays a role as an efficiency enhancing coordination device. ( JEL C92, D12, E40, Z13);Gift Exchange versus Monetary Exchange: Theory and Evidence
327;10.1287/mnsc.2016.2664;Does testosterone increase the tendency to engage in self-employment? The results presented to date have been mixed. Using three different studies, we provide additional evidence on the relationship between testosterone and self-employment. Drawing on a cross section of 2,146 individuals (1,178 males and 968 females) from the National Health and Nutrition Examination Surveys’ 2011–2012 sample, and controlling for endogeneity (with red blood cell count, percentage hematocrit, and zinc supplement intake in the past 30 days as instruments), we find that serum testosterone levels are positively associated with self-employment for males (marginally significant, two-tailed test). As testosterone levels could be affected by social, economic, and biological factors during one’s life course, we draw more robust inferences by assessing whether the 2D:4D digit ratio, a marker of prenatal testosterone exposure, influences the likelihood of self-employment. From Understanding Society’s Innovation Panel Wave 6, we tested separate models for 449 males and 525 females, and our results indicate that males (respectively, females) with a lower 2D:4D ratio in their left hand, or higher prenatal testosterone exposure, have a significantly greater (respectively, marginally significant) likelihood of self-employment (two-tailed test). Finally, we examine the twin testosterone transfer effect in a sample of opposite-sex and same-sex twins from the National Survey of Midlife Development in the United States and provide additional support for the marginally significant (two-tailed test) positive association between testosterone and self-employment. Data are available at https://doi.org/10.1287/mnsc.2016.2664 . This paper was accepted by Toby Stuart, entrepreneurship and innovation.;Testosterone and Tendency to Engage in Self-Employment
328;10.1287/orsc.1040.0065;In this study, we address the topic of interorganizational network change by exploring factors that affect the choice of alliance and interlock partners. While many studies have been devoted to investigating various factors driving network partner choice, there is also an interesting and unexplored tension in this body of work. On the one hand, much work emphasizes change in social structure—showing that firms expand networks by forming new relationships with new partners. At the same time, other scholars emphasize stability of social structure—showing that firms tend to choose past exchange partners. We seek to reconcile this tension by proposing that firms form new relationships with new partners as a form of exploration, and form additional relationships with existing partners as a form of exploitation (March 1991). Further, whether exploration or exploitation is chosen depends on the type of uncertainty that firms are facing: whether it is firm-specific or market-level uncertainty. We test our hypotheses using data on both interlock and alliance networks for the 300 largest U.S. firms during the 1988–1993 period. The results provide some evidence that whether networks are stable or changing depends on the type of uncertainty experienced by firms.;Friends or Strangers? Firm-Specific Uncertainty, Market Uncertainty, and Network Partner Selection
329;10.1348/000709909x466479;BACKGROUND: It has been proposed that motivational responses outside people's conscious awareness can be primed to affect academic performance. The current research focused on the relationship between primed evaluative letters (A and F), explicit and implicit achievement motivation, and cognitive performance. AIM: Given the evaluative connotation associated with letter grades, we wanted to know if exposure to the letter A before a task could improve performance, and exposure to the letter F could impair performance. If such effects are found, we suspected that they may be rooted in implicit approach versus avoidance motivation, and occur without participants' awareness. SAMPLE: The current research was conducted at a large research university in the USA. Twenty-three undergraduates participated in Expt 1, 32 graduate students in Expt 2, and 76 undergraduates in Expt 3. METHOD: Expts 1 and 2 were conducted in classroom settings, and Expt 3 in a laboratory. In Expt 1, participants were randomly assigned to either the A or F condition. The letter manipulation came in the form of an ostensible Test Bank ID code on the cover of an analogy test, which participants were prompted to view and write on each page of their test. Expt 2 followed a similar procedure but included the neutral letter J as a third condition to serve as a control. In Expt 3, participants' letter condition was presented in the form of an ostensible Subject ID code prior to an anagram test. RESULTS: Expts 1-3 demonstrated that exposure to the letter A enhances performance relative to the exposure to the letter F, whereas exposure to the letter F prior to an achievement task can impair performance. This effect was demonstrated using two different types of samples (undergraduate and graduate students), in two different experimental settings (classroom and laboratory), using two different types of achievement tasks (analogy and anagram), and using two different types of letter presentation (Test Bank ID and Subject ID). Results from the funnelled debriefing, self-report goals, and word-stem completion support our position that the effect of letter on academic performance takes place outside the conscious awareness of participants. CONCLUSIONS: Our findings suggest that students are vulnerable to evaluative letters presented before a task, and support years of research highlighting the significant role that nonconscious processes play in achievement settings.;A versus F: The effects of implicit letter priming on cognitive performance
330;10.1371/journal.pgen.1002656;Autozygosity occurs when two chromosomal segments that are identical from a common ancestor are inherited from each parent. This occurs at high rates in the offspring of mates who are closely related (inbreeding), but also occurs at lower levels among the offspring of distantly related mates. Here, we use runs of homozygosity in genome-wide SNP data to estimate the proportion of the autosome that exists in autozygous tracts in 9,388 cases with schizophrenia and 12,456 controls. We estimate that the odds of schizophrenia increase by ~17% for every 1% increase in genome-wide autozygosity. This association is not due to one or a few regions, but results from many autozygous segments spread throughout the genome, and is consistent with a role for multiple recessive or partially recessive alleles in the etiology of schizophrenia. Such a bias towards recessivity suggests that alleles that increase the risk of schizophrenia have been selected against over evolutionary time.;Runs of Homozygosity Implicate Autozygosity as a Schizophrenia Risk Factor
331;10.1371/journal.pone.0004117;Memories evolve. After learning something new, the brain initiates a complex set of post-learning processing that facilitates recall (i.e., consolidation). Evidence points to sleep as one of the determinants of that change. But whenever a behavioral study of episodic memory shows a benefit of sleep, critics assert that sleep only leads to a temporary shelter from the damaging effects of interference that would otherwise accrue during wakefulness. To evaluate the potentially active role of sleep for verbal memory, we compared memory recall after sleep, with and without interference before testing. We demonstrated that recall performance for verbal memory was greater after sleep than after wakefulness. And when using interference testing, that difference was even more pronounced. By introducing interference after sleep, this study confirms an experimental paradigm that demonstrates the active role of sleep in consolidating memory, and unmasks the large magnitude of that benefit.;The Sleeping Brain's Influence on Verbal Memory: Boosting Resistance to Interference
332;10.1371/journal.pone.0045232;Several studies have shown that genetic factors account for 25% of the variation in human life span. On the basis of published molecular, genetic and epidemiological data, we hypothesized that genetic polymorphisms of taste receptors, which modulate food preferences but are also expressed in a number of organs and regulate food absorption processing and metabolism, could modulate the aging process. Using a tagging approach, we investigated the possible associations between longevity and the common genetic variation at the three bitter taste receptor gene clusters on chromosomes 5, 7 and 12 in a population of 941 individuals ranging in age from 20 to 106 years from the South of Italy. We found that one polymorphism, rs978739, situated 212 bp upstream of the TAS2R16 gene, shows a statistically significant association (p = 0.001) with longevity. In particular, the frequency of A/A homozygotes increases gradually from 35% in subjects aged 20 to 70 up to 55% in centenarians. These data provide suggestive evidence on the possible correlation between human longevity and taste genetics.;Bitter Taste Receptor Polymorphisms and Human Aging
333;10.1371/journal.pone.0059837;"People often avoid information and situations that have the potential to contradict previously held beliefs and attitudes (i.e., situations that arouse cognitive dissonance). According to the motivated social cognition model of political ideology, conservatives tend to have stronger epistemic needs to attain certainty and closure than liberals. This implies that there may be differences in how liberals and conservatives respond to dissonance-arousing situations. In two experiments, we investigated the possibility that conservatives would be more strongly motivated to avoid dissonance-arousing tasks than liberals. Indeed, U.S. residents who preferred more conservative presidents (George W. Bush and Ronald Reagan) complied less than Americans who preferred more liberal presidents (Barack Obama and Bill Clinton) with the request to write a counter-attitudinal essay about who made a ""better president."" This difference was not observed under circumstances of low perceived choice or when the topic of the counter-attitudinal essay was non-political (i.e., when it pertained to computer or beverage preferences). The results of these experiments provide initial evidence of ideological differences in dissonance avoidance. Future work would do well to determine whether such differences are specific to political issues or topics that are personally important. Implications for political behavior are discussed.";“Not for All the Tea in China!” Political Ideology and the Avoidance of Dissonance-Arousing Situations
334;10.1371/journal.pone.0163051;Insufficient resources are associated with negative consequences including decreased valuation of future reinforcers. To determine if these effects result from scarcity, we examined the consequences of acute, abrupt changes in resource availability on delay discounting-the subjective devaluation of rewards as delay to receipt increases. In the current study, 599 individuals recruited from Amazon Mechanical Turk read a narrative of a sudden change (positive, neutral, or negative) to one's hypothetical future income and completed a delay discounting task examining future and past monetary gains and losses. The effects of the explicit zero procedure, a framing manipulation, was also examined. Negative income shock significantly increased discounting rates for gains and loses occurring both in the future and the past. Positive income windfalls significantly decreased discounting to a lesser extent. The framing procedure significantly reduced discounting under all conditions. Negative income shocks may result in short-term choices.;Stuck in Time: Negative Income Shock Constricts the Temporal Window of Valuation Spanning the Future and the Past
335;10.1371/journal.pone.0175799;Misinformation can undermine a well-functioning democracy. For example, public misconceptions about climate change can lead to lowered acceptance of the reality of climate change and lowered support for mitigation policies. This study experimentally explored the impact of misinformation about climate change and tested several pre-emptive interventions designed to reduce the influence of misinformation. We found that false-balance media coverage (giving contrarian views equal voice with climate scientists) lowered perceived consensus overall, although the effect was greater among free-market supporters. Likewise, misinformation that confuses people about the level of scientific agreement regarding anthropogenic global warming (AGW) had a polarizing effect, with free-market supporters reducing their acceptance of AGW and those with low free-market support increasing their acceptance of AGW. However, we found that inoculating messages that (1) explain the flawed argumentation technique used in the misinformation or that (2) highlight the scientific consensus on climate change were effective in neutralizing those adverse effects of misinformation. We recommend that climate communication messages should take into account ways in which scientific content can be distorted, and include pre-emptive inoculation messages.;Neutralizing misinformation through inoculation: Exposing misleading argumentation techniques reduces their influence
336;10.1377/hlthaff.2012.0393;"As policy makers seek to slow the growth in Medicare spending, they have appropriately focused attention on beneficiaries with multiple chronic conditions. Many care coordination and disease management programs designed to improve beneficiaries' care and reduce their need for hospitalizations have been tested, but few have been successful. This study, however, found that four of eleven programs that were part of the Medicare Coordinated Care Demonstration reduced hospitalizations by 8-33 percent among enrollees who had a high risk of near-term hospitalization. The six approaches practiced by care coordinators in at least three of the four programs were as follows: supplementing telephone calls to patients with frequent in-person meetings; occasionally meeting in person with providers; acting as a communications hub for providers; delivering evidence-based education to patients; providing strong medication management; and providing timely and comprehensive transitional care after hospitalizations. When care management fees were included, the programs were essentially cost-neutral, but none of these programs generated net savings to Medicare. Our results suggest that incorporating these approaches into medical homes, accountable care organizations, and other policy initiatives could reduce hospitalizations and improve patients' lives. However, the approaches would save money only if care coordination fees were modest and organizations found cost-effective ways to deliver the interventions.";Six Features Of Medicare Coordinated Care Demonstration Programs That Cut Hospital Admissions Of High-Risk Patients
337;10.1509/jmkr.45.6.633;People like to think of themselves as honest. However, dishonesty pays—and it often pays well. How do people resolve this tension? This research shows that people behave dishonestly enough to profit but honestly enough to delude themselves of their own integrity. A little bit of dishonesty gives a taste of profit without spoiling a positive self-view. Two mechanisms allow for such self-concept maintenance: inattention to moral standards and categorization malleability. Six experiments support the authors’ theory of self-concept maintenance and offer practical applications for curbing dishonesty in everyday life.;The Dishonesty of Honest People: A Theory of Self-Concept Maintenance
338;10.1509/jmr.13.0451;This research examines how the salience of scarcity influences choices of individual items from a product class. The authors propose that overall perception of scarcity versus overall perception of abundance increases choice share of the most-preferred item from a product class. They argue that this phenomenon occurs because scarcity induces arousal and the heightened arousal polarizes the evaluations of individual items contained in the choice set. The results from five experiments show that scarcity versus abundance broadens the discrepancy between the liking of the favorite and nonfavorite items and leads to a greater choice share of the favorite item. The findings provide support for the arousal-based explanation, showing that the effect of scarcity salience on choices is mediated by consumers’ reported arousal level and moderated by an experimentally induced arousal state.;Scarcity Polarizes Preferences: The Impact on Choice among Multiple Items in a Product Class
339;10.1521/soco.2018.36.1.4;Recent research has studied how resource scarcity draws attention and creates cognitive load. As a result, scarcity improves some dimensions of cognitive function, while worsening others. Still, there remains a fundamental question: how does scarcity influence the content of cognition? In this article, we find that poor individuals (i.e., those facing monetary scarcity) see many everyday experiences through a different lens. Specifically, thoughts about cost and money are triggered by mundane circumstances, they are difficult to suppress, they change mental associations, and they interfere with other experiences. We suggest that the poor see an economic dimension to many everyday experiences that to others may not appear economic at all.;Money in the Mental Lives of the Poor
340;10.1523/jneurosci.14-05-03208.1994;"We investigated how the CNS learns to control movements in different dynamical conditions, and how this learned behavior is represented. In particular, we considered the task of making reaching movements in the presence of externally imposed forces from a mechanical environment. This environment was a force field produced by a robot manipulandum, and the subjects made reaching movements while holding the end-effector of this manipulandum. Since the force field significantly changed the dynamics of the task, subjects' initial movements in the force field were grossly distorted compared to their movements in free space. However, with practice, hand trajectories in the force field converged to a path very similar to that observed in free space. This indicated that for reaching movements, there was a kinematic plan independent of dynamical conditions. The recovery of performance within the changed mechanical environment is motor adaptation. In order to investigate the mechanism underlying this adaptation, we considered the response to the sudden removal of the field after a training phase. The resulting trajectories, named aftereffects, were approximately mirror images of those that were observed when the subjects were initially exposed to the field. This suggested that the motor controller was gradually composing a model of the force field, a model that the nervous system used to predict and compensate for the forces imposed by the environment. In order to explore the structure of the model, we investigated whether adaptation to a force field, as presented in a small region, led to aftereffects in other regions of the workspace. We found that indeed there were aftereffects in workspace regions where no exposure to the field had taken place; that is, there was transfer beyond the boundary of the training data. This observation rules out the hypothesis that the subject's model of the force field was constructed as a narrow association between visited states and experienced forces; that is, adaptation was not via composition of a look-up table. In contrast, subjects modeled the force field by a combination of computational elements whose output was broadly tuned across the motor state space. These elements formed a model that extrapolated to outside the training region in a coordinate system similar to that of the joints and muscles rather than end-point forces. This geometric property suggests that the elements of the adaptive process represent dynamics of a motor task in terms of the intrinsic coordinate system of the sensors and actuators.";Adaptive representation of dynamics during learning of a motor task
341;10.1523/jneurosci.5996-10.2012;Recent advances have been made in the genetics of two human communication skills: speaking and reading. Mutations of the FOXP2 gene cause a severe form of language impairment and orofacial dyspraxia, while single-nucleotide polymorphisms (SNPs) located within a KIAA0319/TTRAP/THEM2 gene cluster and affecting the KIAA0319 gene expression are associated with reading disability. Neuroimaging studies of clinical populations point to partially distinct cerebral bases for language and reading impairments. However, alteration of FOXP2 and KIAA0319/TTRAP/THEM2 polymorphisms on typically developed language networks has never been explored. Here, we genotyped and scanned 94 healthy subjects using fMRI during a reading task. We studied the correlation of genetic polymorphisms with interindividual variability in brain activation and functional asymmetry in frontal and temporal cortices. In FOXP2, SNPs rs6980093 and rs7799109 were associated with variations of activation in the left frontal cortex. In the KIAA0319/TTRAP/THEM2 locus, rs17243157 was associated with asymmetry in functional activation of the superior temporal sulcus (STS). Interestingly, healthy subjects bearing the KIAA0319/TTRAP/THEM2 variants previously identified as enhancing the risk of dyslexia showed a reduced left-hemispheric asymmetry of the STS. Our results confirm that both FOXP2 and KIAA0319/TTRAP/THEM2 genes play an important role in human language development, but probably through different cerebral pathways. The observed cortical effects mirror previous fMRI results in developmental language and reading disorders, and suggest that a continuum may exist between these pathologies and normal interindividual variability.;Genetic Variants of<i>FOXP2</i>and<i>KIAA0319/TTRAP/THEM2</i>Locus Are Associated with Altered Brain Activation in Distinct Language-Related Regions
342;10.1534/g3.114.015669;Idiopathic scoliosis occurs in 3% of individuals and has an unknown etiology. The objective of this study was to identify rare variants that contribute to the etiology of idiopathic scoliosis by using exome sequencing in a multigenerational family with idiopathic scoliosis. Exome sequencing was completed for three members of this multigenerational family with idiopathic scoliosis, resulting in the identification of a variant in the HSPG2 gene as a potential contributor to the phenotype. The HSPG2 gene was sequenced in a separate cohort of 100 unrelated individuals affected with idiopathic scoliosis and also was examined in an independent idiopathic scoliosis population. The exome sequencing and subsequent bioinformatics filtering resulted in 16 potentially damaging and rare coding variants. One of these variants, p.Asn786Ser, is located in the HSPG2 gene. The variant p.Asn786Ser also is overrepresented in a larger cohort of idiopathic scoliosis cases compared with a control population (P = 0.024). Furthermore, we identified additional rare HSPG2 variants that are predicted to be damaging in two independent cohorts of individuals with idiopathic scoliosis. The HSPG2 gene encodes for a ubiquitous multifunctional protein within the extracellular matrix in which loss of function mutation are known to result in a musculoskeletal phenotype in both mouse and humans. Based on these results, we conclude that rare variants in the HSPG2 gene potentially contribute to the idiopathic scoliosis phenotype in a subset of patients with idiopathic scoliosis. Further studies must be completed to confirm the effect of the HSPG2 gene on the idiopathic scoliosis phenotype.;Exome Sequencing Identifies a Rare <i>HSPG2</i> Variant Associated with Familial Idiopathic Scoliosis
343;10.1901/jaba.2011.44-327;We examined the effectiveness and efficiency of 2 instructional arrangements using progressive prompt delay (PPD) with 3 young children with autism and 1 child with developmental delays. Specifically, we compared PPD with instructive feedback (IF) to PPD without IF in an adapted alternating treatment design. The results suggested that (a) children with autism and developmental delays can learn when PPD is used with IF, (b) IF can be an effective method of instruction for young children with autism and developmental delays, and (c) the combination of PPD and IF can increase the efficiency of instruction. Data collected 8 to 9 weeks after instruction ended showed that participants maintained mastery of 58% to 92% of the acquired behaviors. We discuss these results within the constraints and limitations of the data and recommend areas for future research.;COMPARISON OF PROGRESSIVE PROMPT DELAY WITH AND WITHOUT INSTRUCTIVE FEEDBACK
344;10.2139/ssrn.1158663;In most parliamentary democracies, governments must maintain the confidence of a single legislative chamber only. But in bicameral parliaments, upper chambers can affect the fortunes of government policy proposals. Recent work shows that parliamentary governments that lack control over the upper house also tend to collapse sooner than those with upper-house majorities. In this article, we show that coalition builders anticipate the importance of upper-chamber status (majority or minority) in making their formation decisions. After controlling for a host of “usual suspect” variables concerning the institutional, ideological, and partisan context of coalition building, and examining 15,590 potential governments in 129 bargaining situations, we found that potential coalitions that control upper-house majorities are significantly more likely to form than are those with upper-house minorities. Our findings are important for students of bicameralism, government formation, institutions, and, perhaps most significantly, for those who study policymaking in parliamentary democracies.;Influence Without Confidence: Upper Chambers and Government Formation
345;10.2139/ssrn.3649814;Assertion is fundamental to our lives as social and cognitive beings. By asserting we share knowledge, coordinate behavior, and advance collective inquiry. Accordingly, assertion is of considerable interest to cognitive scientists, social scientists, and philosophers. This paper advances our understanding of the norm of assertion. Prior evidence suggests that knowledge is the norm of assertion, a view known as “the knowledge account.” In its strongest form, the knowledge account says that knowledge is both necessary and sufficient for assertability: you should make an assertion if and only if you know that it is true. The knowledge account has been rejected on the grounds that it conflicts with our ordinary practice of evaluating assertions. This paper reports four experiments that address an important objection of this sort, which focuses on a class of examples known as “Gettier cases.” The results undermine the objection and, in the process, provide further evidence for the knowledge account. The findings also teach some important general lessons about intuitional methodology and the curation of genres of thought experiment.;Knowledge and Assertion in 'Gettier' Cases
346;10.2307/20159604;"A proposed theoretical framework for the study of multinationality and performance
includes both benefits and costs of geographic expansion over different phases of
internationalization. Data on 1,489 Japanese firms over 12 years show a consistent
horizontal X S-shaped X relationship between multinationality and performance.
Further, firms investing more heavily in intangible assets, such as technology and
advertising, achieved greater profitability gains from growth in foreign direct invest
ment. Our framework and findings highlight complexity and temporal dynamics";INTERNATIONAL DIVERSIFICATION AND FIRM PERFORMANCE: THE S-CURVE HYPOTHESIS.
347;10.2753/joa0091-3367370303;"Scarcity appeals in advertising enhance value perception, which in turn impacts purchase intentions. This study suggests that the impact of perceived value on purchase intention is mediated by consumers' perceptions of personal susceptibility and the susceptibility of others. Results of an experimental study support a mediating effect where enhanced value perception leads to increases in perceived influence on self relative to others, and therefore enhances purchase intention. The results confirm the impact of perceptual biases as suggested by the ""third-person effect,"" thus providing some interesting theoretical contributions for advertising research as well as for managerial implications.";Explaining The Impact Of Scarcity Appeals In Advertising: The Mediating Role of Perceptions of Susceptibility
348;10.3109/0142159x.2010.541533;BACKGROUND: Measurement of learning climates can serve as an indicator of a department's educational functioning. AIM: This article describes the development and psychometric qualities of an instrument to measure learning climates in postgraduate specialist training: the Dutch Residency Educational Climate Test (D-RECT). METHOD: A preliminary questionnaire was evaluated in a modified Delphi procedure. Simultaneously, all residents in the Netherlands were invited to fill out the preliminary questionnaire. We used exploratory factor analysis to analyze the outcomes and construct the definitive D-RECT. Confirmatory factor analysis tested the questionnaire's goodness of fit. Generalizability studies tested the number of residents needed for a reliable outcome. RESULTS: In two rounds, the Delphi panel reached consensus. In addition, 1278 residents representing 26 specialties completed the questionnaire. The Delphi panel's input in combination with the exploratory factor analysis of 600 completed surveys led to the definitive D-RECT, consisting of 50 items and 11 subscales (e.g., feedback, supervision, patient handover and professional relations between attendings). Confirmatory factor analyses of the remaining surveys confirmed the construct. The results showed that a feasible number of residents is needed for a reliable outcome. CONCLUSION: D-RECT appears to be a valid, reliable and feasible tool to measure the quality of clinical learning climates.;Development and analysis of D-RECT, an instrument measuring residents’ learning climate
349;10.3389/fped.2019.00206;Introduction: Myalgic Encephalomyelitis/ Chronic Fatigue Syndrome (ME/CFS) is a multifactorial illness of unknown etiology with considerable social and economic impact. To investigate a putative genetic predisposition to ME/CFS we conducted genome-wide single-nucleotide polymorphism (SNP) analysis to identify possible variants. Methods: 383 ME/CFS participants underwent DNA testing using the commercial company 23andMe. The de-identified genetic data was then filtered to include only non-synonymous and nonsense SNPs from exons and microRNAs, and SNPs close to splice sites. The frequencies of each SNP were calculated within our cohort and compared to frequencies from the Kaviar reference database. Functional annotation of pathway sets containing SNP genes with high frequency in ME/CFS was performed using over-representation analysis via ConsensusPathDB. Furthermore, these SNPs were also scored using the Combined Annotation Dependent Depletion (CADD) algorithm to gauge their deleteriousness. Results: 5693 SNPs were found to have at least 10% frequency in at least one cohort (ME/CFS or reference) and at least two-fold absolute difference for ME/CFS. Functional analysis identified the majority of SNPs as related to immune system, hormone, metabolic and extracellular matrix organization. CADD scoring identified 517 SNPs in these pathways that are among the 10% most deleteriousness substitutions to the human genome.;Genetic Predisposition for Immune System, Hormone, and Metabolic Dysfunction in Myalgic Encephalomyelitis/Chronic Fatigue Syndrome: A Pilot Study
350;10.3389/fpsyg.2014.01276;"Whether cleanliness influences moral judgments has recently become a topic of debate in the psychological literature. After the initial report that activating the notion of physical purity can result in less severe moral judgments (Schnall et al., 2008a), a direct replication (Johnson et al., 2014a) with much larger sample sizes failed to yield similar findings. The current paper examines the possibility that only non-conscious activation of the cleanliness concept, as achieved in participants with low response effort on priming materials, can produce the expected effect. An online replication (Study 1, N = 214) provided evidence that, when participants exerted low (yet still acceptable) levels of response effort to the experimental material, cleanliness priming led to more lenient moral judgments than neutral priming. An online experiment (Study 2, N = 440; replicated in Study 2a, N = 436) manipulating participants' effort on the priming task (low vs. high) supported the hypothesized mechanism. Specifically, respondents in the low response effort group were instructed to complete the priming task as quickly as possible without too much attention, and the cleanliness priming resulted in less extreme moral judgments than the neutral condition as expected. In contrast, respondents in the high response effort group were instructed to perform to the best of their ability on the priming task, with a non-significant difference on moral ratings between cleanliness and neutral conditions. In addition to helping resolve the controversy regarding the cleanliness hypothesis, the current paper calls into attention the role of response effort in the execution and replication of priming studies.";Does cleanliness influence moral judgments? Response effort moderates the effect of cleanliness priming on moral judgments
351;10.3389/fpsyt.2012.00045;Transcranial direct current stimulation (tDCS) has been successfully applied to cortical areas such as the motor cortex and visual cortex. In the present study, we examined whether tDCS can reach and selectively modulate the excitability of the frontal eye field (FEF). In order to assess potential effects of tDCS, we measured saccade latency, landing point, and its variability in a simple prosaccade task and in an antisaccade task. In the prosaccade task, we found that anodal tDCS shortened the latency of saccades to a contralateral visual cue. However, cathodal tDCS did not show a significant modulation of saccade latency. In the antisaccade task, on the other hand, we found that the latency for ipisilateral antisaccades was prolonged during the stimulation, whereas anodal stimulation did not modulate the latency of antisaccades. In addition, anodal tDCS reduced the erroneous saccades toward the contralateral visual cue. These results in the antisaccade task suggest that tDCS modulates the function of FEF to suppress reflexive saccades to the contralateral visual cue. Both in the prosaccade and antisaccade tasks, we did not find any effect of tDCS on saccade landing point or its variability. Our present study is the first to show effects of tDCS over FEF and opens the possibility of applying tDCS for studying the functions of FEF in oculomotor and attentional performance.;Transcranial Direct Current Stimulation of the Frontal Eye Fields during Pro- and Antisaccade Tasks
352;10.3389/fpsyt.2014.00019;Sleep disturbances, fantasy proneness, cognitive failures, and dissociative symptoms are related to each other. However, the co-occurrence of these phenomena has been primarily studied in non-clinical samples. We investigated the correlations between these phenomena in dissociative identity disorder (DID) patients, post-traumatic stress disorder (PTSD) patients, and healthy controls. Both patient groups reported more sleep problems and lower sleep quality and displayed higher levels of fantasy proneness and cognitive failures than controls. However, the two patient groups did not differ with regard to these variables. Moreover, a higher level of unusual sleep experiences tended to predict participants belonging to the DID group, while specifically a lower sleep quality and more cognitive failures tended to predict participants belonging to the PTSD group.;Self-Reported Sleep Disturbances in Patients with Dissociative Identity Disorder and Post-Traumatic Stress Disorder and How They Relate to Cognitive Failures and Fantasy Proneness
353;10.3758/bf03196313;We report a new phenomenon associated with language comprehension: theaction—sentence compatibility effect (ACE). Participants judged whether sentences were sensible by making a response that required moving toward or away from their bodies. When a sentence implied action in one direction (e.g., “Close the drawer” implies action away from the body), the participants had difficulty making a sensibility judgment requiring a response in the opposite direction. The ACE was demonstrated for three sentences types: imperative sentences, sentences describing the transfer of concrete objects, and sentences describing the transfer of abstract entities, such as “Liz told you the story.” These data are inconsistent with theories of language comprehension in which meaning is represented as a set of relations among nodes. Instead, the data support an embodied theory of meaning that relates the meaning of sentences to human action.;Grounding language in action
355;10.3758/bf03202642;"The functional relationship between memory and consciousness was investigated in two experiments in which subjects indicated when recognizing an item whether they could consciously recollect its prior occurrence in the study list or recognized it on some other basis, in the absence of conscious recollection. Low-frequency words, relative to high-frequency words, enhanced recognition accompanied by conscious recollection but did not influence recognition in the absence of conscious recollection. By contrast, nonwords compared with words enhanced recognition in the absence of conscious recollection and reduced recognition accompanied by conscious recollection. A third experiment showed that confidence judgments in recognizing nonword targets corresponded with recognition performance, not with recollective experience. These measures of conscious awareness therefore tap qualitatively different components of memory, not some unitary dimension such as ""trace strength."" The findings are interpreted as providing further support for the distinction between episodic memory and other memory systems, and also as providing more qualified support for theories that assume that recognition memory entails two components, one of which may also give rise to priming effects in implicit memory.";Recollective experience in word and nonword recognition
356;10.3758/mc.37.1.65;"Retrieval-induced forgetting (RIF) occurs when practice of a memory item impairs retrieval of related, unpracticed items. Here, we demonstrated that RIF in semantic memory is retrieval dependent. University students either studied (7 × 8 = 56) or retrieved (7 × 8 = ?) the answers to a set of multiplication problems for 40 blocks and then were tested on their addition counterparts (7 + 8 = ?). For the retrieval practice group, but not the study practice group, response time for the multiplication-practiced addition facts was about 100 msec slower, relative to control addition problems, in the first of five postpractice addition blocks. Subsequent blocks of addition were interleaved with retrieval blocks of all the multiplication counterparts, which permitted measurement of RIF for the control addition problems after only a single retrieval of their multiplication counterparts. The control problems presented RIF in excess of 200 msec, much larger than the RIF observed after massive practice. This is consistent with the hypothesis that inhibition of competitors should be weaker when target strength is high than when target strength is only moderate (Anderson, 2003; Norman, Newman, & Detre, 2007). The evidence that RIF in semantic retrieval is both retrieval dependent and weaker following massive target practice than following moderate target practice provides strong support for inhibition-based theories of RIF.";Target strength and retrieval-induced forgetting in semantic recall
357;10.3758/pp.70.3.477;We used visual search to explore whether attention could be guided by Kanizsa-type subjective contours and by subjective contours induced by line ends. Unlike in previous experiments, we compared search performance with subjective contours against performance with real, luminance contours, and we had observers search for orientations or shapes produced by subjective contours, rather than searching for the presence of the contours themselves. Visual search for one orientation or shape among distractors of another orientation or shape was efficient when the items were defined by luminance contours. Search was much less efficient among items defined by Kanizsa-type subjective contours. Search remained efficient when the items were defined by subjective contours induced by line ends. The difference between Kanizsa-type subjective contour and subjective contours induced by line ends is consistent with physiological evidence suggesting that the brain mechanisms underlying the perception of these two kinds of subjective contours may be different.;Kanizsa-type subjective contours do not guide attentional deployment in visual search but line termination contours do
358;10.3758/s13423-013-0572-3;© 2014, Psychonomic Society, Inc.Null hypothesis significance testing (NHST) is undoubtedly the most common inferential technique used to justify claims in the social sciences. However, even staunch defenders of NHST agree that its outcomes are often misinterpreted. Confidence intervals (CIs) have frequently been proposed as a more useful alternative to NHST, and their use is strongly encouraged in the APA Manual. Nevertheless, little is known about how researchers interpret CIs. In this study, 120 researchers and 442 students—all in the field of psychology—were asked to assess the truth value of six particular statements involving different interpretations of a CI. Although all six statements were false, both researchers and students endorsed, on average, more than three statements, indicating a gross misunderstanding of CIs. Self-declared experience with statistics was not related to researchers’ performance, and, even more surprisingly, researchers hardly outperformed the students, even though the students had not received any education on statistical inference whatsoever. Our findings suggest that many researchers do not know the correct interpretation of a CI. The misunderstandings surrounding p-values and CIs are particularly unfortunate because they constitute the main tools by which psychologists draw conclusions from data.;Robust misinterpretation of confidence intervals
359;10.3998/mpub.9946611;Drones and Support for the Use of Force utilizes experimental research to analyze the effects of combat drones on Americans' support for the use of force. The authors develop expectations drawn from social science theory and then assess these conjectures using a series of survey experiments. Their findingsâ€”that drones have had important but nuanced effects on support for the use of forceâ€”have implications for democratic control of military action and civil-military relations, and provide insight into how the development and proliferation of current and future military technologies influence the domestic politics of foreign policy.;Drones and Support for the Use of Force
360;10.4103/0366-6999.171421;"BACKGROUND: Amyotrophic lateral sclerosis (ALS) is a fatal neurodegenerative disease that primarily affects motor neurons and has no effective treatment. Recently, Iida et al. identified a single-nucleotide polymorphism (SNP) rs2275294 in the ZNF512B gene that is significantly associated with susceptibility to ALS in the Japanese population. Here, we performed a case-control study examining the possible association of rs2275294 with risk of sporadic ALS (SALS) in a large Chinese cohort. METHODS: To assess this association, we performed a replication study in 953 SALS patients and 1039 age- and gender-matched healthy control subjects, who were recruited from Peking University Third Hospital and the First Affiliated Hospital of Anhui Medical University from January 2004 to December 2013 throughout China. We genotyped the rs2275294 SNP using polymerase chain reaction and direct sequencing. RESULTS: The allele frequency of rs2275294 in ZNF512B was different between Japanese and Chinese. The association in Chinese between ALS patients and controls did not reach statistical significance (P = 0.54; odds ratio = 0.94; 95% confidence interval = 0.76-1.15). CONCLUSIONS: The SNP rs2275294 in ZNF512B is not considered to be associated with ALS susceptibility in the Chinese population. Our study highlights genetic heterogeneity in ALS susceptibility in different population. Given our negative results, further replication study involving larger and more homogeneous samples in different ethnicities should be performed in the future.";Single-nucleotide Polymorphism rs2275294 in ZNF512B is not Associated with Susceptibility to Amyotrophic Lateral Sclerosis in a Large Chinese Cohort
361;10.4161/viru.1.5.12486;In October 2009, we reported the first direct isolation of infectious xenotropic murine leukemia virus-related virus (XMRV). In that study, we used a combination of biological amplification and molecular enhancement techniques to detect XMRV in more than 75% of 101 patients with chronic fatigue syndrome (CFS). Since our report, controversy arose after the publication of several studies that failed to detect XMRV infection in their CFS patient populations. In this addenda, we further detail the multiple detection methods we used in order to observe XMRV infection in our CFS cohort. Our results indicate that PCR from DNA of unstimulated peripheral blood mononuclear cells is the least sensitive method for detection of XMRV in subjects' blood. We advocate the use of more than one type of assay in order to determine the frequency of XMRV infection in patient cohorts in future studies of the relevance of XMRV to human disease.;Detection of an infectious retrovirus, XMRV, in blood cells of patients with chronic fatigue syndrome
362;10.4324/9781032633275-7;"Any event in the history of the organism is, in a sense, unique. Consequently, recognition, learning, and judgment presuppose an ability to categorize stimuli and classify situations by similarity. As Quine (1969) puts it: “There is nothing more basic to thought and language than our sense of similarity; our sorting of things into kinds [p. 116].” Indeed, the notion of similarity – that appears under such different names as proximity, resemblance, communality, representativeness, and psychological distance – is fundamental to theories of perception, learning, and judgment. This chapter outlines a new theoretical analysis of similarity and investigates some of its empirical consequences.";Studies of Similarity
363;10.5840/jphil20111081238;Human brains do spectacular things: They solve complex logical puzzles, compose symphonic masterpieces, conceive technological marvels, and create enduring artworks, for starters. But before they can embark on these prodigies, human brains must achieve something that they share in common with all brains-they must evaluate and differentiate which creatures, objects, and conditions will facilitate their prospects and well-being, and which will do them harm. Evaluation is the most fundamental component of human judgment 1 and one of the most important cognitive capacities for survival.;Causation, Norm Violation, and Culpable Control
364;10.5840/philtopics2001291/217;In this paper we propose to argue for two claims. The first is that a sizable group of epistemological projects -- a group which includes much of what has been done in epistemology in the analytic tradition -- would be seriously undermined if one or more of a cluster of empirical hypotheses about epistemic intuitions turns out to be true. The basis for this claim will be set out in section 2. The second claim is that while the jury is still out, there is now a substantial body of evidence suggesting that some of those empirical hypotheses are true. Much of this evidence derives from an ongoing series of experimental studies of epistemic intuitions that we have been conducting. A preliminary report on these studies will be presented in section 3. In light of these studies, we think it is incumbent on those who pursue the epistemological projects in question to either explain why the truth of the hypotheses does not undermine their projects, or to say why, in light of the evidence we will present, they nonetheless assume that the hypotheses are false. In section 4, which is devoted to Objections and Replies, we'll consider some of the ways in which defenders of the projects we are criticizing might reply to our challenge. Our goal is not to offer a conclusive argument demonstrating that the epistemological projects we will be criticizing are untenable. Rather, our aim is to shift the burden of argument. For far too long, epistemologists who rely heavily on epistemic intuitions have proceeded as though they could simply ignore the empirical hypotheses we will set out. We will be well satisfied if we succeed in making a plausible case for the claim that this approach is no longer acceptable.;Normativity and Epistemic Intuitions
365;10.64152/10125/66632;This study investigated whether cultural familiarity influences comprehension of short stories and whether nativizing the story or using reading activities can compensate for the lack of such familiarity. The study was conducted with 44 advanced-level students of English at a state university in Turkey. In a 2 × 2 experimental research design, the 1st group of students read an original short story without any activities while the 2nd group of students read the original short story with some activities. The 3rd group read the nativized version of the text without any activities while the 4th group read the nativized version with the same set of activities as the 2nd group. The analysis of variance indicated a better comprehension of the nativized story. The activities contributed to the comprehension of the original story, but the difference caused by nativization remained intact, indicating a powerful impact of cultural schema on comprehension.;The effects of cultural familiarity on reading comprehension
366;10.7551/mitpress/4117.003.0006;Although we use language every day to talk about experience, language itself is far from being an exact representation of our experience. When we understand and produce language, we always have to take into account the fact that language does not offer us exact maps of the experiences we may wish to recount to someone or interpret from someone else.;Languages and Representations
367;10.7554/elife.10012;The Reproducibility Project: Cancer Biology seeks to address growing concerns about reproducibility in scientific research by conducting replications of selected experiments from a number of high-profile papers in the field of cancer biology. The papers, which were published between 2010 and 2012, were selected on the basis of citations and Altmetric scores (Errington et al., 2014). This Registered Report describes the proposed replication plan of key experiments from 'Fusobacterium nucleatum infection is prevalent in human colorectal carcinoma' by Castellarin and colleagues published in Genome Research in 2012 (Castellarin et al., 2012). The experiment to be replicated is reported in Figure 2. Here, Castellarin and colleagues performed a metagenomic analysis of colorectal carcinoma (CRC) to identify potential associations between inflammatory microorganisms and gastrointestinal cancers. They conducted quantitative real-time PCR on genomic DNA isolated from tumor and matched normal biopsies from a patient cohort and found that the overall abundance of Fusobacterium was 415 times greater in CRC versus adjacent normal tissue. These results confirmed earlier studies and provide evidence for a link between tissue-associated bacteria and tumorigenesis. The Reproducibility Project: Cancer Biology is a collaboration between the Center for Open Science and Science Exchange and the results of the replications will be published in eLife.;Registered report: Fusobacterium nucleatum infection is prevalent in human colorectal carcinoma
368;10.7717/peerj.1232;"The Prostate Cancer Foundation-Movember Foundation Reproducibility Initiative seeks to address growing concerns about reproducibility in scientific research by conducting replications of recent papers in the field of prostate cancer. This Registered Report describes the proposed replication plan of key experiments from ""Androgen Receptor Splice Variants Determine Taxane Sensitivity in Prostate Cancer"" by Thadani-Mulero and colleagues (2014) published in Cancer Research in 2014. The experiment that will be replicated is reported in Fig. 6A. Thadani-Mulero and colleagues generated xenografts from two prostate cancer cell lines; LuCaP 86.2, which expresses predominantly the ARv567 splice variant of the androgen receptor (AR), and LuCaP 23.1, which expresses the full length AR as well as the ARv7 variant. Treatment of the tumors with the taxane docetaxel showed that the drug inhibited tumor growth of the LuCaP 86.2 cells but not of the LuCaP 23.1 cells, indicating that expression of splice variants of the AR can affect sensitivity to docetaxel. The Prostate Cancer Foundation-Movember Foundation Reproducibility Initiative is a collaboration between the Prostate Cancer Foundation, the Movember Foundation and Science Exchange, and the results of the replications will be published by PeerJ.";Registered report: androgen receptor splice variants determine taxane sensitivity in prostate cancer