doi_o,n_replications,outcomes,first_year_r,flora_commit
10.1001/archgenpsychiatry.2009.153,1,successful,2012,cb02db7930176d05964d3afe98f460ffa364f366
10.1001/archgenpsychiatry.2012.124,1,failed,2020,cb02db7930176d05964d3afe98f460ffa364f366
10.1001/archpsyc.58.8.787,1,successful,2006,cb02db7930176d05964d3afe98f460ffa364f366
10.1001/jama.2010.574,1,mixed,2011,cb02db7930176d05964d3afe98f460ffa364f366
10.1001/jama.2015.8950,1,successful,2021,cb02db7930176d05964d3afe98f460ffa364f366
10.1001/jama.297.7.716,1,mixed,2010,cb02db7930176d05964d3afe98f460ffa364f366
10.1001/jamanetworkopen.2019.0570,1,successful,2025,cb02db7930176d05964d3afe98f460ffa364f366
10.1001/jamapsychiatry.2014.763,1,successful,2019,cb02db7930176d05964d3afe98f460ffa364f366
10.1001/jamapsychiatry.2015.1977,1,mixed,2019,cb02db7930176d05964d3afe98f460ffa364f366
10.1002/(sici)1097-0266(199704)18:4<303::aid-smj869>3.0.co;2-g,1,failed,2016,cb02db7930176d05964d3afe98f460ffa364f366
10.1002/(sici)1099-0771(199806)11:2%3c107::aid-bdm292%3e3.0.co;2-y,2,mixed | successful,2018,cb02db7930176d05964d3afe98f460ffa364f366
10.1002/(sici)1099-0771(200001/03)13:1<1::aid-bdm333>3.0.co;2-s,1,successful,2021,cb02db7930176d05964d3afe98f460ffa364f366
10.1002/(sici)1099-0836(199909/10)8:5<296::aid-bse212>3.0.co;2-n,1,successful,2003,cb02db7930176d05964d3afe98f460ffa364f366
10.1002/(sici)1099-1050(199909)8:6<485::aid-hec461>3.0.co;2-4,1,successful,2004,cb02db7930176d05964d3afe98f460ffa364f366
10.1002/(sici)1099-1255(199801/02)13:1<49::aid-jae459>3.0.co;2-o,1,failed,2004,cb02db7930176d05964d3afe98f460ffa364f366
10.1002/(sici)1520-6653(199924)13:1<5::aid-dir2>3.0.co;2-9,1,successful,2021,cb02db7930176d05964d3afe98f460ffa364f366
10.1002/1097-4679(197110)27:4<514::aid-jclp2270270435>3.0.co;2-k,1,successful,1973,cb02db7930176d05964d3afe98f460ffa364f366
10.1002/ab.21544,1,successful,2022,cb02db7930176d05964d3afe98f460ffa364f366
10.1002/acp.1376,1,successful,2019,cb02db7930176d05964d3afe98f460ffa364f366
10.1002/acp.1692,1,failed,2017,cb02db7930176d05964d3afe98f460ffa364f366
10.1002/acp.2350090703,1,mixed,2020,cb02db7930176d05964d3afe98f460ffa364f366
10.1002/acp.2874,1,successful,2017,cb02db7930176d05964d3afe98f460ffa364f366
10.1002/acp.2881,1,successful,2020,cb02db7930176d05964d3afe98f460ffa364f366
10.1002/acp.2959,1,successful,2026,cb02db7930176d05964d3afe98f460ffa364f366
10.1002/acp.3442,1,successful,2023,cb02db7930176d05964d3afe98f460ffa364f366
10.1002/ajhb.20823,1,failed,2016,cb02db7930176d05964d3afe98f460ffa364f366
10.1002/ajmg.b.31028,1,successful,2011,cb02db7930176d05964d3afe98f460ffa364f366
10.1002/ana.22403,1,successful,2011,cb02db7930176d05964d3afe98f460ffa364f366
10.1002/ana.26294,1,failed,2025,cb02db7930176d05964d3afe98f460ffa364f366
10.1002/art.38110,1,successful,2025,cb02db7930176d05964d3afe98f460ffa364f366
10.1002/art.39932,1,successful,2020,cb02db7930176d05964d3afe98f460ffa364f366
10.1002/bdm.492,1,failed,2024,cb02db7930176d05964d3afe98f460ffa364f366
10.1002/bdm.586,2,failed,2018,cb02db7930176d05964d3afe98f460ffa364f366
10.1002/bdm.656,1,successful,2021,cb02db7930176d05964d3afe98f460ffa364f366
10.1002/bin.1836,1,successful,2019,cb02db7930176d05964d3afe98f460ffa364f366
10.1002/bin.242,1,mixed,2019,cb02db7930176d05964d3afe98f460ffa364f366
10.1002/bin.70004,1,mixed,2026,cb02db7930176d05964d3afe98f460ffa364f366
10.1002/clc.22410,1,successful,2019,cb02db7930176d05964d3afe98f460ffa364f366
10.1002/dev.420050403,1,mixed,2010,cb02db7930176d05964d3afe98f460ffa364f366
10.1002/ece3.3192,1,successful,2021,cb02db7930176d05964d3afe98f460ffa364f366
10.1002/ejsp.127,1,failed,2013,cb02db7930176d05964d3afe98f460ffa364f366
10.1002/ejsp.2013,1,successful,2018,cb02db7930176d05964d3afe98f460ffa364f366
10.1002/ejsp.2219,1,successful,2019,cb02db7930176d05964d3afe98f460ffa364f366
10.1002/ejsp.2420170402,1,successful,2020,cb02db7930176d05964d3afe98f460ffa364f366
10.1002/ejsp.446,1,successful,2020,cb02db7930176d05964d3afe98f460ffa364f366
10.1002/fut.22112,1,failed,2023,cb02db7930176d05964d3afe98f460ffa364f366
10.1002/gps.4221,1,successful,2018,cb02db7930176d05964d3afe98f460ffa364f366
10.1002/hbm.20939,1,failed,2017,cb02db7930176d05964d3afe98f460ffa364f366
10.1002/hec.1160,1,failed,2011,cb02db7930176d05964d3afe98f460ffa364f366
10.1002/hipo.23099,1,successful,2020,cb02db7930176d05964d3afe98f460ffa364f366
10.1002/hrdq.20065,1,failed,2021,cb02db7930176d05964d3afe98f460ffa364f366
10.1002/hrm.10029,1,successful,2008,cb02db7930176d05964d3afe98f460ffa364f366
10.1002/imhj.21653,1,successful,2019,cb02db7930176d05964d3afe98f460ffa364f366
10.1002/j.2164-585x.1979.tb00097.x,1,<missing>,2014,cb02db7930176d05964d3afe98f460ffa364f366
10.1002/jaba.106,2,successful,2018,cb02db7930176d05964d3afe98f460ffa364f366
10.1002/jaba.152,1,successful,2016,cb02db7930176d05964d3afe98f460ffa364f366
10.1002/jaba.154,1,mixed,2017,cb02db7930176d05964d3afe98f460ffa364f366
10.1002/jaba.27,1,successful,2017,cb02db7930176d05964d3afe98f460ffa364f366
10.1002/jaba.2905,1,mixed,2026,cb02db7930176d05964d3afe98f460ffa364f366
10.1002/jaba.385,1,successful,2020,cb02db7930176d05964d3afe98f460ffa364f366
10.1002/jaba.394,1,successful,2019,cb02db7930176d05964d3afe98f460ffa364f366
10.1002/jaba.431,1,successful,2019,cb02db7930176d05964d3afe98f460ffa364f366
10.1002/jaba.453,1,successful,2022,cb02db7930176d05964d3afe98f460ffa364f366
10.1002/jaba.525,1,successful,2019,cb02db7930176d05964d3afe98f460ffa364f366
10.1002/jaba.659,1,successful,2021,cb02db7930176d05964d3afe98f460ffa364f366
10.1002/jaba.672,1,mixed,2020,cb02db7930176d05964d3afe98f460ffa364f366
10.1002/jaba.69,1,successful,2020,cb02db7930176d05964d3afe98f460ffa364f366
10.1002/jaba.86,1,successful,2020,cb02db7930176d05964d3afe98f460ffa364f366
10.1002/jaba.863,1,successful,2026,cb02db7930176d05964d3afe98f460ffa364f366
10.1002/jaba.887,1,successful,2024,cb02db7930176d05964d3afe98f460ffa364f366
10.1002/jaba.975,1,successful,2026,cb02db7930176d05964d3afe98f460ffa364f366
10.1002/jae.1093,1,failed,2012,cb02db7930176d05964d3afe98f460ffa364f366
10.1002/jae.1118,1,mixed,2017,cb02db7930176d05964d3afe98f460ffa364f366
10.1002/jae.1159,1,successful,2017,cb02db7930176d05964d3afe98f460ffa364f366
10.1002/jae.2873,1,successful,2023,cb02db7930176d05964d3afe98f460ffa364f366
10.1002/jae.616,1,successful,2022,cb02db7930176d05964d3afe98f460ffa364f366
10.1002/jae.763,1,successful,2015,cb02db7930176d05964d3afe98f460ffa364f366
10.1002/jae.976,1,successful,2024,cb02db7930176d05964d3afe98f460ffa364f366
10.1002/jbmr.4341,1,failed,2024,cb02db7930176d05964d3afe98f460ffa364f366
10.1002/jclp.22191,1,successful,2020,cb02db7930176d05964d3afe98f460ffa364f366
10.1002/jcop.21511,1,successful,2013,cb02db7930176d05964d3afe98f460ffa364f366
10.1002/jcpy.1028,1,mixed,2021,cb02db7930176d05964d3afe98f460ffa364f366
10.1002/jcpy.1156,1,mixed,2022,cb02db7930176d05964d3afe98f460ffa364f366
10.1002/jeab.432,1,successful,2024,cb02db7930176d05964d3afe98f460ffa364f366
10.1002/jeab.705,1,successful,2024,cb02db7930176d05964d3afe98f460ffa364f366
10.1002/jip.55,1,failed,2011,cb02db7930176d05964d3afe98f460ffa364f366
10.1002/job.2118,1,successful,2025,cb02db7930176d05964d3afe98f460ffa364f366
10.1002/job.598,1,successful,2026,cb02db7930176d05964d3afe98f460ffa364f366
10.1002/job.697,1,failed,2026,cb02db7930176d05964d3afe98f460ffa364f366
10.1002/npr2.70029,1,successful,2026,cb02db7930176d05964d3afe98f460ffa364f366
10.1002/pam.21702,2,mixed | successful,2017,cb02db7930176d05964d3afe98f460ffa364f366
10.1002/per.1902,1,failed,2025,cb02db7930176d05964d3afe98f460ffa364f366
10.1002/per.1942,1,successful,2026,cb02db7930176d05964d3afe98f460ffa364f366
10.1002/per.2062,1,successful,2025,cb02db7930176d05964d3afe98f460ffa364f366
10.1002/per.2157,1,successful,2026,cb02db7930176d05964d3afe98f460ffa364f366
10.1002/per.758,1,mixed,2025,cb02db7930176d05964d3afe98f460ffa364f366
10.1002/per.803,1,successful,2025,cb02db7930176d05964d3afe98f460ffa364f366
10.1002/per.853,1,failed,2026,cb02db7930176d05964d3afe98f460ffa364f366
10.1002/pon.2108,1,successful,2018,cb02db7930176d05964d3afe98f460ffa364f366
10.1002/rrq.027,1,mixed,2015,cb02db7930176d05964d3afe98f460ffa364f366
10.1002/smj.2108,1,successful,2022,cb02db7930176d05964d3afe98f460ffa364f366
10.1002/smj.2268,1,failed,2025,cb02db7930176d05964d3afe98f460ffa364f366
10.1002/smj.2274,1,failed,2018,cb02db7930176d05964d3afe98f460ffa364f366
10.1002/smj.2331,1,mixed,2023,cb02db7930176d05964d3afe98f460ffa364f366
10.1002/smj.2585,1,successful,2025,cb02db7930176d05964d3afe98f460ffa364f366
10.1002/smj.2682,1,mixed,2020,cb02db7930176d05964d3afe98f460ffa364f366
10.1002/smj.3354,1,successful,2026,cb02db7930176d05964d3afe98f460ffa364f366
10.1002/smj.774,1,mixed,2016,cb02db7930176d05964d3afe98f460ffa364f366
10.1002/smj.807,1,mixed,2021,cb02db7930176d05964d3afe98f460ffa364f366
10.1002/smr.1838,1,mixed,2022,cb02db7930176d05964d3afe98f460ffa364f366
10.1002/soej.12223,1,failed,2023,cb02db7930176d05964d3afe98f460ffa364f366
10.1002/stvr.1594,1,mixed,2022,cb02db7930176d05964d3afe98f460ffa364f366
10.1002/tea.21227,1,successful,2019,cb02db7930176d05964d3afe98f460ffa364f366
10.1002/tesq.3137,1,mixed,2023,cb02db7930176d05964d3afe98f460ffa364f366
10.1002/tesq.445,1,mixed,2021,cb02db7930176d05964d3afe98f460ffa364f366
10.1006/cogp.1998.0690,1,mixed,2013,cb02db7930176d05964d3afe98f460ffa364f366
10.1006/cogp.1998.0708,1,successful,2024,cb02db7930176d05964d3afe98f460ffa364f366
10.1006/game.1995.1027,1,successful,2000,cb02db7930176d05964d3afe98f460ffa364f366
10.1006/jesp.1996.0005,2,failed,2001,cb02db7930176d05964d3afe98f460ffa364f366
10.1006/jesp.1996.1314,1,successful,2022,cb02db7930176d05964d3afe98f460ffa364f366
10.1006/jesp.2001.1488,1,failed,2025,cb02db7930176d05964d3afe98f460ffa364f366
10.1006/jmla.1996.0032,1,failed,2018,cb02db7930176d05964d3afe98f460ffa364f366
10.1006/jmla.2000.2737,1,successful,2012,cb02db7930176d05964d3afe98f460ffa364f366
10.1007/978-3-642-20677-1_13,1,failed,2014,cb02db7930176d05964d3afe98f460ffa364f366
10.1007/978-90-481-3941-5_10,1,successful,2012,cb02db7930176d05964d3afe98f460ffa364f366
10.1007/bf00299299,1,successful,2018,cb02db7930176d05964d3afe98f460ffa364f366
10.1007/bf00402312,1,successful,2018,cb02db7930176d05964d3afe98f460ffa364f366
10.1007/bf00431763,1,mixed,2022,cb02db7930176d05964d3afe98f460ffa364f366
10.1007/bf01371820,1,failed,2026,cb02db7930176d05964d3afe98f460ffa364f366
10.1007/bf01541644,1,mixed,2015,cb02db7930176d05964d3afe98f460ffa364f366
10.1007/bf02335554,1,successful,2012,cb02db7930176d05964d3afe98f460ffa364f366
10.1007/bf03395755,1,successful,2016,cb02db7930176d05964d3afe98f460ffa364f366
10.1007/s001270050022,1,failed,2015,cb02db7930176d05964d3afe98f460ffa364f366
10.1007/s00213-010-1872-1,1,failed,2020,cb02db7930176d05964d3afe98f460ffa364f366
10.1007/s00213-024-06679-6,1,mixed,2025,cb02db7930176d05964d3afe98f460ffa364f366
10.1007/s00221-012-3266-6,1,successful,2014,cb02db7930176d05964d3afe98f460ffa364f366
10.1007/s00439-022-02495-0,1,mixed,2023,cb02db7930176d05964d3afe98f460ffa364f366
10.1007/s00455-007-9127-y,1,successful,2013,cb02db7930176d05964d3afe98f460ffa364f366
10.1007/s00784-013-1054-8,1,failed,2024,cb02db7930176d05964d3afe98f460ffa364f366
10.1007/s10071-012-0510-1,1,successful,2020,cb02db7930176d05964d3afe98f460ffa364f366
10.1007/s10508-007-9175-2,1,successful,2018,cb02db7930176d05964d3afe98f460ffa364f366
10.1007/s10508-009-9559-6,1,successful,2021,cb02db7930176d05964d3afe98f460ffa364f366
10.1007/s10508-016-0847-7,1,failed,2024,cb02db7930176d05964d3afe98f460ffa364f366
10.1007/s10551-016-3409-y,1,failed,2022,cb02db7930176d05964d3afe98f460ffa364f366
10.1007/s10608-012-9509-9,1,mixed,2024,cb02db7930176d05964d3afe98f460ffa364f366
10.1007/s10640-012-9592-0,1,failed,2023,cb02db7930176d05964d3afe98f460ffa364f366
10.1007/s10643-020-01043-7,1,failed,2024,cb02db7930176d05964d3afe98f460ffa364f366
10.1007/s10649-007-9083-3,1,failed,2019,cb02db7930176d05964d3afe98f460ffa364f366
10.1007/s10649-021-10072-x,1,mixed,2025,cb02db7930176d05964d3afe98f460ffa364f366
10.1007/s10683-008-9210-8,1,failed,2026,cb02db7930176d05964d3afe98f460ffa364f366
10.1007/s10683-011-9281-9,2,successful,2023,cb02db7930176d05964d3afe98f460ffa364f366
10.1007/s10683-015-9436-1,1,failed,2026,cb02db7930176d05964d3afe98f460ffa364f366
10.1007/s10683-015-9437-0,1,successful,2022,cb02db7930176d05964d3afe98f460ffa364f366
10.1007/s10683-016-9484-1,1,successful,2026,cb02db7930176d05964d3afe98f460ffa364f366
10.1007/s10802-020-00712-w,1,failed,2024,cb02db7930176d05964d3afe98f460ffa364f366
10.1007/s10803-008-0608-0,1,mixed,2014,cb02db7930176d05964d3afe98f460ffa364f366
10.1007/s10803-008-0664-5,1,successful,2013,cb02db7930176d05964d3afe98f460ffa364f366
10.1007/s10803-012-1608-7,1,failed,2023,cb02db7930176d05964d3afe98f460ffa364f366
10.1007/s10803-013-1829-4,1,successful,2014,cb02db7930176d05964d3afe98f460ffa364f366
10.1007/s10803-014-2080-3,1,successful,2015,cb02db7930176d05964d3afe98f460ffa364f366
10.1007/s10803-020-04478-4,1,successful,2020,cb02db7930176d05964d3afe98f460ffa364f366
10.1007/s10803-024-06383-6,1,successful,2026,cb02db7930176d05964d3afe98f460ffa364f366
10.1007/s10824-022-09464-5,1,successful,2024,cb02db7930176d05964d3afe98f460ffa364f366
10.1007/s10864-005-2703-z,1,successful,2021,cb02db7930176d05964d3afe98f460ffa364f366
10.1007/s10899-016-9662-2,1,mixed,2020,cb02db7930176d05964d3afe98f460ffa364f366
10.1007/s10926-019-09829-2,1,successful,2022,cb02db7930176d05964d3afe98f460ffa364f366
10.1007/s10926-019-09849-y,1,successful,2026,cb02db7930176d05964d3afe98f460ffa364f366
10.1007/s10940-015-9263-8,1,mixed,2019,cb02db7930176d05964d3afe98f460ffa364f366
10.1007/s10943-006-9075-0,1,successful,2024,cb02db7930176d05964d3afe98f460ffa364f366
10.1007/s10956-012-9369-9,1,mixed,2013,cb02db7930176d05964d3afe98f460ffa364f366
10.1007/s11002-005-0457-y,1,failed,2025,cb02db7930176d05964d3afe98f460ffa364f366
10.1007/s11002-014-9295-0,1,failed,2020,cb02db7930176d05964d3afe98f460ffa364f366
10.1007/s11031-006-9031-z,1,successful,2025,cb02db7930176d05964d3afe98f460ffa364f366
10.1007/s11050-010-9062-6,1,successful,2012,cb02db7930176d05964d3afe98f460ffa364f366
10.1007/s11055-011-9545-z,1,successful,2016,cb02db7930176d05964d3afe98f460ffa364f366
10.1007/s11098-009-9439-x,1,successful,2018,cb02db7930176d05964d3afe98f460ffa364f366
10.1007/s11098-010-9651-8,1,successful,2018,cb02db7930176d05964d3afe98f460ffa364f366
10.1007/s11109-015-9325-5,1,successful,2021,cb02db7930176d05964d3afe98f460ffa364f366
10.1007/s11109-016-9383-3,1,successful,2019,cb02db7930176d05964d3afe98f460ffa364f366
10.1007/s11121-007-0080-7,1,successful,2015,cb02db7930176d05964d3afe98f460ffa364f366
10.1007/s11127-010-9760-0,1,successful,2012,cb02db7930176d05964d3afe98f460ffa364f366
10.1007/s11145-010-9282-7,1,successful,2016,cb02db7930176d05964d3afe98f460ffa364f366
10.1007/s11145-016-9688-y,1,successful,2018,cb02db7930176d05964d3afe98f460ffa364f366
10.1007/s11150-021-09593-4,1,failed,2024,cb02db7930176d05964d3afe98f460ffa364f366
10.1007/s11165-012-9320-3,1,descriptive only,2019,cb02db7930176d05964d3afe98f460ffa364f366
10.1007/s11187-010-9264-9,1,failed,2023,cb02db7930176d05964d3afe98f460ffa364f366
10.1007/s11199-007-9195-3,1,failed,2018,cb02db7930176d05964d3afe98f460ffa364f366
10.1007/s11199-011-0036-z,1,statistically successful but flawed,2017,cb02db7930176d05964d3afe98f460ffa364f366
10.1007/s11199-015-0450-8,1,mixed,2017,cb02db7930176d05964d3afe98f460ffa364f366
10.1007/s11211-023-00407-9,1,failed,2025,cb02db7930176d05964d3afe98f460ffa364f366
10.1007/s11251-009-9093-x,1,successful,2010,cb02db7930176d05964d3afe98f460ffa364f366
10.1007/s11423-023-10326-w,1,successful,2025,cb02db7930176d05964d3afe98f460ffa364f366
10.1007/s11575-008-0022-z,1,successful,2020,cb02db7930176d05964d3afe98f460ffa364f366
10.1007/s11606-021-06676-x,1,successful,2026,cb02db7930176d05964d3afe98f460ffa364f366
10.1007/s11747-009-0140-6,1,failed,2026,cb02db7930176d05964d3afe98f460ffa364f366
10.1007/s11747-014-0373-x,1,successful,2026,cb02db7930176d05964d3afe98f460ffa364f366
10.1007/s11858-016-0819-3,1,successful,2024,cb02db7930176d05964d3afe98f460ffa364f366
10.1007/s12041-011-0112-8,1,successful,2014,cb02db7930176d05964d3afe98f460ffa364f366
10.1007/s12110-004-1010-z,1,mixed,2014,cb02db7930176d05964d3afe98f460ffa364f366
10.1007/s12144-022-02879-5,1,failed,2025,cb02db7930176d05964d3afe98f460ffa364f366
10.1007/s12152-008-9015-7,1,failed,2018,cb02db7930176d05964d3afe98f460ffa364f366
10.1007/s12369-023-01076-z,1,successful,2025,cb02db7930176d05964d3afe98f460ffa364f366
10.1007/s13164-013-0154-3,1,successful,2018,cb02db7930176d05964d3afe98f460ffa364f366
10.1007/s13164-013-0162-3,1,failed,2018,cb02db7930176d05964d3afe98f460ffa364f366
10.1007/s13300-022-01230-2,1,mixed,2025,cb02db7930176d05964d3afe98f460ffa364f366
10.1007/s13524-011-0026-3,1,failed,2025,cb02db7930176d05964d3afe98f460ffa364f366
10.1007/s13524-012-0091-2,1,successful,2026,cb02db7930176d05964d3afe98f460ffa364f366
10.1007/s13524-012-0173-1,1,failed,2026,cb02db7930176d05964d3afe98f460ffa364f366
10.1007/s13524-013-0261-x,1,successful,2026,cb02db7930176d05964d3afe98f460ffa364f366
10.1007/s13524-016-0483-9,1,failed,2026,cb02db7930176d05964d3afe98f460ffa364f366
10.1007/s13524-018-0725-0,1,failed,2025,cb02db7930176d05964d3afe98f460ffa364f366
10.1007/s40617-018-00314-5,1,successful,2022,cb02db7930176d05964d3afe98f460ffa364f366
10.1007/s40732-014-0040-0,1,mixed,2025,cb02db7930176d05964d3afe98f460ffa364f366
10.1007/s40732-014-0052-9,1,failed,2015,cb02db7930176d05964d3afe98f460ffa364f366
10.1007/s40732-020-00453-8,1,successful,2024,cb02db7930176d05964d3afe98f460ffa364f366
10.1007/s42761-021-00036-y,1,successful,2023,cb02db7930176d05964d3afe98f460ffa364f366
10.1016/0001-6918(81)90005-6,1,successful,2023,cb02db7930176d05964d3afe98f460ffa364f366
10.1016/0010-0277(90)90035-i,1,mixed,2020,cb02db7930176d05964d3afe98f460ffa364f366
10.1016/0010-0285(72)90003-5,1,uninformative,2025,cb02db7930176d05964d3afe98f460ffa364f366
10.1016/0010-0285(73)90033-9,1,successful,2016,cb02db7930176d05964d3afe98f460ffa364f366
10.1016/0010-0285(83)90002-6,1,successful,2023,cb02db7930176d05964d3afe98f460ffa364f366
10.1016/0010-0285(89)90003-0,1,mixed,2005,cb02db7930176d05964d3afe98f460ffa364f366
10.1016/0010-0285(90)90003-m,1,successful,2014,cb02db7930176d05964d3afe98f460ffa364f366
10.1016/0010-0285(92)90008-p,1,failed,2021,cb02db7930176d05964d3afe98f460ffa364f366
10.1016/0010-0285(92)90013-r,1,mixed,2015,cb02db7930176d05964d3afe98f460ffa364f366
10.1016/0013-4694(96)95711-9,1,mixed,2025,cb02db7930176d05964d3afe98f460ffa364f366
10.1016/0022-0531(82)90030-8,1,failed,1992,cb02db7930176d05964d3afe98f460ffa364f366
10.1016/0022-1031(77)90049-x,1,successful,2018,cb02db7930176d05964d3afe98f460ffa364f366
10.1016/0022-1031(91)90011-t,1,successful,2020,cb02db7930176d05964d3afe98f460ffa364f366
10.1016/0022-4405(78)90001-8,1,failed,1986,cb02db7930176d05964d3afe98f460ffa364f366
10.1016/0030-5073(76)90005-2,2,failed | mixed,2021,cb02db7930176d05964d3afe98f460ffa364f366
10.1016/0030-5073(84)90043-6,1,mixed,2025,cb02db7930176d05964d3afe98f460ffa364f366
10.1016/0042-6989(86)90090-8,1,successful,2013,cb02db7930176d05964d3afe98f460ffa364f366
10.1016/0145-2134(88)90073-7,1,mixed,1992,cb02db7930176d05964d3afe98f460ffa364f366
10.1016/0148-2963(95)00125-5,1,successful,2025,cb02db7930176d05964d3afe98f460ffa364f366
10.1016/0165-4101(85)90029-1,1,mixed,1995,cb02db7930176d05964d3afe98f460ffa364f366
10.1016/0167-2681(82)90011-7,1,successful,2010,cb02db7930176d05964d3afe98f460ffa364f366
10.1016/0167-6296(95)90921-r,1,failed,1998,cb02db7930176d05964d3afe98f460ffa364f366
10.1016/0304-3932(89)90047-0,1,successful,2017,cb02db7930176d05964d3afe98f460ffa364f366
10.1016/0304-405x(87)90026-2,1,successful,2023,cb02db7930176d05964d3afe98f460ffa364f366
10.1016/0304-405x(89)90077-9,1,failed,1992,cb02db7930176d05964d3afe98f460ffa364f366
10.1016/0376-6357(94)90072-8,1,successful,2025,cb02db7930176d05964d3afe98f460ffa364f366
10.1016/0749-596x(88)90071-x,1,successful,2021,cb02db7930176d05964d3afe98f460ffa364f366
10.1016/0883-9026(91)90005-x,1,mixed,1996,cb02db7930176d05964d3afe98f460ffa364f366
10.1016/0883-9026(94)90013-2,1,mixed,2000,cb02db7930176d05964d3afe98f460ffa364f366
10.1016/0920-9964(93)90019-f,1,failed,1993,cb02db7930176d05964d3afe98f460ffa364f366
10.1016/b978-0-12-108840-8.50014-7,1,successful,2020,cb02db7930176d05964d3afe98f460ffa364f366
10.1016/b978-0-12-205050-3.50008-7,1,failed,2006,cb02db7930176d05964d3afe98f460ffa364f366
10.1016/b978-0-12-823519-5.00003-8,1,failed,2023,cb02db7930176d05964d3afe98f460ffa364f366
10.1016/j.actpsy.2018.04.007,1,mixed,2018,cb02db7930176d05964d3afe98f460ffa364f366
10.1016/j.actpsy.2019.04.006,1,successful,2020,cb02db7930176d05964d3afe98f460ffa364f366
10.1016/j.addbeh.2012.12.022,1,failed,2017,cb02db7930176d05964d3afe98f460ffa364f366
10.1016/j.adolescence.2017.01.006,1,successful,2019,cb02db7930176d05964d3afe98f460ffa364f366
10.1016/j.ajhg.2009.12.009,1,failed,2013,cb02db7930176d05964d3afe98f460ffa364f366
10.1016/j.aos.2007.01.001,1,successful,2025,cb02db7930176d05964d3afe98f460ffa364f366
10.1016/j.aos.2016.02.003,1,failed,2021,cb02db7930176d05964d3afe98f460ffa364f366
10.1016/j.appet.2011.12.023,1,failed,2021,cb02db7930176d05964d3afe98f460ffa364f366
10.1016/j.appet.2016.07.009,1,successful,2019,cb02db7930176d05964d3afe98f460ffa364f366
10.1016/j.appet.2020.104808,2,successful,2023,cb02db7930176d05964d3afe98f460ffa364f366
10.1016/j.applanim.2006.03.017,1,successful,2022,cb02db7930176d05964d3afe98f460ffa364f366
10.1016/j.bandl.2010.07.003,1,mixed,2018,cb02db7930176d05964d3afe98f460ffa364f366
10.1016/j.beproc.2008.04.003,1,failed,2013,cb02db7930176d05964d3afe98f460ffa364f366
10.1016/j.beth.2005.03.002,1,successful,2011,cb02db7930176d05964d3afe98f460ffa364f366
10.1016/j.beth.2011.02.006,1,mixed,2025,cb02db7930176d05964d3afe98f460ffa364f366
10.1016/j.beth.2012.02.002,1,successful,2020,cb02db7930176d05964d3afe98f460ffa364f366
10.1016/j.biopsych.2004.11.026,1,failed,2021,cb02db7930176d05964d3afe98f460ffa364f366
10.1016/j.biopsych.2005.07.040,1,successful,2009,cb02db7930176d05964d3afe98f460ffa364f366
10.1016/j.biopsych.2006.03.040,1,successful,2011,cb02db7930176d05964d3afe98f460ffa364f366
10.1016/j.biopsych.2014.12.027,1,successful,2016,cb02db7930176d05964d3afe98f460ffa364f366
10.1016/j.biopsych.2018.02.061,1,successful,2022,cb02db7930176d05964d3afe98f460ffa364f366
10.1016/j.biopsycho.2016.05.001,1,failed,2020,cb02db7930176d05964d3afe98f460ffa364f366
10.1016/j.biopsycho.2018.08.007,1,mixed,2024,cb02db7930176d05964d3afe98f460ffa364f366
10.1016/j.brainres.2005.11.046,1,mixed,2011,cb02db7930176d05964d3afe98f460ffa364f366
10.1016/j.brainres.2009.05.079,1,successful,2010,cb02db7930176d05964d3afe98f460ffa364f366
10.1016/j.brainres.2009.07.042,1,failed,2018,cb02db7930176d05964d3afe98f460ffa364f366
10.1016/j.brat.2009.11.008,1,successful,2019,cb02db7930176d05964d3afe98f460ffa364f366
10.1016/j.brat.2015.01.001,1,successful,2015,cb02db7930176d05964d3afe98f460ffa364f366
10.1016/j.brat.2020.103798,1,successful,2023,cb02db7930176d05964d3afe98f460ffa364f366
10.1016/j.brat.2022.104130,1,failed,2026,cb02db7930176d05964d3afe98f460ffa364f366
10.1016/j.brs.2012.03.006,1,failed,2017,cb02db7930176d05964d3afe98f460ffa364f366
10.1016/j.brs.2020.01.005,1,mixed,2022,cb02db7930176d05964d3afe98f460ffa364f366
10.1016/j.brs.2021.02.002,1,mixed,2022,cb02db7930176d05964d3afe98f460ffa364f366
10.1016/j.brs.2024.05.004,1,successful,2026,cb02db7930176d05964d3afe98f460ffa364f366
10.1016/j.ccr.2010.01.020,1,successful,2017,cb02db7930176d05964d3afe98f460ffa364f366
10.1016/j.cedpsych.2014.03.004,1,successful,2026,cb02db7930176d05964d3afe98f460ffa364f366
10.1016/j.cedpsych.2017.07.002,1,successful,2020,cb02db7930176d05964d3afe98f460ffa364f366
10.1016/j.cell.2008.05.048,1,mixed,2010,cb02db7930176d05964d3afe98f460ffa364f366
10.1016/j.cell.2009.12.040,1,mixed,2021,cb02db7930176d05964d3afe98f460ffa364f366
10.1016/j.cell.2011.05.040,1,mixed,2019,cb02db7930176d05964d3afe98f460ffa364f366
10.1016/j.cell.2011.08.017,1,mixed,2017,cb02db7930176d05964d3afe98f460ffa364f366
10.1016/j.cell.2011.09.029,1,failed,2020,cb02db7930176d05964d3afe98f460ffa364f366
10.1016/j.cell.2012.08.026,1,mixed,2018,cb02db7930176d05964d3afe98f460ffa364f366
10.1016/j.cell.2013.04.008,1,failed,2014,cb02db7930176d05964d3afe98f460ffa364f366
10.1016/j.chb.2015.04.024,1,failed,2019,cb02db7930176d05964d3afe98f460ffa364f366
10.1016/j.chb.2017.09.030,1,successful,2022,cb02db7930176d05964d3afe98f460ffa364f366
10.1016/j.chiabu.2017.09.022,1,mixed,2019,cb02db7930176d05964d3afe98f460ffa364f366
10.1016/j.cogbrainres.2005.02.020,1,failed,2015,cb02db7930176d05964d3afe98f460ffa364f366
10.1016/j.cogdev.2010.09.001,3,failed | mixed,2015,cb02db7930176d05964d3afe98f460ffa364f366
10.1016/j.cognition.2003.10.003,2,failed | mixed,2018,cb02db7930176d05964d3afe98f460ffa364f366
10.1016/j.cognition.2004.01.007,1,mixed,2020,cb02db7930176d05964d3afe98f460ffa364f366
10.1016/j.cognition.2006.12.015,1,successful,2018,cb02db7930176d05964d3afe98f460ffa364f366
10.1016/j.cognition.2007.09.006,1,successful,2013,cb02db7930176d05964d3afe98f460ffa364f366
10.1016/j.cognition.2007.10.010,1,successful,2019,cb02db7930176d05964d3afe98f460ffa364f366
10.1016/j.cognition.2007.11.004,1,failed,2018,cb02db7930176d05964d3afe98f460ffa364f366
10.1016/j.cognition.2008.04.002,3,failed,2017,cb02db7930176d05964d3afe98f460ffa364f366
10.1016/j.cognition.2009.02.001,1,mixed,2024,cb02db7930176d05964d3afe98f460ffa364f366
10.1016/j.cognition.2009.07.009,1,mixed,2022,cb02db7930176d05964d3afe98f460ffa364f366
10.1016/j.cognition.2009.08.005,1,failed,2026,cb02db7930176d05964d3afe98f460ffa364f366
10.1016/j.cognition.2009.10.008,1,failed,2013,cb02db7930176d05964d3afe98f460ffa364f366
10.1016/j.cognition.2010.05.005,1,successful,2025,cb02db7930176d05964d3afe98f460ffa364f366
10.1016/j.cognition.2010.09.012,1,failed,2015,cb02db7930176d05964d3afe98f460ffa364f366
10.1016/j.cognition.2010.11.011,1,failed,2025,cb02db7930176d05964d3afe98f460ffa364f366
10.1016/j.cognition.2010.12.009,1,successful,2018,cb02db7930176d05964d3afe98f460ffa364f366
10.1016/j.cognition.2011.04.005,1,successful,2021,cb02db7930176d05964d3afe98f460ffa364f366
10.1016/j.cognition.2012.04.008,1,failed,2016,cb02db7930176d05964d3afe98f460ffa364f366
10.1016/j.cognition.2013.01.009,1,failed,2020,cb02db7930176d05964d3afe98f460ffa364f366
10.1016/j.cognition.2013.02.008,1,successful,2018,cb02db7930176d05964d3afe98f460ffa364f366
10.1016/j.cognition.2013.09.001,1,mixed,2021,cb02db7930176d05964d3afe98f460ffa364f366
10.1016/j.cognition.2013.12.005,1,successful,2025,cb02db7930176d05964d3afe98f460ffa364f366
10.1016/j.cognition.2014.08.006,1,failed,2024,cb02db7930176d05964d3afe98f460ffa364f366
10.1016/j.cognition.2014.09.006,1,failed,2021,cb02db7930176d05964d3afe98f460ffa364f366
10.1016/j.cognition.2015.01.013,1,successful,2018,cb02db7930176d05964d3afe98f460ffa364f366
10.1016/j.cognition.2016.03.003,1,failed,2026,cb02db7930176d05964d3afe98f460ffa364f366
10.1016/j.cognition.2016.06.011,1,failed,2023,cb02db7930176d05964d3afe98f460ffa364f366
10.1016/j.cognition.2017.02.010,1,failed,2018,cb02db7930176d05964d3afe98f460ffa364f366
10.1016/j.cognition.2017.04.004,1,successful,2026,cb02db7930176d05964d3afe98f460ffa364f366
10.1016/j.cognition.2017.06.025,1,successful,2023,cb02db7930176d05964d3afe98f460ffa364f366
10.1016/j.cognition.2017.12.004,1,failed,2025,cb02db7930176d05964d3afe98f460ffa364f366
10.1016/j.cognition.2020.104488,1,successful,2025,cb02db7930176d05964d3afe98f460ffa364f366
10.1016/j.cognition.2021.104939,1,failed,2023,cb02db7930176d05964d3afe98f460ffa364f366
10.1016/j.cognition.2024.105843,1,successful,2025,cb02db7930176d05964d3afe98f460ffa364f366
10.1016/j.cognition.2025.106257,1,successful,2024,cb02db7930176d05964d3afe98f460ffa364f366
10.1016/j.cogpsych.2017.07.001,1,failed,2022,cb02db7930176d05964d3afe98f460ffa364f366
10.1016/j.compedu.2013.12.004,2,failed | mixed,2017,cb02db7930176d05964d3afe98f460ffa364f366
10.1016/j.compedu.2014.04.009,2,failed,2022,cb02db7930176d05964d3afe98f460ffa364f366
10.1016/j.concog.2008.11.006,1,failed,2018,cb02db7930176d05964d3afe98f460ffa364f366
10.1016/j.concog.2009.08.009,1,mixed,2014,cb02db7930176d05964d3afe98f460ffa364f366
10.1016/j.concog.2012.01.016,1,failed,2021,cb02db7930176d05964d3afe98f460ffa364f366
10.1016/j.cortex.2007.08.010,1,mixed,2022,cb02db7930176d05964d3afe98f460ffa364f366
10.1016/j.cortex.2014.02.013,1,successful,2024,cb02db7930176d05964d3afe98f460ffa364f366
10.1016/j.cortex.2015.05.007,1,failed,2017,cb02db7930176d05964d3afe98f460ffa364f366
10.1016/j.ctim.2008.10.004,1,mixed,2021,cb02db7930176d05964d3afe98f460ffa364f366
10.1016/j.cub.2004.01.029,1,failed,2019,cb02db7930176d05964d3afe98f460ffa364f366
10.1016/j.cub.2011.03.017,1,mixed,2024,cb02db7930176d05964d3afe98f460ffa364f366
10.1016/j.cub.2011.09.049,1,mixed,2026,cb02db7930176d05964d3afe98f460ffa364f366
10.1016/j.cub.2017.09.001,1,failed,2024,cb02db7930176d05964d3afe98f460ffa364f366
10.1016/j.dcn.2015.09.007,1,successful,2018,cb02db7930176d05964d3afe98f460ffa364f366
10.1016/j.devbrainres.2005.06.014,1,successful,2011,cb02db7930176d05964d3afe98f460ffa364f366
10.1016/j.drugalcdep.2016.10.014,1,successful,2017,cb02db7930176d05964d3afe98f460ffa364f366
10.1016/j.drugalcdep.2021.108610,1,successful,2024,cb02db7930176d05964d3afe98f460ffa364f366
10.1016/j.earlhumdev.2003.12.002,1,failed,2021,cb02db7930176d05964d3afe98f460ffa364f366
10.1016/j.ebiom.2021.103246,1,failed,2022,cb02db7930176d05964d3afe98f460ffa364f366
10.1016/j.econedurev.2005.05.008,1,failed,2022,cb02db7930176d05964d3afe98f460ffa364f366
10.1016/j.econedurev.2014.10.007,1,successful,2025,cb02db7930176d05964d3afe98f460ffa364f366
10.1016/j.econlet.2006.06.020,1,mixed,2014,cb02db7930176d05964d3afe98f460ffa364f366
10.1016/j.ecresq.2008.08.002,1,mixed,2015,cb02db7930176d05964d3afe98f460ffa364f366
10.1016/j.ecresq.2019.10.004,1,successful,2023,cb02db7930176d05964d3afe98f460ffa364f366
10.1016/j.ejpain.2011.07.012,1,mixed,2016,cb02db7930176d05964d3afe98f460ffa364f366
10.1016/j.euroecorev.2004.01.004,1,mixed,2022,cb02db7930176d05964d3afe98f460ffa364f366
10.1016/j.evalprogplan.2007.01.006,1,successful,2013,cb02db7930176d05964d3afe98f460ffa364f366
10.1016/j.evolhumbehav.2005.01.002,1,failed,2014,cb02db7930176d05964d3afe98f460ffa364f366
10.1016/j.evolhumbehav.2005.06.002,1,successful,2015,cb02db7930176d05964d3afe98f460ffa364f366
10.1016/j.evolhumbehav.2009.01.004,1,failed,2025,cb02db7930176d05964d3afe98f460ffa364f366
10.1016/j.evolhumbehav.2010.04.004,1,failed,2021,cb02db7930176d05964d3afe98f460ffa364f366
10.1016/j.evolhumbehav.2010.05.002,1,failed,2025,cb02db7930176d05964d3afe98f460ffa364f366
10.1016/j.evolhumbehav.2016.06.001,1,failed,2025,cb02db7930176d05964d3afe98f460ffa364f366
10.1016/j.evolhumbehav.2018.06.004,1,failed,2026,cb02db7930176d05964d3afe98f460ffa364f366
10.1016/j.foodpol.2021.102214,1,mixed,2025,cb02db7930176d05964d3afe98f460ffa364f366
10.1016/j.foodpol.2022.102359,1,successful,2026,cb02db7930176d05964d3afe98f460ffa364f366
10.1016/j.gloenvcha.2011.01.002,1,successful,2020,cb02db7930176d05964d3afe98f460ffa364f366
10.1016/j.heares.2013.12.003,1,failed,2022,cb02db7930176d05964d3afe98f460ffa364f366
10.1016/j.ijgo.2006.07.013,1,successful,2016,cb02db7930176d05964d3afe98f460ffa364f366
10.1016/j.ijinfomgt.2018.03.001,1,descriptive only,2024,cb02db7930176d05964d3afe98f460ffa364f366
10.1016/j.ijresmar.2012.03.002,1,successful,2022,cb02db7930176d05964d3afe98f460ffa364f366
10.1016/j.im.2013.08.006,1,failed,2016,cb02db7930176d05964d3afe98f460ffa364f366
10.1016/j.im.2015.06.009,1,mixed,2021,cb02db7930176d05964d3afe98f460ffa364f366
10.1016/j.intell.2008.03.008,1,failed,2016,cb02db7930176d05964d3afe98f460ffa364f366
10.1016/j.intell.2011.06.007,1,mixed,2018,cb02db7930176d05964d3afe98f460ffa364f366
10.1016/j.jaac.2015.04.007,1,mixed,2019,cb02db7930176d05964d3afe98f460ffa364f366
10.1016/j.jaac.2022.07.864,1,successful,2024,cb02db7930176d05964d3afe98f460ffa364f366
10.1016/j.jad.2020.07.068,1,successful,2024,cb02db7930176d05964d3afe98f460ffa364f366
10.1016/j.janxdis.2011.11.004,1,successful,2014,cb02db7930176d05964d3afe98f460ffa364f366
10.1016/j.jarmac.2021.08.001,1,mixed,2024,cb02db7930176d05964d3afe98f460ffa364f366
10.1016/j.jbankfin.2013.12.016,1,failed,2023,cb02db7930176d05964d3afe98f460ffa364f366
10.1016/j.jbtep.2018.07.002,2,failed | mixed,2020,cb02db7930176d05964d3afe98f460ffa364f366
10.1016/j.jbusres.2016.07.021,1,failed,2026,cb02db7930176d05964d3afe98f460ffa364f366
10.1016/j.jbusres.2019.08.002,1,successful,2023,cb02db7930176d05964d3afe98f460ffa364f366
10.1016/j.jbusvent.2003.12.007,1,successful,2025,cb02db7930176d05964d3afe98f460ffa364f366
10.1016/j.jbusvent.2007.11.001,1,failed,2018,cb02db7930176d05964d3afe98f460ffa364f366
10.1016/j.jbusvent.2008.04.003,1,successful,2022,cb02db7930176d05964d3afe98f460ffa364f366
10.1016/j.jbvi.2021.e00294,1,mixed,2023,cb02db7930176d05964d3afe98f460ffa364f366
10.1016/j.jcorpfin.2007.03.004,1,successful,2022,cb02db7930176d05964d3afe98f460ffa364f366
10.1016/j.jcorpfin.2020.101607,1,mixed,2023,cb02db7930176d05964d3afe98f460ffa364f366
10.1016/j.jcps.2010.06.007,1,failed,2022,cb02db7930176d05964d3afe98f460ffa364f366
10.1016/j.jebo.2019.03.020,1,successful,2025,cb02db7930176d05964d3afe98f460ffa364f366
10.1016/j.jeconom.2010.03.040,1,successful,2013,cb02db7930176d05964d3afe98f460ffa364f366
10.1016/j.jeconom.2020.08.013,1,mixed,2023,cb02db7930176d05964d3afe98f460ffa364f366
10.1016/j.jecp.2012.06.013,1,mixed,2018,cb02db7930176d05964d3afe98f460ffa364f366
10.1016/j.jecp.2016.11.008,1,successful,2020,cb02db7930176d05964d3afe98f460ffa364f366
10.1016/j.jenvp.2005.07.001,1,failed,2020,cb02db7930176d05964d3afe98f460ffa364f366
10.1016/j.jenvp.2008.11.001,1,mixed,2021,cb02db7930176d05964d3afe98f460ffa364f366
10.1016/j.jenvp.2013.09.003,1,successful,2026,cb02db7930176d05964d3afe98f460ffa364f366
10.1016/j.jenvp.2014.10.008,1,successful,2025,cb02db7930176d05964d3afe98f460ffa364f366
10.1016/j.jenvp.2018.02.001,1,mixed,2020,cb02db7930176d05964d3afe98f460ffa364f366
10.1016/j.jenvp.2022.101868,1,successful,2024,cb02db7930176d05964d3afe98f460ffa364f366
10.1016/j.jesp.2004.07.001,1,failed,2013,cb02db7930176d05964d3afe98f460ffa364f366
10.1016/j.jesp.2005.05.001,1,failed,2021,cb02db7930176d05964d3afe98f460ffa364f366
10.1016/j.jesp.2008.03.012,1,mixed,2014,cb02db7930176d05964d3afe98f460ffa364f366
10.1016/j.jesp.2009.03.013,1,failed,2025,cb02db7930176d05964d3afe98f460ffa364f366
10.1016/j.jesp.2009.05.003,1,failed,2014,cb02db7930176d05964d3afe98f460ffa364f366
10.1016/j.jesp.2009.06.003,1,failed,2020,cb02db7930176d05964d3afe98f460ffa364f366
10.1016/j.jesp.2009.07.002,1,successful,2025,cb02db7930176d05964d3afe98f460ffa364f366
10.1016/j.jesp.2010.05.014,1,mixed,2014,cb02db7930176d05964d3afe98f460ffa364f366
10.1016/j.jesp.2010.11.006,1,failed,2025,cb02db7930176d05964d3afe98f460ffa364f366
10.1016/j.jesp.2011.11.012,1,failed,2016,cb02db7930176d05964d3afe98f460ffa364f366
10.1016/j.jesp.2012.02.002,1,failed,2026,cb02db7930176d05964d3afe98f460ffa364f366
10.1016/j.jesp.2012.08.013,1,failed,2025,cb02db7930176d05964d3afe98f460ffa364f366
10.1016/j.jesp.2012.08.015,1,failed,2025,cb02db7930176d05964d3afe98f460ffa364f366
10.1016/j.jesp.2012.11.012,1,failed,2025,cb02db7930176d05964d3afe98f460ffa364f366
10.1016/j.jesp.2013.05.013,1,failed,2016,cb02db7930176d05964d3afe98f460ffa364f366
10.1016/j.jesp.2015.01.005,1,successful,2015,cb02db7930176d05964d3afe98f460ffa364f366
10.1016/j.jesp.2015.05.008,1,failed,2026,cb02db7930176d05964d3afe98f460ffa364f366
10.1016/j.jesp.2016.02.005,1,failed,2026,cb02db7930176d05964d3afe98f460ffa364f366
10.1016/j.jesp.2017.01.006,1,successful,2020,cb02db7930176d05964d3afe98f460ffa364f366
10.1016/j.jesp.2017.02.005,1,mixed,2020,cb02db7930176d05964d3afe98f460ffa364f366
10.1016/j.jesp.2017.11.005,1,successful,2026,cb02db7930176d05964d3afe98f460ffa364f366
10.1016/j.jesp.2018.05.006,1,failed,2023,cb02db7930176d05964d3afe98f460ffa364f366
10.1016/j.jesp.2018.08.007,1,successful,2025,cb02db7930176d05964d3afe98f460ffa364f366
10.1016/j.jesp.2020.104019,1,failed,2023,cb02db7930176d05964d3afe98f460ffa364f366
10.1016/j.jesp.2020.104080,1,successful,2023,cb02db7930176d05964d3afe98f460ffa364f366
10.1016/j.jesp.2023.104457,1,successful,2025,cb02db7930176d05964d3afe98f460ffa364f366
10.1016/j.jet.2014.10.006,1,mixed,2016,cb02db7930176d05964d3afe98f460ffa364f366
10.1016/j.jfbs.2011.07.003,1,successful,2021,cb02db7930176d05964d3afe98f460ffa364f366
10.1016/j.jfbs.2016.08.001,1,mixed,2022,cb02db7930176d05964d3afe98f460ffa364f366
10.1016/j.jfbs.2017.04.001,1,failed,2022,cb02db7930176d05964d3afe98f460ffa364f366
10.1016/j.jfineco.2004.06.007,2,failed | mixed,2019,cb02db7930176d05964d3afe98f460ffa364f366
10.1016/j.jfineco.2008.12.008,1,failed,2026,cb02db7930176d05964d3afe98f460ffa364f366
10.1016/j.jfineco.2014.05.008,1,failed,2025,cb02db7930176d05964d3afe98f460ffa364f366
10.1016/j.jfineco.2018.01.009,1,successful,2020,cb02db7930176d05964d3afe98f460ffa364f366
10.1016/j.jfineco.2019.06.005,1,mixed,2023,cb02db7930176d05964d3afe98f460ffa364f366
10.1016/j.jhealeco.2006.07.003,1,successful,2022,cb02db7930176d05964d3afe98f460ffa364f366
10.1016/j.jinteco.2010.12.003,1,mixed,2020,cb02db7930176d05964d3afe98f460ffa364f366
10.1016/j.jmathb.2023.101087,1,mixed,2026,cb02db7930176d05964d3afe98f460ffa364f366
10.1016/j.jml.2006.02.004,1,successful,2023,cb02db7930176d05964d3afe98f460ffa364f366
10.1016/j.jml.2007.02.001,1,successful,2015,cb02db7930176d05964d3afe98f460ffa364f366
10.1016/j.jml.2012.02.005,1,failed,2018,cb02db7930176d05964d3afe98f460ffa364f366
10.1016/j.jml.2013.08.001,1,failed,2016,cb02db7930176d05964d3afe98f460ffa364f366
10.1016/j.jml.2015.10.007,1,failed,2018,cb02db7930176d05964d3afe98f460ffa364f366
10.1016/j.jml.2020.104174,1,failed,2026,cb02db7930176d05964d3afe98f460ffa364f366
10.1016/j.joca.2011.10.004,1,failed,2014,cb02db7930176d05964d3afe98f460ffa364f366
10.1016/j.jocrd.2014.08.002,1,successful,2017,cb02db7930176d05964d3afe98f460ffa364f366
10.1016/j.joep.2006.12.001,1,statistically successful but flawed,2026,cb02db7930176d05964d3afe98f460ffa364f366
10.1016/j.jom.2007.08.002,1,mixed,2022,cb02db7930176d05964d3afe98f460ffa364f366
10.1016/j.jom.2014.11.002,1,mixed,2024,cb02db7930176d05964d3afe98f460ffa364f366
10.1016/j.jpeds.2017.10.028,1,failed,2020,cb02db7930176d05964d3afe98f460ffa364f366
10.1016/j.jphys.2020.03.009,1,successful,2025,cb02db7930176d05964d3afe98f460ffa364f366
10.1016/j.jpsychires.2008.07.004,1,failed,2025,cb02db7930176d05964d3afe98f460ffa364f366
10.1016/j.jpsychires.2015.12.001,1,mixed,2021,cb02db7930176d05964d3afe98f460ffa364f366
10.1016/j.jpubeco.2011.03.003,1,mixed,2020,cb02db7930176d05964d3afe98f460ffa364f366
10.1016/j.jpubeco.2017.03.002,1,failed,2025,cb02db7930176d05964d3afe98f460ffa364f366
10.1016/j.jretconser.2011.06.012,1,successful,2019,cb02db7930176d05964d3afe98f460ffa364f366
10.1016/j.jsams.2009.09.005,1,failed,2010,cb02db7930176d05964d3afe98f460ffa364f366
10.1016/j.jsams.2016.12.076,1,failed,2018,cb02db7930176d05964d3afe98f460ffa364f366
10.1016/j.jsams.2017.06.007,2,successful,2024,cb02db7930176d05964d3afe98f460ffa364f366
10.1016/j.jslw.2012.05.011,1,failed,2015,cb02db7930176d05964d3afe98f460ffa364f366
10.1016/j.jsp.2008.09.003,1,successful,2020,cb02db7930176d05964d3afe98f460ffa364f366
10.1016/j.jsp.2016.07.001,1,successful,2018,cb02db7930176d05964d3afe98f460ffa364f366
10.1016/j.jsp.2021.09.004,1,successful,2024,cb02db7930176d05964d3afe98f460ffa364f366
10.1016/j.jue.2008.02.004,1,mixed,2012,cb02db7930176d05964d3afe98f460ffa364f366
10.1016/j.labeco.2016.04.004,1,failed,2020,cb02db7930176d05964d3afe98f460ffa364f366
10.1016/j.landusepol.2020.104771,1,mixed,2023,cb02db7930176d05964d3afe98f460ffa364f366
10.1016/j.leaqua.2009.06.005,1,successful,2025,cb02db7930176d05964d3afe98f460ffa364f366
10.1016/j.leaqua.2010.03.005,1,successful,2025,cb02db7930176d05964d3afe98f460ffa364f366
10.1016/j.learninstruc.2014.08.004,1,failed,2024,cb02db7930176d05964d3afe98f460ffa364f366
10.1016/j.learninstruc.2014.12.001,1,successful,2026,cb02db7930176d05964d3afe98f460ffa364f366
10.1016/j.learninstruc.2015.12.002,1,mixed,2018,cb02db7930176d05964d3afe98f460ffa364f366
10.1016/j.learninstruc.2018.04.006,1,successful,2024,cb02db7930176d05964d3afe98f460ffa364f366
10.1016/j.learninstruc.2018.04.010,1,successful,2020,cb02db7930176d05964d3afe98f460ffa364f366
10.1016/j.learninstruc.2018.05.004,1,successful,2024,cb02db7930176d05964d3afe98f460ffa364f366
10.1016/j.lindif.2007.01.002,1,successful,2012,cb02db7930176d05964d3afe98f460ffa364f366
10.1016/j.lindif.2016.03.001,1,successful,2018,cb02db7930176d05964d3afe98f460ffa364f366
10.1016/j.lingua.2013.07.002,1,successful,2016,cb02db7930176d05964d3afe98f460ffa364f366
10.1016/j.media.2013.06.003,1,failed,2020,cb02db7930176d05964d3afe98f460ffa364f366
10.1016/j.neulet.2004.10.018,1,failed,2005,cb02db7930176d05964d3afe98f460ffa364f366
10.1016/j.neulet.2009.06.030,1,failed,2012,cb02db7930176d05964d3afe98f460ffa364f366
10.1016/j.neulet.2011.02.024,1,successful,2020,cb02db7930176d05964d3afe98f460ffa364f366
10.1016/j.neuroimage.2006.11.048,1,failed,2023,cb02db7930176d05964d3afe98f460ffa364f366
10.1016/j.neuroimage.2007.08.032,1,successful,2020,cb02db7930176d05964d3afe98f460ffa364f366
10.1016/j.neuroimage.2010.02.068,1,mixed,2012,cb02db7930176d05964d3afe98f460ffa364f366
10.1016/j.neuroimage.2013.05.039,1,successful,2018,cb02db7930176d05964d3afe98f460ffa364f366
10.1016/j.neuroimage.2020.117005,1,successful,2023,cb02db7930176d05964d3afe98f460ffa364f366
10.1016/j.neuron.2004.12.006,1,successful,2020,cb02db7930176d05964d3afe98f460ffa364f366
10.1016/j.neuron.2008.07.005,1,failed,2023,cb02db7930176d05964d3afe98f460ffa364f366
10.1016/j.neuron.2015.07.028,1,successful,2017,cb02db7930176d05964d3afe98f460ffa364f366
10.1016/j.neuron.2015.08.026,1,successful,2018,cb02db7930176d05964d3afe98f460ffa364f366
10.1016/j.neuropsychologia.2009.05.011,1,failed,2023,cb02db7930176d05964d3afe98f460ffa364f366
10.1016/j.neuropsychologia.2021.107965,1,failed,2026,cb02db7930176d05964d3afe98f460ffa364f366
10.1016/j.nicl.2018.02.020,1,mixed,2020,cb02db7930176d05964d3afe98f460ffa364f366
10.1016/j.nlm.2017.09.009,1,failed,2023,cb02db7930176d05964d3afe98f460ffa364f366
10.1016/j.obhdp.2004.12.002,1,failed,2021,cb02db7930176d05964d3afe98f460ffa364f366
10.1016/j.obhdp.2006.01.005,1,failed,2024,cb02db7930176d05964d3afe98f460ffa364f366
10.1016/j.obhdp.2006.10.001,2,failed | mixed,2018,cb02db7930176d05964d3afe98f460ffa364f366
10.1016/j.obhdp.2008.06.001,1,failed,2026,cb02db7930176d05964d3afe98f460ffa364f366
10.1016/j.obhdp.2009.11.001,1,failed,2025,cb02db7930176d05964d3afe98f460ffa364f366
10.1016/j.obhdp.2010.10.001,1,failed,2023,cb02db7930176d05964d3afe98f460ffa364f366
10.1016/j.obhdp.2013.10.003,1,failed,2025,cb02db7930176d05964d3afe98f460ffa364f366
10.1016/j.obhdp.2014.04.002,1,successful,2025,cb02db7930176d05964d3afe98f460ffa364f366
10.1016/j.obhdp.2014.07.004,1,failed,2020,cb02db7930176d05964d3afe98f460ffa364f366
10.1016/j.obhdp.2015.07.006,1,mixed,2025,cb02db7930176d05964d3afe98f460ffa364f366
10.1016/j.obhdp.2016.08.001,1,successful,2026,cb02db7930176d05964d3afe98f460ffa364f366
10.1016/j.obhdp.2016.12.005,1,successful,2023,cb02db7930176d05964d3afe98f460ffa364f366
10.1016/j.obhdp.2017.01.005,1,successful,2025,cb02db7930176d05964d3afe98f460ffa364f366
10.1016/j.obhdp.2018.08.002,1,failed,2026,cb02db7930176d05964d3afe98f460ffa364f366
10.1016/j.obhdp.2018.10.004,1,successful,2024,cb02db7930176d05964d3afe98f460ffa364f366
10.1016/j.omtn.2018.01.003,1,successful,2019,cb02db7930176d05964d3afe98f460ffa364f366
10.1016/j.paid.2007.11.003,1,mixed,2008,cb02db7930176d05964d3afe98f460ffa364f366
10.1016/j.paid.2008.08.019,1,successful,2015,cb02db7930176d05964d3afe98f460ffa364f366
10.1016/j.paid.2009.11.002,1,successful,2011,cb02db7930176d05964d3afe98f460ffa364f366
10.1016/j.paid.2009.11.029,1,failed,2014,cb02db7930176d05964d3afe98f460ffa364f366
10.1016/j.paid.2012.04.002,1,mixed,2020,cb02db7930176d05964d3afe98f460ffa364f366
10.1016/j.paid.2012.04.036,1,mixed,2015,cb02db7930176d05964d3afe98f460ffa364f366
10.1016/j.paid.2014.09.034,1,failed,2026,cb02db7930176d05964d3afe98f460ffa364f366
10.1016/j.paid.2014.11.040,1,successful,2016,cb02db7930176d05964d3afe98f460ffa364f366
10.1016/j.paid.2020.110232,1,successful,2023,cb02db7930176d05964d3afe98f460ffa364f366
10.1016/j.paid.2021.111472,1,successful,2024,cb02db7930176d05964d3afe98f460ffa364f366
10.1016/j.paid.2023.112102,1,successful,2024,cb02db7930176d05964d3afe98f460ffa364f366
10.1016/j.paid.2023.112300,1,failed,2026,cb02db7930176d05964d3afe98f460ffa364f366
10.1016/j.poetic.2015.07.001,1,failed,2021,cb02db7930176d05964d3afe98f460ffa364f366
10.1016/j.pscychresns.2010.11.008,1,failed,2020,cb02db7930176d05964d3afe98f460ffa364f366
10.1016/j.psychres.2017.09.048,1,successful,2024,cb02db7930176d05964d3afe98f460ffa364f366
10.1016/j.psychsport.2015.08.009,1,failed,2025,cb02db7930176d05964d3afe98f460ffa364f366
10.1016/j.psychsport.2017.02.006,1,failed,2024,cb02db7930176d05964d3afe98f460ffa364f366
10.1016/j.psychsport.2019.101567,1,mixed,2026,cb02db7930176d05964d3afe98f460ffa364f366
10.1016/j.psychsport.2021.102099,1,successful,2025,cb02db7930176d05964d3afe98f460ffa364f366
10.1016/j.psyneuen.2009.12.010,1,failed,2023,cb02db7930176d05964d3afe98f460ffa364f366
10.1016/j.puhip.2021.100219,1,mixed,2022,cb02db7930176d05964d3afe98f460ffa364f366
10.1016/j.reseneeco.2019.07.001,1,failed,2025,cb02db7930176d05964d3afe98f460ffa364f366
10.1016/j.respol.2011.07.007,1,successful,2023,cb02db7930176d05964d3afe98f460ffa364f366
10.1016/j.ridd.2010.02.001,1,successful,2010,cb02db7930176d05964d3afe98f460ffa364f366
10.1016/j.ridd.2011.07.018,1,mixed,2014,cb02db7930176d05964d3afe98f460ffa364f366
10.1016/j.schres.2010.02.453,1,failed,2017,cb02db7930176d05964d3afe98f460ffa364f366
10.1016/j.socscimed.2010.08.007,1,successful,2025,cb02db7930176d05964d3afe98f460ffa364f366
10.1016/j.socscimed.2015.11.051,1,successful,2025,cb02db7930176d05964d3afe98f460ffa364f366
10.1016/j.socscimed.2017.03.014,1,successful,2025,cb02db7930176d05964d3afe98f460ffa364f366
10.1016/j.socscimed.2017.03.035,1,successful,2026,cb02db7930176d05964d3afe98f460ffa364f366
10.1016/j.ssresearch.2014.08.001,1,mixed,2018,cb02db7930176d05964d3afe98f460ffa364f366
10.1016/j.system.2003.08.002,1,mixed,2019,cb02db7930176d05964d3afe98f460ffa364f366
10.1016/j.system.2008.08.002,1,failed,2020,cb02db7930176d05964d3afe98f460ffa364f366
10.1016/j.system.2013.03.004,1,mixed,2016,cb02db7930176d05964d3afe98f460ffa364f366
10.1016/j.tate.2015.08.004,1,successful,2025,cb02db7930176d05964d3afe98f460ffa364f366
10.1016/j.tourman.2016.01.013,1,mixed,2019,cb02db7930176d05964d3afe98f460ffa364f366
10.1016/j.visres.2005.11.013,1,successful,2014,cb02db7930176d05964d3afe98f460ffa364f366
10.1016/j.visres.2006.11.013,1,failed,2025,cb02db7930176d05964d3afe98f460ffa364f366
10.1016/j.visres.2008.09.025,1,successful,2020,cb02db7930176d05964d3afe98f460ffa364f366
10.1016/j.worlddev.2010.05.011,1,failed,2025,cb02db7930176d05964d3afe98f460ffa364f366
10.1016/j.worlddev.2011.05.014,1,failed,2026,cb02db7930176d05964d3afe98f460ffa364f366
10.1016/j.worlddev.2015.10.037,1,successful,2026,cb02db7930176d05964d3afe98f460ffa364f366
10.1016/j.worlddev.2016.03.006,1,failed,2025,cb02db7930176d05964d3afe98f460ffa364f366
10.1016/j.worlddev.2018.05.013,1,mixed,2020,cb02db7930176d05964d3afe98f460ffa364f366
10.1016/s0005-7967(00)00036-x,1,successful,2018,cb02db7930176d05964d3afe98f460ffa364f366
10.1016/s0010-0277(03)00064-7,1,successful,2023,cb02db7930176d05964d3afe98f460ffa364f366
10.1016/s0010-0277(99)00073-6,1,successful,2016,cb02db7930176d05964d3afe98f460ffa364f366
10.1016/s0010-0285(03)00128-2,1,successful,2022,cb02db7930176d05964d3afe98f460ffa364f366
10.1016/s0022-1031(03)00057-x,1,failed,2018,cb02db7930176d05964d3afe98f460ffa364f366
10.1016/s0022-1031(03)00065-9,1,mixed,2023,cb02db7930176d05964d3afe98f460ffa364f366
10.1016/s0022-4359(00)00035-x,1,mixed,2014,cb02db7930176d05964d3afe98f460ffa364f366
10.1016/s0022-5371(74)80011-3,1,failed,2017,cb02db7930176d05964d3afe98f460ffa364f366
10.1016/s0034-4257(03)00145-7,1,failed,2022,cb02db7930176d05964d3afe98f460ffa364f366
10.1016/s0042-6989(01)00092-x,1,successful,2014,cb02db7930176d05964d3afe98f460ffa364f366
10.1016/s0047-2727(01)00094-9,1,successful,2005,cb02db7930176d05964d3afe98f460ffa364f366
10.1016/s0092-6566(02)00529-9,1,successful,2014,cb02db7930176d05964d3afe98f460ffa364f366
10.1016/s0140-6736(12)60681-3,1,failed,2018,cb02db7930176d05964d3afe98f460ffa364f366
10.1016/s0165-1765(01)00394-9,1,mixed,2009,cb02db7930176d05964d3afe98f460ffa364f366
10.1016/s0165-4101(97)00017-7,1,mixed,2021,cb02db7930176d05964d3afe98f460ffa364f366
10.1016/s0166-4328(89)80088-9,1,successful,2026,cb02db7930176d05964d3afe98f460ffa364f366
10.1016/s0167-2681(02)00024-0,1,successful,2005,cb02db7930176d05964d3afe98f460ffa364f366
10.1016/s0167-6296(02)00126-1,1,mixed,2009,cb02db7930176d05964d3afe98f460ffa364f366
10.1016/s0272-4944(05)80184-7,1,successful,2026,cb02db7930176d05964d3afe98f460ffa364f366
10.1016/s0272-6963(97)00033-8,1,successful,2005,cb02db7930176d05964d3afe98f460ffa364f366
10.1016/s0305-750x(00)00018-8,1,failed,2011,cb02db7930176d05964d3afe98f460ffa364f366
10.1016/s0749-596x(02)00515-6,1,successful,2015,cb02db7930176d05964d3afe98f460ffa364f366
10.1016/s0749-5978(02)00013-4,1,mixed,2020,cb02db7930176d05964d3afe98f460ffa364f366
10.1016/s0883-9026(02)00097-6,1,successful,2025,cb02db7930176d05964d3afe98f460ffa364f366
10.1016/s0883-9026(96)00003-1,1,successful,2016,cb02db7930176d05964d3afe98f460ffa364f366
10.1016/s0899-8256(03)00119-2,1,mixed,2026,cb02db7930176d05964d3afe98f460ffa364f366
10.1016/s0927-5371(01)00048-3,1,failed,2008,cb02db7930176d05964d3afe98f460ffa364f366
10.1016/s1060-3743(96)90022-3,1,failed,1999,cb02db7930176d05964d3afe98f460ffa364f366
10.1016/s1386-4181(01)00024-6,2,mixed | successful,2019,cb02db7930176d05964d3afe98f460ffa364f366
10.1016/s2213-8587(18)30051-2,1,successful,2021,cb02db7930176d05964d3afe98f460ffa364f366
10.1016/s2215-0366(21)00241-8,1,successful,2024,cb02db7930176d05964d3afe98f460ffa364f366
10.1016/s2352-4642(18)30112-3,1,successful,2026,cb02db7930176d05964d3afe98f460ffa364f366
10.1017/bec.2013.16,1,successful,2020,cb02db7930176d05964d3afe98f460ffa364f366
10.1017/cbo9780511667268.005,1,failed,2013,cb02db7930176d05964d3afe98f460ffa364f366
10.1017/cbo9781139524575.009,1,successful,2011,cb02db7930176d05964d3afe98f460ffa364f366
10.1017/epi.2013.23,1,successful,2018,cb02db7930176d05964d3afe98f460ffa364f366
10.1017/psrm.2022.12,1,failed,2024,cb02db7930176d05964d3afe98f460ffa364f366
10.1017/s0003055409090066,1,failed,2026,cb02db7930176d05964d3afe98f460ffa364f366
10.1017/s0003055410000262,1,mixed,2025,cb02db7930176d05964d3afe98f460ffa364f366
10.1017/s0003055412000299,2,successful,2025,cb02db7930176d05964d3afe98f460ffa364f366
10.1017/s0003055421000678,1,successful,2025,cb02db7930176d05964d3afe98f460ffa364f366
10.1017/s0007123411000421,1,successful,2025,cb02db7930176d05964d3afe98f460ffa364f366
10.1017/s0007123412000191,1,mixed,2025,cb02db7930176d05964d3afe98f460ffa364f366
10.1017/s0007123420000046,1,mixed,2024,cb02db7930176d05964d3afe98f460ffa364f366
10.1017/s0007123421000557,1,failed,2023,cb02db7930176d05964d3afe98f460ffa364f366
10.1017/s0008423903778810,1,successful,2022,cb02db7930176d05964d3afe98f460ffa364f366
10.1017/s0008423922000749,1,successful,2024,cb02db7930176d05964d3afe98f460ffa364f366
10.1017/s0022381608080456,1,mixed,2013,cb02db7930176d05964d3afe98f460ffa364f366
10.1017/s0022381608080638,1,mixed,2013,cb02db7930176d05964d3afe98f460ffa364f366
10.1017/s0033291705005441,1,mixed,2005,cb02db7930176d05964d3afe98f460ffa364f366
10.1017/s0033291713000202,1,failed,2025,cb02db7930176d05964d3afe98f460ffa364f366
10.1017/s0043887112000032,2,successful,2025,cb02db7930176d05964d3afe98f460ffa364f366
10.1017/s0043887114000100,1,failed,2026,cb02db7930176d05964d3afe98f460ffa364f366
10.1017/s0043887117000107,1,successful,2026,cb02db7930176d05964d3afe98f460ffa364f366
10.1017/s0047404500008472,1,failed,2023,cb02db7930176d05964d3afe98f460ffa364f366
10.1017/s0140525x07001185,1,successful,2020,cb02db7930176d05964d3afe98f460ffa364f366
10.1017/s0142716409990014,1,successful,2014,cb02db7930176d05964d3afe98f460ffa364f366
10.1017/s0272263100015047,1,failed,2022,cb02db7930176d05964d3afe98f460ffa364f366
10.1017/s0272263102004023,1,mixed,2014,cb02db7930176d05964d3afe98f460ffa364f366
10.1017/s0272263109990519,1,mixed,2023,cb02db7930176d05964d3afe98f460ffa364f366
10.1017/s0272263110000264,2,mixed | successful,2011,cb02db7930176d05964d3afe98f460ffa364f366
10.1017/s0272263112000149,1,mixed,2016,cb02db7930176d05964d3afe98f460ffa364f366
10.1017/s0272263117000341,1,mixed,2024,cb02db7930176d05964d3afe98f460ffa364f366
10.1017/s0272263118000244,1,failed,2023,cb02db7930176d05964d3afe98f460ffa364f366
10.1017/s0272263119000202,1,successful,2024,cb02db7930176d05964d3afe98f460ffa364f366
10.1017/s0272263121000905,1,successful,2025,cb02db7930176d05964d3afe98f460ffa364f366
10.1017/s0272263197001034,1,successful,2010,cb02db7930176d05964d3afe98f460ffa364f366
10.1017/s0305000900012411,1,successful,2016,cb02db7930176d05964d3afe98f460ffa364f366
10.1017/s0954579410000659,1,successful,2014,cb02db7930176d05964d3afe98f460ffa364f366
10.1017/s0954579414000492,1,successful,2016,cb02db7930176d05964d3afe98f460ffa364f366
10.1017/s0954579419000580,1,mixed,2022,cb02db7930176d05964d3afe98f460ffa364f366
10.1017/s0958344020000191,1,successful,2023,cb02db7930176d05964d3afe98f460ffa364f366
10.1017/s0962728600023563,1,failed,2018,cb02db7930176d05964d3afe98f460ffa364f366
10.1017/s1053837209990307,1,successful,2022,cb02db7930176d05964d3afe98f460ffa364f366
10.1017/s1366728914000273,1,successful,2024,cb02db7930176d05964d3afe98f460ffa364f366
10.1017/s1366728916000547,1,successful,2022,cb02db7930176d05964d3afe98f460ffa364f366
10.1017/s1366728920000280,1,mixed,2020,cb02db7930176d05964d3afe98f460ffa364f366
10.1017/s1930297500000966,1,failed,2023,cb02db7930176d05964d3afe98f460ffa364f366
10.1017/s1930297500001170,1,successful,2014,cb02db7930176d05964d3afe98f460ffa364f366
10.1017/s1930297500002011,1,failed,2021,cb02db7930176d05964d3afe98f460ffa364f366
10.1017/s1930297500005064,1,uninformative,2020,cb02db7930176d05964d3afe98f460ffa364f366
10.1017/s1930297500006185,1,successful,2022,cb02db7930176d05964d3afe98f460ffa364f366
10.1017/s1930297500006999,1,mixed,2019,cb02db7930176d05964d3afe98f460ffa364f366
10.1017/thg.2015.66,1,successful,2016,cb02db7930176d05964d3afe98f460ffa364f366
10.1017/xps.2014.22,1,<missing>,2026,cb02db7930176d05964d3afe98f460ffa364f366
10.1017/xps.2017.21,2,failed | mixed,2023,cb02db7930176d05964d3afe98f460ffa364f366
10.1017/xps.2018.6,1,successful,2026,cb02db7930176d05964d3afe98f460ffa364f366
10.1021/acscentsci.8b00879,1,successful,2021,cb02db7930176d05964d3afe98f460ffa364f366
10.1021/pr9004162,1,successful,2013,cb02db7930176d05964d3afe98f460ffa364f366
10.1023/a:1007744326393,1,mixed,2021,cb02db7930176d05964d3afe98f460ffa364f366
10.1023/a:1008184423824,1,successful,2022,cb02db7930176d05964d3afe98f460ffa364f366
10.1023/a:1011120928698,1,successful,2016,cb02db7930176d05964d3afe98f460ffa364f366
10.1023/a:1015044207315,1,failed,2023,cb02db7930176d05964d3afe98f460ffa364f366
10.1023/a:1018729101473,1,mixed,2016,cb02db7930176d05964d3afe98f460ffa364f366
10.1023/a:1019923923537,1,successful,2021,cb02db7930176d05964d3afe98f460ffa364f366
10.1023/b:rihe.0000027392.94172.d2,1,successful,2015,cb02db7930176d05964d3afe98f460ffa364f366
10.1024/1010-0652.21.3.305,1,successful,2014,cb02db7930176d05964d3afe98f460ffa364f366
10.1026//0949-3946.48.2.94,1,successful,2011,cb02db7930176d05964d3afe98f460ffa364f366
10.1027/0227-5910.16.1.39,1,successful,2004,cb02db7930176d05964d3afe98f460ffa364f366
10.1027/1618-3169/a000028,1,failed,2021,cb02db7930176d05964d3afe98f460ffa364f366
10.1027/1864-9335/a000147,1,failed,2016,cb02db7930176d05964d3afe98f460ffa364f366
10.1027/1864-9335/a000292,1,successful,2022,cb02db7930176d05964d3afe98f460ffa364f366
10.1037//0022-0663.67.6.882,1,mixed,2016,cb02db7930176d05964d3afe98f460ffa364f366
10.1037//0022-3514.56.6.972,1,failed,2019,cb02db7930176d05964d3afe98f460ffa364f366
10.1037//0022-3514.69.4.603,1,successful,2021,cb02db7930176d05964d3afe98f460ffa364f366
10.1037//0096-1523.18.3.849,1,mixed,2020,cb02db7930176d05964d3afe98f460ffa364f366
10.1037/0003-066x.49.5.417,1,mixed,2020,cb02db7930176d05964d3afe98f460ffa364f366
10.1037/0003-066x.54.6.408,1,failed,2019,cb02db7930176d05964d3afe98f460ffa364f366
10.1037/0003-066x.60.5.410,2,failed | mixed,2012,cb02db7930176d05964d3afe98f460ffa364f366
10.1037/0012-1649.26.6.978,1,mixed,2018,cb02db7930176d05964d3afe98f460ffa364f366
10.1037/0012-1649.37.6.739,1,successful,2004,cb02db7930176d05964d3afe98f460ffa364f366
10.1037/0012-1649.43.6.1428,1,successful,2010,cb02db7930176d05964d3afe98f460ffa364f366
10.1037/0021-843x.108.3.511,1,mixed,2011,cb02db7930176d05964d3afe98f460ffa364f366
10.1037/0021-843x.112.2.228,1,failed,2004,cb02db7930176d05964d3afe98f460ffa364f366
10.1037/0021-843x.115.4.798,1,successful,2013,cb02db7930176d05964d3afe98f460ffa364f366
10.1037/0021-9010.77.4.419,1,failed,2021,cb02db7930176d05964d3afe98f460ffa364f366
10.1037/0021-9010.81.2.161,1,successful,1997,cb02db7930176d05964d3afe98f460ffa364f366
10.1037/0021-9010.82.1.44,1,mixed,2005,cb02db7930176d05964d3afe98f460ffa364f366
10.1037/0021-9010.90.6.1265,1,mixed,2019,cb02db7930176d05964d3afe98f460ffa364f366
10.1037/0022-006x.50.5.624,1,successful,1987,cb02db7930176d05964d3afe98f460ffa364f366
10.1037/0022-006x.62.3.636,1,successful,2000,cb02db7930176d05964d3afe98f460ffa364f366
10.1037/0022-006x.64.5.927,1,successful,2011,cb02db7930176d05964d3afe98f460ffa364f366
10.1037/0022-0167.33.3.282,1,mixed,2011,cb02db7930176d05964d3afe98f460ffa364f366
10.1037/0022-0167.51.2.178,1,successful,2008,cb02db7930176d05964d3afe98f460ffa364f366
10.1037/0022-0663.100.1.223,1,successful,2020,cb02db7930176d05964d3afe98f460ffa364f366
10.1037/0022-0663.91.2.358,1,failed,2011,cb02db7930176d05964d3afe98f460ffa364f366
10.1037/0022-0663.93.2.390,1,failed,2020,cb02db7930176d05964d3afe98f460ffa364f366
10.1037/0022-0663.97.3.493,1,successful,2015,cb02db7930176d05964d3afe98f460ffa364f366
10.1037/0022-3514.32.6.951,2,mixed | successful,2022,cb02db7930176d05964d3afe98f460ffa364f366
10.1037/0022-3514.37.10.1660,2,failed,2018,cb02db7930176d05964d3afe98f460ffa364f366
10.1037/0022-3514.37.3.433,1,successful,1997,cb02db7930176d05964d3afe98f460ffa364f366
10.1037/0022-3514.41.4.703,1,failed,2019,cb02db7930176d05964d3afe98f460ffa364f366
10.1037/0022-3514.45.4.782,1,failed,2024,cb02db7930176d05964d3afe98f460ffa364f366
10.1037/0022-3514.45.4.805,1,mixed,2016,cb02db7930176d05964d3afe98f460ffa364f366
10.1037/0022-3514.46.4.778,1,failed,2017,cb02db7930176d05964d3afe98f460ffa364f366
10.1037/0022-3514.49.6.1621,1,successful,2020,cb02db7930176d05964d3afe98f460ffa364f366
10.1037/0022-3514.50.1.205,1,successful,1994,cb02db7930176d05964d3afe98f460ffa364f366
10.1037/0022-3514.50.3.502,1,mixed,2020,cb02db7930176d05964d3afe98f460ffa364f366
10.1037/0022-3514.54.4.569,1,successful,2023,cb02db7930176d05964d3afe98f460ffa364f366
10.1037/0022-3514.54.5.768,2,failed | mixed,2016,cb02db7930176d05964d3afe98f460ffa364f366
10.1037/0022-3514.58.6.1015,1,mixed,2021,cb02db7930176d05964d3afe98f460ffa364f366
10.1037/0022-3514.67.3.357,1,mixed,2022,cb02db7930176d05964d3afe98f460ffa364f366
10.1037/0022-3514.67.4.627,1,failed,2022,cb02db7930176d05964d3afe98f460ffa364f366
10.1037/0022-3514.68.5.793,2,mixed | successful,2020,cb02db7930176d05964d3afe98f460ffa364f366
10.1037/0022-3514.71.2.230,2,failed,2011,cb02db7930176d05964d3afe98f460ffa364f366
10.1037/0022-3514.72.5.1202,1,successful,2023,cb02db7930176d05964d3afe98f460ffa364f366
10.1037/0022-3514.73.2.321,1,successful,2024,cb02db7930176d05964d3afe98f460ffa364f366
10.1037/0022-3514.73.4.733,3,failed | mixed,2018,cb02db7930176d05964d3afe98f460ffa364f366
10.1037/0022-3514.74.1.53,1,successful,2021,cb02db7930176d05964d3afe98f460ffa364f366
10.1037/0022-3514.74.3.774,1,failed,2004,cb02db7930176d05964d3afe98f460ffa364f366
10.1037/0022-3514.74.4.865,1,failed,2018,cb02db7930176d05964d3afe98f460ffa364f366
10.1037/0022-3514.75.1.5,1,failed,2026,cb02db7930176d05964d3afe98f460ffa364f366
10.1037/0022-3514.76.6.893,1,mixed,2022,cb02db7930176d05964d3afe98f460ffa364f366
10.1037/0022-3514.77.2.221,2,successful,2021,cb02db7930176d05964d3afe98f460ffa364f366
10.1037/0022-3514.77.4.785,1,successful,2023,cb02db7930176d05964d3afe98f460ffa364f366
10.1037/0022-3514.78.6.1038,1,failed,2019,cb02db7930176d05964d3afe98f460ffa364f366
10.1037/0022-3514.81.1.33,1,failed,2024,cb02db7930176d05964d3afe98f460ffa364f366
10.1037/0022-3514.81.6.1014,1,failed,2013,cb02db7930176d05964d3afe98f460ffa364f366
10.1037/0022-3514.82.5.792,1,mixed,2016,cb02db7930176d05964d3afe98f460ffa364f366
10.1037/0022-3514.82.6.956,1,failed,2016,cb02db7930176d05964d3afe98f460ffa364f366
10.1037/0022-3514.83.1.138,1,failed,2023,cb02db7930176d05964d3afe98f460ffa364f366
10.1037/0022-3514.83.1.44,1,successful,2014,cb02db7930176d05964d3afe98f460ffa364f366
10.1037/0022-3514.83.5.1239,1,successful,2018,cb02db7930176d05964d3afe98f460ffa364f366
10.1037/0022-3514.83.6.1409,1,mixed,2012,cb02db7930176d05964d3afe98f460ffa364f366
10.1037/0022-3514.84.6.1236,1,successful,2012,cb02db7930176d05964d3afe98f460ffa364f366
10.1037/0022-3514.86.1.57,1,successful,2017,cb02db7930176d05964d3afe98f460ffa364f366
10.1037/0022-3514.86.5.680,1,mixed,2021,cb02db7930176d05964d3afe98f460ffa364f366
10.1037/0022-3514.89.3.277,1,mixed,2017,cb02db7930176d05964d3afe98f460ffa364f366
10.1037/0022-3514.90.2.197,1,mixed,2021,cb02db7930176d05964d3afe98f460ffa364f366
10.1037/0022-3514.90.4.543,1,mixed,2021,cb02db7930176d05964d3afe98f460ffa364f366
10.1037/0022-3514.91.6.995,1,failed,2018,cb02db7930176d05964d3afe98f460ffa364f366
10.1037/0022-3514.92.1.97,1,mixed,2025,cb02db7930176d05964d3afe98f460ffa364f366
10.1037/0022-3514.93.5.880,1,successful,2020,cb02db7930176d05964d3afe98f460ffa364f366
10.1037/0022-3514.94.1.1,1,failed,2015,cb02db7930176d05964d3afe98f460ffa364f366
10.1037/0022-3514.94.1.116,2,failed | mixed,2015,cb02db7930176d05964d3afe98f460ffa364f366
10.1037/0022-3514.94.1.158,1,failed,2015,cb02db7930176d05964d3afe98f460ffa364f366
10.1037/0022-3514.94.1.16,2,failed | successful,2015,cb02db7930176d05964d3afe98f460ffa364f366
10.1037/0022-3514.94.1.48,2,failed,2014,cb02db7930176d05964d3afe98f460ffa364f366
10.1037/0022-3514.94.1.91,1,failed,2015,cb02db7930176d05964d3afe98f460ffa364f366
10.1037/0022-3514.94.2.183,1,failed,2015,cb02db7930176d05964d3afe98f460ffa364f366
10.1037/0022-3514.94.2.245,1,successful,2015,cb02db7930176d05964d3afe98f460ffa364f366
10.1037/0022-3514.94.2.94.2.196,2,failed,2015,cb02db7930176d05964d3afe98f460ffa364f366
10.1037/0022-3514.94.2.94.2.231,2,failed | successful,2015,cb02db7930176d05964d3afe98f460ffa364f366
10.1037/0022-3514.94.3.382,1,failed,2015,cb02db7930176d05964d3afe98f460ffa364f366
10.1037/0022-3514.94.3.396,2,failed,2015,cb02db7930176d05964d3afe98f460ffa364f366
10.1037/0022-3514.94.3.429,1,failed,2015,cb02db7930176d05964d3afe98f460ffa364f366
10.1037/0022-3514.94.3.495,2,failed,2015,cb02db7930176d05964d3afe98f460ffa364f366
10.1037/0022-3514.94.3.516,1,successful,2015,cb02db7930176d05964d3afe98f460ffa364f366
10.1037/0022-3514.94.3.545,1,failed,2015,cb02db7930176d05964d3afe98f460ffa364f366
10.1037/0022-3514.94.4.560,1,failed,2015,cb02db7930176d05964d3afe98f460ffa364f366
10.1037/0022-3514.94.4.579,3,failed,2015,cb02db7930176d05964d3afe98f460ffa364f366
10.1037/0022-3514.94.4.600,3,failed | mixed,2015,cb02db7930176d05964d3afe98f460ffa364f366
10.1037/0022-3514.94.4.615,1,failed,2014,cb02db7930176d05964d3afe98f460ffa364f366
10.1037/0022-3514.94.4.647,1,successful,2015,cb02db7930176d05964d3afe98f460ffa364f366
10.1037/0022-3514.94.4.672,1,failed,2015,cb02db7930176d05964d3afe98f460ffa364f366
10.1037/0022-3514.94.4.696,1,failed,2015,cb02db7930176d05964d3afe98f460ffa364f366
10.1037/0022-3514.94.4.718,1,successful,2015,cb02db7930176d05964d3afe98f460ffa364f366
10.1037/0022-3514.94.5.871,1,successful,2015,cb02db7930176d05964d3afe98f460ffa364f366
10.1037/0022-3514.95.1.18,1,failed,2018,cb02db7930176d05964d3afe98f460ffa364f366
10.1037/0022-3514.95.1.76,2,failed,2015,cb02db7930176d05964d3afe98f460ffa364f366
10.1037/0022-3514.95.2.274,1,successful,2015,cb02db7930176d05964d3afe98f460ffa364f366
10.1037/0022-3514.95.2.293,4,failed | mixed,2015,cb02db7930176d05964d3afe98f460ffa364f366
10.1037/0022-3514.95.2.420,1,failed,2015,cb02db7930176d05964d3afe98f460ffa364f366
10.1037/0022-3514.95.3.695,1,successful,2016,cb02db7930176d05964d3afe98f460ffa364f366
10.1037/0033-295x.114.2.245,1,successful,2016,cb02db7930176d05964d3afe98f460ffa364f366
10.1037/0033-295x.84.4.327,1,mixed,2014,cb02db7930176d05964d3afe98f460ffa364f366
10.1037/0033-295x.93.2.136,1,successful,2018,cb02db7930176d05964d3afe98f460ffa364f366
10.1037/0096-1523.1.3.288,3,failed | successful,2021,cb02db7930176d05964d3afe98f460ffa364f366
10.1037/0096-1523.15.4.673,1,failed,2010,cb02db7930176d05964d3afe98f460ffa364f366
10.1037/0096-1523.25.4.1005,1,mixed,2022,cb02db7930176d05964d3afe98f460ffa364f366
10.1037/0096-1523.3.4.544,1,successful,2021,cb02db7930176d05964d3afe98f460ffa364f366
10.1037/0096-1523.34.2.340,1,failed,2010,cb02db7930176d05964d3afe98f460ffa364f366
10.1037/0096-3445.122.3.331,1,failed,2018,cb02db7930176d05964d3afe98f460ffa364f366
10.1037/0096-3445.130.3.427,1,failed,2019,cb02db7930176d05964d3afe98f460ffa364f366
10.1037/0096-3445.132.2.228,1,successful,2010,cb02db7930176d05964d3afe98f460ffa364f366
10.1037/0096-3445.133.1.23,1,mixed,2021,cb02db7930176d05964d3afe98f460ffa364f366
10.1037/0096-3445.135.4.641,1,failed,2020,cb02db7930176d05964d3afe98f460ffa364f366
10.1037/0096-3445.136.2.241,2,failed | successful,2011,cb02db7930176d05964d3afe98f460ffa364f366
10.1037/0096-3445.136.2.289,1,mixed,2025,cb02db7930176d05964d3afe98f460ffa364f366
10.1037/0096-3445.136.4.569,1,failed,2018,cb02db7930176d05964d3afe98f460ffa364f366
10.1037/0278-6133.3.5.431,1,successful,2020,cb02db7930176d05964d3afe98f460ffa364f366
10.1037/0278-7393.21.4.1008,1,failed,2018,cb02db7930176d05964d3afe98f460ffa364f366
10.1037/0278-7393.28.1.233,1,mixed,2010,cb02db7930176d05964d3afe98f460ffa364f366
10.1037/0278-7393.31.6.1267,1,successful,2020,cb02db7930176d05964d3afe98f460ffa364f366
10.1037/0278-7393.33.2.431,1,mixed,2011,cb02db7930176d05964d3afe98f460ffa364f366
10.1037/0278-7393.34.1.128,1,successful,2015,cb02db7930176d05964d3afe98f460ffa364f366
10.1037/0278-7393.34.1.146,2,failed,2015,cb02db7930176d05964d3afe98f460ffa364f366
10.1037/0278-7393.34.1.167,1,failed,2015,cb02db7930176d05964d3afe98f460ffa364f366
10.1037/0278-7393.34.1.186,1,successful,2015,cb02db7930176d05964d3afe98f460ffa364f366
10.1037/0278-7393.34.1.204,1,mixed,2015,cb02db7930176d05964d3afe98f460ffa364f366
10.1037/0278-7393.34.1.219,1,failed,2015,cb02db7930176d05964d3afe98f460ffa364f366
10.1037/0278-7393.34.1.230,1,failed,2015,cb02db7930176d05964d3afe98f460ffa364f366
10.1037/0278-7393.34.1.237,1,failed,2015,cb02db7930176d05964d3afe98f460ffa364f366
10.1037/0278-7393.34.1.243,1,failed,2015,cb02db7930176d05964d3afe98f460ffa364f366
10.1037/0278-7393.34.1.249,1,failed,2015,cb02db7930176d05964d3afe98f460ffa364f366
10.1037/0278-7393.34.1.50,1,successful,2015,cb02db7930176d05964d3afe98f460ffa364f366
10.1037/0278-7393.34.1.65,1,mixed,2015,cb02db7930176d05964d3afe98f460ffa364f366
10.1037/0278-7393.34.1.80,1,successful,2015,cb02db7930176d05964d3afe98f460ffa364f366
10.1037/0278-7393.34.1.97,1,successful,2015,cb02db7930176d05964d3afe98f460ffa364f366
10.1037/0278-7393.34.2.302,1,failed,2015,cb02db7930176d05964d3afe98f460ffa364f366
10.1037/0278-7393.34.2.343,1,successful,2015,cb02db7930176d05964d3afe98f460ffa364f366
10.1037/0278-7393.34.2.353,1,failed,2015,cb02db7930176d05964d3afe98f460ffa364f366
10.1037/0278-7393.34.2.369,1,successful,2015,cb02db7930176d05964d3afe98f460ffa364f366
10.1037/0278-7393.34.2.399,1,successful,2015,cb02db7930176d05964d3afe98f460ffa364f366
10.1037/0278-7393.34.2.408,1,failed,2015,cb02db7930176d05964d3afe98f460ffa364f366
10.1037/0278-7393.34.2.430,1,successful,2015,cb02db7930176d05964d3afe98f460ffa364f366
10.1037/0278-7393.34.3.439,1,failed,2015,cb02db7930176d05964d3afe98f460ffa364f366
10.1037/0278-7393.34.3.460,1,failed,2015,cb02db7930176d05964d3afe98f460ffa364f366
10.1037/0278-7393.34.3.478,1,failed,2015,cb02db7930176d05964d3afe98f460ffa364f366
10.1037/0278-7393.34.3.495,1,successful,2015,cb02db7930176d05964d3afe98f460ffa364f366
10.1037/0278-7393.34.3.514,1,successful,2015,cb02db7930176d05964d3afe98f460ffa364f366
10.1037/0278-7393.34.3.524,1,successful,2015,cb02db7930176d05964d3afe98f460ffa364f366
10.1037/0278-7393.34.3.546,1,successful,2015,cb02db7930176d05964d3afe98f460ffa364f366
10.1037/0278-7393.4.1.19,1,successful,2025,cb02db7930176d05964d3afe98f460ffa364f366
10.1037/0278-7393.6.6.651,1,successful,2017,cb02db7930176d05964d3afe98f460ffa364f366
10.1037/1040-3590.14.4.485,1,successful,2011,cb02db7930176d05964d3afe98f460ffa364f366
10.1037/1040-3590.15.2.205,1,successful,2012,cb02db7930176d05964d3afe98f460ffa364f366
10.1037/1076-8998.5.3.347,1,mixed,2013,cb02db7930176d05964d3afe98f460ffa364f366
10.1037/1082-989x.6.2.161,1,mixed,2009,cb02db7930176d05964d3afe98f460ffa364f366
10.1037/1931-3896.2.1.8,1,failed,2011,cb02db7930176d05964d3afe98f460ffa364f366
10.1037/a0010932,1,successful,2025,cb02db7930176d05964d3afe98f460ffa364f366
10.1037/a0012833,5,failed | mixed,2015,cb02db7930176d05964d3afe98f460ffa364f366
10.1037/a0012840,1,mixed,2017,cb02db7930176d05964d3afe98f460ffa364f366
10.1037/a0013748,1,mixed,2018,cb02db7930176d05964d3afe98f460ffa364f366
10.1037/a0015141,1,failed,2016,cb02db7930176d05964d3afe98f460ffa364f366
10.1037/a0015960,1,failed,2018,cb02db7930176d05964d3afe98f460ffa364f366
10.1037/a0016795,1,successful,2023,cb02db7930176d05964d3afe98f460ffa364f366
10.1037/a0017094,1,mixed,2026,cb02db7930176d05964d3afe98f460ffa364f366
10.1037/a0018144,1,failed,2016,cb02db7930176d05964d3afe98f460ffa364f366
10.1037/a0018983,1,mixed,2025,cb02db7930176d05964d3afe98f460ffa364f366
10.1037/a0019006,1,successful,2024,cb02db7930176d05964d3afe98f460ffa364f366
10.1037/a0019689,1,failed,2019,cb02db7930176d05964d3afe98f460ffa364f366
10.1037/a0019786,1,failed,2021,cb02db7930176d05964d3afe98f460ffa364f366
10.1037/a0019902,1,successful,2016,cb02db7930176d05964d3afe98f460ffa364f366
10.1037/a0019973,1,failed,2026,cb02db7930176d05964d3afe98f460ffa364f366
10.1037/a0020092,1,failed,2020,cb02db7930176d05964d3afe98f460ffa364f366
10.1037/a0020757,1,failed,2022,cb02db7930176d05964d3afe98f460ffa364f366
10.1037/a0021282,1,successful,2012,cb02db7930176d05964d3afe98f460ffa364f366
10.1037/a0021524,8,failed | mixed,2011,cb02db7930176d05964d3afe98f460ffa364f366
10.1037/a0021801,1,mixed,2018,cb02db7930176d05964d3afe98f460ffa364f366
10.1037/a0022403,1,failed,2017,cb02db7930176d05964d3afe98f460ffa364f366
10.1037/a0022406,1,successful,2012,cb02db7930176d05964d3afe98f460ffa364f366
10.1037/a0022834,1,mixed,2016,cb02db7930176d05964d3afe98f460ffa364f366
10.1037/a0023527,3,failed | mixed,2014,cb02db7930176d05964d3afe98f460ffa364f366
10.1037/a0023937,1,successful,2026,cb02db7930176d05964d3afe98f460ffa364f366
10.1037/a0024608,1,failed,2024,cb02db7930176d05964d3afe98f460ffa364f366
10.1037/a0025035,1,failed,2025,cb02db7930176d05964d3afe98f460ffa364f366
10.1037/a0025253,1,failed,2014,cb02db7930176d05964d3afe98f460ffa364f366
10.1037/a0025345,1,failed,2023,cb02db7930176d05964d3afe98f460ffa364f366
10.1037/a0025391,1,failed,2020,cb02db7930176d05964d3afe98f460ffa364f366
10.1037/a0025883,1,successful,2021,cb02db7930176d05964d3afe98f460ffa364f366
10.1037/a0026099,1,mixed,2013,cb02db7930176d05964d3afe98f460ffa364f366
10.1037/a0026942,1,failed,2017,cb02db7930176d05964d3afe98f460ffa364f366
10.1037/a0027395,1,mixed,2020,cb02db7930176d05964d3afe98f460ffa364f366
10.1037/a0027407,1,successful,2023,cb02db7930176d05964d3afe98f460ffa364f366
10.1037/a0027470,1,mixed,2019,cb02db7930176d05964d3afe98f460ffa364f366
10.1037/a0027586,1,failed,2016,cb02db7930176d05964d3afe98f460ffa364f366
10.1037/a0027598,2,failed,2013,cb02db7930176d05964d3afe98f460ffa364f366
10.1037/a0027678,1,failed,2026,cb02db7930176d05964d3afe98f460ffa364f366
10.1037/a0028216,1,successful,2023,cb02db7930176d05964d3afe98f460ffa364f366
10.1037/a0028964,1,mixed,2025,cb02db7930176d05964d3afe98f460ffa364f366
10.1037/a0029288,2,failed,2014,cb02db7930176d05964d3afe98f460ffa364f366
10.1037/a0029395,1,successful,2026,cb02db7930176d05964d3afe98f460ffa364f366
10.1037/a0029649,1,failed,2023,cb02db7930176d05964d3afe98f460ffa364f366
10.1037/a0030655,2,successful,2018,cb02db7930176d05964d3afe98f460ffa364f366
10.1037/a0030931,1,mixed,2017,cb02db7930176d05964d3afe98f460ffa364f366
10.1037/a0031047,1,failed,2023,cb02db7930176d05964d3afe98f460ffa364f366
10.1037/a0031337,2,failed | mixed,2015,cb02db7930176d05964d3afe98f460ffa364f366
10.1037/a0032028,1,failed,2017,cb02db7930176d05964d3afe98f460ffa364f366
10.1037/a0032108,1,successful,2023,cb02db7930176d05964d3afe98f460ffa364f366
10.1037/a0032282,1,failed,2015,cb02db7930176d05964d3afe98f460ffa364f366
10.1037/a0033009,1,successful,2026,cb02db7930176d05964d3afe98f460ffa364f366
10.1037/a0033010,1,successful,2015,cb02db7930176d05964d3afe98f460ffa364f366
10.1037/a0034352,1,failed,2015,cb02db7930176d05964d3afe98f460ffa364f366
10.1037/a0034462,1,failed,2018,cb02db7930176d05964d3afe98f460ffa364f366
10.1037/a0034755,1,successful,2020,cb02db7930176d05964d3afe98f460ffa364f366
10.1037/a0035663,1,failed,2023,cb02db7930176d05964d3afe98f460ffa364f366
10.1037/a0035826,1,mixed,2025,cb02db7930176d05964d3afe98f460ffa364f366
10.1037/a0036158,1,failed,2019,cb02db7930176d05964d3afe98f460ffa364f366
10.1037/a0036477,1,successful,2015,cb02db7930176d05964d3afe98f460ffa364f366
10.1037/a0037037,1,successful,2026,cb02db7930176d05964d3afe98f460ffa364f366
10.1037/a0037294,1,successful,2026,cb02db7930176d05964d3afe98f460ffa364f366
10.1037/a0038543,1,failed,2017,cb02db7930176d05964d3afe98f460ffa364f366
10.1037/a0038647,1,failed,2019,cb02db7930176d05964d3afe98f460ffa364f366
10.1037/a0039737,1,successful,2018,cb02db7930176d05964d3afe98f460ffa364f366
10.1037/abn0000277,1,mixed,2024,cb02db7930176d05964d3afe98f460ffa364f366
10.1037/amp0001079,1,successful,2024,cb02db7930176d05964d3afe98f460ffa364f366
10.1037/apl0000082,1,successful,2025,cb02db7930176d05964d3afe98f460ffa364f366
10.1037/apl0000281,1,successful,2026,cb02db7930176d05964d3afe98f460ffa364f366
10.1037/apl0000347,1,failed,2025,cb02db7930176d05964d3afe98f460ffa364f366
10.1037/bar0000276,1,successful,2025,cb02db7930176d05964d3afe98f460ffa364f366
10.1037/ccp0000051,1,successful,2018,cb02db7930176d05964d3afe98f460ffa364f366
10.1037/cdp0000137,1,mixed,2025,cb02db7930176d05964d3afe98f460ffa364f366
10.1037/cou0000131,1,successful,2022,cb02db7930176d05964d3afe98f460ffa364f366
10.1037/dev0001689,1,mixed,2026,cb02db7930176d05964d3afe98f460ffa364f366
10.1037/e519682015-069,1,failed,2021,cb02db7930176d05964d3afe98f460ffa364f366
10.1037/e520602012-521,1,successful,2015,cb02db7930176d05964d3afe98f460ffa364f366
10.1037/e522512014-027,1,successful,2019,cb02db7930176d05964d3afe98f460ffa364f366
10.1037/e524912015-308,1,failed,2025,cb02db7930176d05964d3afe98f460ffa364f366
10.1037/e578192014-061,1,mixed,2021,cb02db7930176d05964d3afe98f460ffa364f366
10.1037/e722852011-095,1,failed,2018,cb02db7930176d05964d3afe98f460ffa364f366
10.1037/ebs0000028,1,successful,2023,cb02db7930176d05964d3afe98f460ffa364f366
10.1037/edu0000039,1,successful,2019,cb02db7930176d05964d3afe98f460ffa364f366
10.1037/edu0000115,1,mixed,2020,cb02db7930176d05964d3afe98f460ffa364f366
10.1037/edu0000193,1,mixed,2021,cb02db7930176d05964d3afe98f460ffa364f366
10.1037/edu0000701,1,mixed,2023,cb02db7930176d05964d3afe98f460ffa364f366
10.1037/h0021797,2,mixed,2020,cb02db7930176d05964d3afe98f460ffa364f366
10.1037/h0028063,1,mixed,2020,cb02db7930176d05964d3afe98f460ffa364f366
10.1037/h0032236,1,failed,2024,cb02db7930176d05964d3afe98f460ffa364f366
10.1037/h0033373,1,failed,2014,cb02db7930176d05964d3afe98f460ffa364f366
10.1037/h0037031,1,failed,1979,cb02db7930176d05964d3afe98f460ffa364f366
10.1037/h0040525,1,mixed,2018,cb02db7930176d05964d3afe98f460ffa364f366
10.1037/h0042026,1,successful,2024,cb02db7930176d05964d3afe98f460ffa364f366
10.1037/h0053944,1,failed,2018,cb02db7930176d05964d3afe98f460ffa364f366
10.1037/h0054651,1,successful,2016,cb02db7930176d05964d3afe98f460ffa364f366
10.1037/h0055756,3,failed | mixed,2014,cb02db7930176d05964d3afe98f460ffa364f366
10.1037/h0062326,1,successful,2014,cb02db7930176d05964d3afe98f460ffa364f366
10.1037/h0076284,1,successful,2021,cb02db7930176d05964d3afe98f460ffa364f366
10.1037/h0080111,1,successful,2014,cb02db7930176d05964d3afe98f460ffa364f366
10.1037/h0087446,1,failed,2019,cb02db7930176d05964d3afe98f460ffa364f366
10.1037/h0091247,1,successful,2018,cb02db7930176d05964d3afe98f460ffa364f366
10.1037/h0093718,2,successful,2019,cb02db7930176d05964d3afe98f460ffa364f366
10.1037/h0093929,1,mixed,2025,cb02db7930176d05964d3afe98f460ffa364f366
10.1037/h0100577,1,successful,2025,cb02db7930176d05964d3afe98f460ffa364f366
10.1037/mot0000097,1,successful,2021,cb02db7930176d05964d3afe98f460ffa364f366
10.1037/pas0001193,1,successful,2025,cb02db7930176d05964d3afe98f460ffa364f366
10.1037/per0000181,1,successful,2017,cb02db7930176d05964d3afe98f460ffa364f366
10.1037/pspa0000032,1,mixed,2021,cb02db7930176d05964d3afe98f460ffa364f366
10.1037/pspa0000093,1,mixed,2025,cb02db7930176d05964d3afe98f460ffa364f366
10.1037/pspa0000306,1,failed,2025,cb02db7930176d05964d3afe98f460ffa364f366
10.1037/pspa0000319,1,successful,2023,cb02db7930176d05964d3afe98f460ffa364f366
10.1037/pspi0000081,1,successful,2023,cb02db7930176d05964d3afe98f460ffa364f366
10.1037/pspi0000109,1,failed,2024,cb02db7930176d05964d3afe98f460ffa364f366
10.1037/pspi0000121,1,successful,2025,cb02db7930176d05964d3afe98f460ffa364f366
10.1037/pspi0000348,1,successful,2022,cb02db7930176d05964d3afe98f460ffa364f366
10.1037/pspi0000402,1,successful,2023,cb02db7930176d05964d3afe98f460ffa364f366
10.1037/pspp0000031,1,successful,2026,cb02db7930176d05964d3afe98f460ffa364f366
10.1037/pspp0000047,1,mixed,2021,cb02db7930176d05964d3afe98f460ffa364f366
10.1037/pspp0000068,1,mixed,2020,cb02db7930176d05964d3afe98f460ffa364f366
10.1037/pspp0000096,1,successful,2019,cb02db7930176d05964d3afe98f460ffa364f366
10.1037/pspp0000100,1,successful,2019,cb02db7930176d05964d3afe98f460ffa364f366
10.1037/pspp0000113,1,successful,2026,cb02db7930176d05964d3afe98f460ffa364f366
10.1037/pspp0000136,1,successful,2022,cb02db7930176d05964d3afe98f460ffa364f366
10.1037/pst0000015,1,failed,2022,cb02db7930176d05964d3afe98f460ffa364f366
10.1037/pst0000133,1,mixed,2020,cb02db7930176d05964d3afe98f460ffa364f366
10.1037/spq0000088,1,successful,2015,cb02db7930176d05964d3afe98f460ffa364f366
10.1037/t05147-000,1,successful,2013,cb02db7930176d05964d3afe98f460ffa364f366
10.1037/t71797-000,1,successful,2022,cb02db7930176d05964d3afe98f460ffa364f366
10.1037/t79666-000,1,mixed,2017,cb02db7930176d05964d3afe98f460ffa364f366
10.1037/tps0000068,1,failed,2020,cb02db7930176d05964d3afe98f460ffa364f366
10.1037/tra0000276,1,successful,2021,cb02db7930176d05964d3afe98f460ffa364f366
10.1037/vio0000187,1,mixed,2020,cb02db7930176d05964d3afe98f460ffa364f366
10.1037/xap0000408,1,successful,2026,cb02db7930176d05964d3afe98f460ffa364f366
10.1037/xge0000064,1,failed,2023,cb02db7930176d05964d3afe98f460ffa364f366
10.1037/xge0000157,1,failed,2025,cb02db7930176d05964d3afe98f460ffa364f366
10.1037/xge0000165,1,successful,2017,cb02db7930176d05964d3afe98f460ffa364f366
10.1037/xge0000182,1,mixed,2017,cb02db7930176d05964d3afe98f460ffa364f366
10.1037/xge0000232,1,failed,2025,cb02db7930176d05964d3afe98f460ffa364f366
10.1037/xge0000263,1,mixed,2023,cb02db7930176d05964d3afe98f460ffa364f366
10.1037/xge0000466,2,successful,2023,cb02db7930176d05964d3afe98f460ffa364f366
10.1037/xge0000738,1,failed,2023,cb02db7930176d05964d3afe98f460ffa364f366
10.1037/xge0001120,1,failed,2023,cb02db7930176d05964d3afe98f460ffa364f366
10.1037/xge0001195,1,mixed,2023,cb02db7930176d05964d3afe98f460ffa364f366
10.1037/xhp0000284,1,successful,2020,cb02db7930176d05964d3afe98f460ffa364f366
10.1037/xhp0000399,1,failed,2024,cb02db7930176d05964d3afe98f460ffa364f366
10.1037/xhp0000463,1,mixed,2020,cb02db7930176d05964d3afe98f460ffa364f366
10.1037/xhp0000541,1,mixed,2020,cb02db7930176d05964d3afe98f460ffa364f366
10.1037/xlm0000479,1,mixed,2023,cb02db7930176d05964d3afe98f460ffa364f366
10.1037/xlm0000530,1,mixed,2019,cb02db7930176d05964d3afe98f460ffa364f366
10.1037/xlm0000546,1,successful,2026,cb02db7930176d05964d3afe98f460ffa364f366
10.1038/282403a0,1,failed,1999,cb02db7930176d05964d3afe98f460ffa364f366
10.1038/358749a0,1,successful,1995,cb02db7930176d05964d3afe98f460ffa364f366
10.1038/365611a0,1,successful,2010,cb02db7930176d05964d3afe98f460ffa364f366
10.1038/mp.2011.132,1,failed,2016,cb02db7930176d05964d3afe98f460ffa364f366
10.1038/mp.2015.109,1,failed,2021,cb02db7930176d05964d3afe98f460ffa364f366
10.1038/mp.2015.32,1,failed,2018,cb02db7930176d05964d3afe98f460ffa364f366
10.1038/mp.2017.24,1,mixed,2018,cb02db7930176d05964d3afe98f460ffa364f366
10.1038/nature01647,1,failed,2011,cb02db7930176d05964d3afe98f460ffa364f366
10.1038/nature01930,1,failed,2016,cb02db7930176d05964d3afe98f460ffa364f366
10.1038/nature01960,1,failed,2009,cb02db7930176d05964d3afe98f460ffa364f366
10.1038/nature05724,1,mixed,2010,cb02db7930176d05964d3afe98f460ffa364f366
10.1038/nature06014,1,successful,2011,cb02db7930176d05964d3afe98f460ffa364f366
10.1038/nature06176,1,successful,2018,cb02db7930176d05964d3afe98f460ffa364f366
10.1038/nature06288,2,failed | mixed,2020,cb02db7930176d05964d3afe98f460ffa364f366
10.1038/nature08833,1,failed,2021,cb02db7930176d05964d3afe98f460ffa364f366
10.1038/nature09144,1,mixed,2020,cb02db7930176d05964d3afe98f460ffa364f366
10.1038/nature09208,1,successful,2021,cb02db7930176d05964d3afe98f460ffa364f366
10.1038/nature09557,1,mixed,2021,cb02db7930176d05964d3afe98f460ffa364f366
10.1038/nature09627,1,mixed,2021,cb02db7930176d05964d3afe98f460ffa364f366
10.1038/nature10509,1,mixed,2017,cb02db7930176d05964d3afe98f460ffa364f366
10.1038/nature10860,1,mixed,2021,cb02db7930176d05964d3afe98f460ffa364f366
10.1038/nature11005,1,mixed,2018,cb02db7930176d05964d3afe98f460ffa364f366
10.1038/nature11071,1,failed,2017,cb02db7930176d05964d3afe98f460ffa364f366
10.1038/nature11467,3,failed,2014,cb02db7930176d05964d3afe98f460ffa364f366
10.1038/nature12774,1,successful,2018,cb02db7930176d05964d3afe98f460ffa364f366
10.1038/nature13530,1,successful,2018,cb02db7930176d05964d3afe98f460ffa364f366
10.1038/nature13977,1,failed,2019,cb02db7930176d05964d3afe98f460ffa364f366
10.1038/nature15392,1,successful,2018,cb02db7930176d05964d3afe98f460ffa364f366
10.1038/ncb2048,1,mixed,2019,cb02db7930176d05964d3afe98f460ffa364f366
10.1038/nclimate2093,1,failed,2018,cb02db7930176d05964d3afe98f460ffa364f366
10.1038/ncomms1262,1,failed,2012,cb02db7930176d05964d3afe98f460ffa364f366
10.1038/ng.2007.47,1,successful,2008,cb02db7930176d05964d3afe98f460ffa364f366
10.1038/ng.2390,1,failed,2013,cb02db7930176d05964d3afe98f460ffa364f366
10.1038/ng.2520,1,failed,2014,cb02db7930176d05964d3afe98f460ffa364f366
10.1038/ng.2578,1,mixed,2014,cb02db7930176d05964d3afe98f460ffa364f366
10.1038/ng.2637,1,successful,2014,cb02db7930176d05964d3afe98f460ffa364f366
10.1038/ng.2802,3,failed | successful,2016,cb02db7930176d05964d3afe98f460ffa364f366
10.1038/ng.3246,1,mixed,2015,cb02db7930176d05964d3afe98f460ffa364f366
10.1038/ng.3434,1,mixed,2016,cb02db7930176d05964d3afe98f460ffa364f366
10.1038/ng.3598,1,mixed,2021,cb02db7930176d05964d3afe98f460ffa364f366
10.1038/ng.439,1,mixed,2011,cb02db7930176d05964d3afe98f460ffa364f366
10.1038/ng.485,1,mixed,2010,cb02db7930176d05964d3afe98f460ffa364f366
10.1038/ng.513,1,failed,2010,cb02db7930176d05964d3afe98f460ffa364f366
10.1038/ng.520,1,mixed,2010,cb02db7930176d05964d3afe98f460ffa364f366
10.1038/ng.584,1,successful,2010,cb02db7930176d05964d3afe98f460ffa364f366
10.1038/ng.635,1,mixed,2012,cb02db7930176d05964d3afe98f460ffa364f366
10.1038/ng.663,1,mixed,2013,cb02db7930176d05964d3afe98f460ffa364f366
10.1038/ng.81,1,failed,2011,cb02db7930176d05964d3afe98f460ffa364f366
10.1038/ng.974,2,successful,2012,cb02db7930176d05964d3afe98f460ffa364f366
10.1038/ng1732,1,successful,2010,cb02db7930176d05964d3afe98f460ffa364f366
10.1038/ng1808,1,successful,2011,cb02db7930176d05964d3afe98f460ffa364f366
10.1038/ng2048,1,successful,2011,cb02db7930176d05964d3afe98f460ffa364f366
10.1038/ng2101,1,mixed,2019,cb02db7930176d05964d3afe98f460ffa364f366
10.1038/ng2121,1,successful,2009,cb02db7930176d05964d3afe98f460ffa364f366
10.1038/nm.2284,1,failed,2019,cb02db7930176d05964d3afe98f460ffa364f366
10.1038/nm.2753,1,failed,2018,cb02db7930176d05964d3afe98f460ffa364f366
10.1038/nm.3466,1,failed,2016,cb02db7930176d05964d3afe98f460ffa364f366
10.1038/nm.4246,1,failed,2019,cb02db7930176d05964d3afe98f460ffa364f366
10.1038/nn.3973,1,failed,2018,cb02db7930176d05964d3afe98f460ffa364f366
10.1038/nn1029,1,successful,2014,cb02db7930176d05964d3afe98f460ffa364f366
10.1038/nn1066,1,failed,2020,cb02db7930176d05964d3afe98f460ffa364f366
10.1038/nn1504,1,mixed,2018,cb02db7930176d05964d3afe98f460ffa364f366
10.1038/nn1601,1,mixed,2011,cb02db7930176d05964d3afe98f460ffa364f366
10.1038/nn1979,1,failed,2019,cb02db7930176d05964d3afe98f460ffa364f366
10.1038/npp.2009.220,1,successful,2011,cb02db7930176d05964d3afe98f460ffa364f366
10.1038/oby.2005.12,1,successful,2024,cb02db7930176d05964d3afe98f460ffa364f366
10.1038/s41467-018-06785-y,1,mixed,2024,cb02db7930176d05964d3afe98f460ffa364f366
10.1038/s41467-019-12048-1,1,successful,2024,cb02db7930176d05964d3afe98f460ffa364f366
10.1038/s41467-020-17654-y,1,successful,2022,cb02db7930176d05964d3afe98f460ffa364f366
10.1038/s41467-021-25734-w,1,mixed,2024,cb02db7930176d05964d3afe98f460ffa364f366
10.1038/s41467-021-27323-3,1,mixed,2023,cb02db7930176d05964d3afe98f460ffa364f366
10.1038/s41467-022-28252-5,1,mixed,2026,cb02db7930176d05964d3afe98f460ffa364f366
10.1038/s41477-020-0732-1,1,failed,2022,cb02db7930176d05964d3afe98f460ffa364f366
10.1038/s41561-020-00674-0,1,failed,2024,cb02db7930176d05964d3afe98f460ffa364f366
10.1038/s41562-018-0399-z,1,failed,2021,cb02db7930176d05964d3afe98f460ffa364f366
10.1038/s41562-023-01594-w,1,successful,2025,cb02db7930176d05964d3afe98f460ffa364f366
10.1038/s41586-021-03380-y,1,successful,2022,cb02db7930176d05964d3afe98f460ffa364f366
10.1038/s41586-022-04452-3,1,failed,2022,cb02db7930176d05964d3afe98f460ffa364f366
10.1038/s41591-024-03283-1,1,mixed,2026,cb02db7930176d05964d3afe98f460ffa364f366
10.1038/s41593-021-00908-3,1,mixed,2025,cb02db7930176d05964d3afe98f460ffa364f366
10.1038/s41598-017-05456-0,1,successful,2019,cb02db7930176d05964d3afe98f460ffa364f366
10.1038/s41598-017-10669-4,1,successful,2021,cb02db7930176d05964d3afe98f460ffa364f366
10.1038/s41598-018-30314-y,1,mixed,2023,cb02db7930176d05964d3afe98f460ffa364f366
10.1038/s41598-018-31129-7,1,statistically successful but flawed,2021,cb02db7930176d05964d3afe98f460ffa364f366
10.1038/s41598-019-57204-1,1,mixed,2023,cb02db7930176d05964d3afe98f460ffa364f366
10.1038/s41598-021-81148-0,1,failed,2026,cb02db7930176d05964d3afe98f460ffa364f366
10.1038/s41598-021-89023-8,1,successful,2023,cb02db7930176d05964d3afe98f460ffa364f366
10.1038/s41598-022-24919-7,1,successful,2024,cb02db7930176d05964d3afe98f460ffa364f366
10.1038/sj.mp.4000345,1,mixed,2003,cb02db7930176d05964d3afe98f460ffa364f366
10.1038/sj.mp.4000515,1,failed,2000,cb02db7930176d05964d3afe98f460ffa364f366
10.1038/sj.mp.4001437,1,successful,2005,cb02db7930176d05964d3afe98f460ffa364f366
10.1038/sj.mp.4001753,1,mixed,2011,cb02db7930176d05964d3afe98f460ffa364f366
10.1038/srep05304,1,successful,2018,cb02db7930176d05964d3afe98f460ffa364f366
10.1038/srep30423,1,failed,2019,cb02db7930176d05964d3afe98f460ffa364f366
10.1038/srep38427,1,failed,2020,cb02db7930176d05964d3afe98f460ffa364f366
10.1038/tp.2017.146,1,successful,2025,cb02db7930176d05964d3afe98f460ffa364f366
10.1039/c7rp00238f,1,successful,2020,cb02db7930176d05964d3afe98f460ffa364f366
10.1044/jshd.4301.47,1,failed,2018,cb02db7930176d05964d3afe98f460ffa364f366
10.1044/jslhr.4306.1440,1,successful,2003,cb02db7930176d05964d3afe98f460ffa364f366
10.1046/j.1369-6513.2002.00191.x,1,mixed,2014,cb02db7930176d05964d3afe98f460ffa364f366
10.1053/j.gastro.2014.04.022,1,successful,2016,cb02db7930176d05964d3afe98f460ffa364f366
10.1055/s-0030-1249773,1,failed,2021,cb02db7930176d05964d3afe98f460ffa364f366
10.1055/s-0041-111172,1,successful,2022,cb02db7930176d05964d3afe98f460ffa364f366
10.1056/nejmoa073493,2,mixed | successful,2008,cb02db7930176d05964d3afe98f460ffa364f366
10.1056/nejmoa0903753,1,successful,2014,cb02db7930176d05964d3afe98f460ffa364f366
10.1056/nejmoa1007064,2,successful,2011,cb02db7930176d05964d3afe98f460ffa364f366
10.1057/ejis.2009.6,1,mixed,2018,cb02db7930176d05964d3afe98f460ffa364f366
10.1057/palgrave.jibs.8490825,1,mixed,2023,cb02db7930176d05964d3afe98f460ffa364f366
10.1057/s41599-019-0279-9,1,successful,2020,cb02db7930176d05964d3afe98f460ffa364f366
10.1068/p080413,1,failed,2015,cb02db7930176d05964d3afe98f460ffa364f366
10.1068/p6254,1,failed,2023,cb02db7930176d05964d3afe98f460ffa364f366
10.1068/p7663,1,failed,2018,cb02db7930176d05964d3afe98f460ffa364f366
10.1073/pnas.0505454102,1,failed,2016,cb02db7930176d05964d3afe98f460ffa364f366
10.1073/pnas.0607716103,1,successful,2016,cb02db7930176d05964d3afe98f460ffa364f366
10.1073/pnas.0711555105,1,failed,2012,cb02db7930176d05964d3afe98f460ffa364f366
10.1073/pnas.0801030105,1,mixed,2010,cb02db7930176d05964d3afe98f460ffa364f366
10.1073/pnas.0803768105,1,failed,2013,cb02db7930176d05964d3afe98f460ffa364f366
10.1073/pnas.0804388105,1,failed,2019,cb02db7930176d05964d3afe98f460ffa364f366
10.1073/pnas.0805867105,1,mixed,2012,cb02db7930176d05964d3afe98f460ffa364f366
10.1073/pnas.0811323106,1,failed,2023,cb02db7930176d05964d3afe98f460ffa364f366
10.1073/pnas.0908963106,1,successful,2023,cb02db7930176d05964d3afe98f460ffa364f366
10.1073/pnas.0910967107,1,successful,2021,cb02db7930176d05964d3afe98f460ffa364f366
10.1073/pnas.1009906107,2,failed | mixed,2015,cb02db7930176d05964d3afe98f460ffa364f366
10.1073/pnas.1015493108,1,successful,2016,cb02db7930176d05964d3afe98f460ffa364f366
10.1073/pnas.1103343108,2,failed,2017,cb02db7930176d05964d3afe98f460ffa364f366
10.1073/pnas.1113380109,1,successful,2014,cb02db7930176d05964d3afe98f460ffa364f366
10.1073/pnas.1118373109,3,failed | mixed,2017,cb02db7930176d05964d3afe98f460ffa364f366
10.1073/pnas.1121623109,1,mixed,2017,cb02db7930176d05964d3afe98f460ffa364f366
10.1073/pnas.1202129109,1,mixed,2023,cb02db7930176d05964d3afe98f460ffa364f366
10.1073/pnas.1209746109,1,failed,2020,cb02db7930176d05964d3afe98f460ffa364f366
10.1073/pnas.1211645109,1,successful,2018,cb02db7930176d05964d3afe98f460ffa364f366
10.1073/pnas.1216438110,1,successful,2023,cb02db7930176d05964d3afe98f460ffa364f366
10.1073/pnas.1217854110,1,failed,2020,cb02db7930176d05964d3afe98f460ffa364f366
10.1073/pnas.1321202111,1,mixed,2025,cb02db7930176d05964d3afe98f460ffa364f366
10.1073/pnas.1407535111,1,successful,2021,cb02db7930176d05964d3afe98f460ffa364f366
10.1073/pnas.1421435112,1,failed,2019,cb02db7930176d05964d3afe98f460ffa364f366
10.1073/pnas.1423035112,1,mixed,2017,cb02db7930176d05964d3afe98f460ffa364f366
10.1073/pnas.1501592112,1,failed,2024,cb02db7930176d05964d3afe98f460ffa364f366
10.1073/pnas.1505067112,1,successful,2024,cb02db7930176d05964d3afe98f460ffa364f366
10.1073/pnas.1506076112,1,successful,2020,cb02db7930176d05964d3afe98f460ffa364f366
10.1073/pnas.1508932113,1,successful,2024,cb02db7930176d05964d3afe98f460ffa364f366
10.1073/pnas.1511536112,1,failed,2024,cb02db7930176d05964d3afe98f460ffa364f366
10.1073/pnas.1516047113,1,failed,2024,cb02db7930176d05964d3afe98f460ffa364f366
10.1073/pnas.1516868113,1,failed,2024,cb02db7930176d05964d3afe98f460ffa364f366
10.1073/pnas.1517662112,1,failed,2024,cb02db7930176d05964d3afe98f460ffa364f366
10.1073/pnas.1519401113,1,successful,2024,cb02db7930176d05964d3afe98f460ffa364f366
10.1073/pnas.1520027113,1,failed,2020,cb02db7930176d05964d3afe98f460ffa364f366
10.1073/pnas.1523586113,2,failed,2018,cb02db7930176d05964d3afe98f460ffa364f366
10.1073/pnas.1523698113,1,mixed,2023,cb02db7930176d05964d3afe98f460ffa364f366
10.1073/pnas.1601280113,1,failed,2024,cb02db7930176d05964d3afe98f460ffa364f366
10.1073/pnas.1606574113,1,successful,2024,cb02db7930176d05964d3afe98f460ffa364f366
10.1073/pnas.1607330114,1,failed,2024,cb02db7930176d05964d3afe98f460ffa364f366
10.1073/pnas.1610834113,1,failed,2024,cb02db7930176d05964d3afe98f460ffa364f366
10.1073/pnas.1616921114,1,successful,2024,cb02db7930176d05964d3afe98f460ffa364f366
10.1073/pnas.1618923114,1,successful,2025,cb02db7930176d05964d3afe98f460ffa364f366
10.1073/pnas.1619717114,1,successful,2019,cb02db7930176d05964d3afe98f460ffa364f366
10.1073/pnas.1620542114,1,successful,2024,cb02db7930176d05964d3afe98f460ffa364f366
10.1073/pnas.1701916114,1,successful,2024,cb02db7930176d05964d3afe98f460ffa364f366
10.1073/pnas.1704032114,1,successful,2024,cb02db7930176d05964d3afe98f460ffa364f366
10.1073/pnas.1705238114,1,successful,2024,cb02db7930176d05964d3afe98f460ffa364f366
10.1073/pnas.1706253114,1,successful,2024,cb02db7930176d05964d3afe98f460ffa364f366
10.1073/pnas.1706913114,1,successful,2024,cb02db7930176d05964d3afe98f460ffa364f366
10.1073/pnas.1707040114,1,failed,2024,cb02db7930176d05964d3afe98f460ffa364f366
10.1073/pnas.1707719114,1,successful,2024,cb02db7930176d05964d3afe98f460ffa364f366
10.1073/pnas.1717092115,1,successful,2024,cb02db7930176d05964d3afe98f460ffa364f366
10.1073/pnas.1722664115,1,failed,2024,cb02db7930176d05964d3afe98f460ffa364f366
10.1073/pnas.1805284115,1,failed,2024,cb02db7930176d05964d3afe98f460ffa364f366
10.1073/pnas.1805327115,1,successful,2024,cb02db7930176d05964d3afe98f460ffa364f366
10.1073/pnas.1908369116,1,successful,2024,cb02db7930176d05964d3afe98f460ffa364f366
10.1073/pnas.192579399,1,mixed,2012,cb02db7930176d05964d3afe98f460ffa364f366
10.1073/pnas.2009030117,1,mixed,2023,cb02db7930176d05964d3afe98f460ffa364f366
10.1073/pnas.2014505117,1,mixed,2023,cb02db7930176d05964d3afe98f460ffa364f366
10.1073/pnas.2022819118,1,mixed,2023,cb02db7930176d05964d3afe98f460ffa364f366
10.1073/pnas.2026447118,1,successful,2025,cb02db7930176d05964d3afe98f460ffa364f366
10.1073/pnas.2109373119,1,failed,2025,cb02db7930176d05964d3afe98f460ffa364f366
10.1073/pnas.2120668119,1,successful,2023,cb02db7930176d05964d3afe98f460ffa364f366
10.1073/pnas.2202700119,1,successful,2024,cb02db7930176d05964d3afe98f460ffa364f366
10.1073/pnas.2209414120,1,mixed,2025,cb02db7930176d05964d3afe98f460ffa364f366
10.1073/pnas.2218961120,1,failed,2024,cb02db7930176d05964d3afe98f460ffa364f366
10.1073/pnas.251541498,1,successful,2014,cb02db7930176d05964d3afe98f460ffa364f366
10.1075/arcl.7.07gri,1,successful,2022,cb02db7930176d05964d3afe98f460ffa364f366
10.1075/jslp.22013.tel,1,failed,2024,cb02db7930176d05964d3afe98f460ffa364f366
10.1075/jsls.20004.cho,1,successful,2025,cb02db7930176d05964d3afe98f460ffa364f366
10.1075/resla.17019.loz,1,failed,2024,cb02db7930176d05964d3afe98f460ffa364f366
10.1075/sibil.9.05bre,1,successful,2010,cb02db7930176d05964d3afe98f460ffa364f366
10.1079/hai.2018.0021,1,successful,2023,cb02db7930176d05964d3afe98f460ffa364f366
10.1080/00036840500462020,1,failed,2015,cb02db7930176d05964d3afe98f460ffa364f366
10.1080/00036849108841061,1,mixed,1998,cb02db7930176d05964d3afe98f460ffa364f366
10.1080/00048670802653364,1,mixed,2020,cb02db7930176d05964d3afe98f460ffa364f366
10.1080/00140139608964474,1,failed,2021,cb02db7930176d05964d3afe98f460ffa364f366
10.1080/00207146508412939,1,failed,1990,cb02db7930176d05964d3afe98f460ffa364f366
10.1080/00207590344000178,1,mixed,2026,cb02db7930176d05964d3afe98f460ffa364f366
10.1080/00208825.1980.11656300,1,successful,2014,cb02db7930176d05964d3afe98f460ffa364f366
10.1080/00223891.2013.806327,1,successful,2020,cb02db7930176d05964d3afe98f460ffa364f366
10.1080/00224545.2016.1270892,1,failed,2021,cb02db7930176d05964d3afe98f460ffa364f366
10.1080/00224545.2020.1796567,1,mixed,2025,cb02db7930176d05964d3afe98f460ffa364f366
10.1080/00344893.2022.2037699,1,successful,2025,cb02db7930176d05964d3afe98f460ffa364f366
10.1080/00913367.2004.10639175,1,successful,2015,cb02db7930176d05964d3afe98f460ffa364f366
10.1080/009262300278597,1,successful,2010,cb02db7930176d05964d3afe98f460ffa364f366
10.1080/01411926.2010.538468,1,mixed,2013,cb02db7930176d05964d3afe98f460ffa364f366
10.1080/0144341850050206,1,successful,1986,cb02db7930176d05964d3afe98f460ffa364f366
10.1080/016396299266524,1,mixed,2010,cb02db7930176d05964d3afe98f460ffa364f366
10.1080/01690960701402933,1,failed,2014,cb02db7930176d05964d3afe98f460ffa364f366
10.1080/01690960802164242,1,successful,2018,cb02db7930176d05964d3afe98f460ffa364f366
10.1080/01690960802250900,1,failed,2024,cb02db7930176d05964d3afe98f460ffa364f366
10.1080/01690965.2011.622905,1,mixed,2023,cb02db7930176d05964d3afe98f460ffa364f366
10.1080/02640414.2020.1785727,1,failed,2025,cb02db7930176d05964d3afe98f460ffa364f366
10.1080/02640414.2020.1788288,1,failed,2025,cb02db7930176d05964d3afe98f460ffa364f366
10.1080/02687030600631827,1,successful,2011,cb02db7930176d05964d3afe98f460ffa364f366
10.1080/026990599121494,1,failed,2016,cb02db7930176d05964d3afe98f460ffa364f366
10.1080/02699930802652388,1,failed,2016,cb02db7930176d05964d3afe98f460ffa364f366
10.1080/02699931.2013.832653,1,successful,2015,cb02db7930176d05964d3afe98f460ffa364f366
10.1080/02699931.2015.1059317,1,successful,2020,cb02db7930176d05964d3afe98f460ffa364f366
10.1080/02699931.2016.1273201,1,mixed,2022,cb02db7930176d05964d3afe98f460ffa364f366
10.1080/02699931.2017.1394817,1,successful,2020,cb02db7930176d05964d3afe98f460ffa364f366
10.1080/026999398379411,1,successful,1999,cb02db7930176d05964d3afe98f460ffa364f366
10.1080/02701367.2005.10599260,1,successful,2014,cb02db7930176d05964d3afe98f460ffa364f366
10.1080/02796015.2011.12087729,1,mixed,2020,cb02db7930176d05964d3afe98f460ffa364f366
10.1080/03004430215103,1,successful,2015,cb02db7930176d05964d3afe98f460ffa364f366
10.1080/03634520109379232,1,successful,2018,cb02db7930176d05964d3afe98f460ffa364f366
10.1080/03634520216516,1,failed,2018,cb02db7930176d05964d3afe98f460ffa364f366
10.1080/03634529909379152,1,successful,2018,cb02db7930176d05964d3afe98f460ffa364f366
10.1080/07350015.1995.10524601,1,successful,2015,cb02db7930176d05964d3afe98f460ffa364f366
10.1080/07350015.2019.1637745,1,mixed,2024,cb02db7930176d05964d3afe98f460ffa364f366
10.1080/07421222.2017.1394083,1,mixed,2020,cb02db7930176d05964d3afe98f460ffa364f366
10.1080/07421656.2005.10129441,1,successful,2012,cb02db7930176d05964d3afe98f460ffa364f366
10.1080/08824096.2018.1525347,1,mixed,2022,cb02db7930176d05964d3afe98f460ffa364f366
10.1080/08853134.1990.10753824,1,mixed,2011,cb02db7930176d05964d3afe98f460ffa364f366
10.1080/08941920802039804,1,successful,2011,cb02db7930176d05964d3afe98f460ffa364f366
10.1080/09084282.2010.523365,1,successful,2011,cb02db7930176d05964d3afe98f460ffa364f366
10.1080/09084282.2011.643966,1,successful,2021,cb02db7930176d05964d3afe98f460ffa364f366
10.1080/09515080307771,1,successful,2018,cb02db7930176d05964d3afe98f460ffa364f366
10.1080/0951508042000202354,1,successful,2018,cb02db7930176d05964d3afe98f460ffa364f366
10.1080/09515080500177309,1,successful,2018,cb02db7930176d05964d3afe98f460ffa364f366
10.1080/09515080500264180,1,successful,2018,cb02db7930176d05964d3afe98f460ffa364f366
10.1080/09515080801978777,1,successful,2018,cb02db7930176d05964d3afe98f460ffa364f366
10.1080/09515080902802769,1,failed,2018,cb02db7930176d05964d3afe98f460ffa364f366
10.1080/09515080903532290,1,successful,2018,cb02db7930176d05964d3afe98f460ffa364f366
10.1080/09515089.2014.894431,1,successful,2018,cb02db7930176d05964d3afe98f460ffa364f366
10.1080/0958519032000114237,2,mixed | successful,2010,cb02db7930176d05964d3afe98f460ffa364f366
10.1080/09602010500145620,1,successful,2017,cb02db7930176d05964d3afe98f460ffa364f366
10.1080/10400419.2011.595974,1,successful,2013,cb02db7930176d05964d3afe98f460ffa364f366
10.1080/10447318.2011.595621,1,failed,2016,cb02db7930176d05964d3afe98f460ffa364f366
10.1080/1045988x.2012.701252,1,successful,2019,cb02db7930176d05964d3afe98f460ffa364f366
10.1080/10503307.2012.731088,1,successful,2025,cb02db7930176d05964d3afe98f460ffa364f366
10.1080/10503307.2014.963730,1,successful,2020,cb02db7930176d05964d3afe98f460ffa364f366
10.1080/10508619.2019.1591140,1,failed,2020,cb02db7930176d05964d3afe98f460ffa364f366
10.1080/10584609.1994.9963030,1,successful,1998,cb02db7930176d05964d3afe98f460ffa364f366
10.1080/10615806.2021.1888933,1,mixed,2026,cb02db7930176d05964d3afe98f460ffa364f366
10.1080/1068316x.2010.515987,1,failed,2023,cb02db7930176d05964d3afe98f460ffa364f366
10.1080/10810730.2018.1472316,1,successful,2025,cb02db7930176d05964d3afe98f460ffa364f366
10.1080/10862967409547072,1,successful,1974,cb02db7930176d05964d3afe98f460ffa364f366
10.1080/10888430701746849,1,mixed,2013,cb02db7930176d05964d3afe98f460ffa364f366
10.1080/135048500444804,1,mixed,2019,cb02db7930176d05964d3afe98f460ffa364f366
10.1080/13638490400024036,1,successful,2012,cb02db7930176d05964d3afe98f460ffa364f366
10.1080/13669877.2018.1443491,1,failed,2023,cb02db7930176d05964d3afe98f460ffa364f366
10.1080/13674676.2023.2293831,1,successful,2026,cb02db7930176d05964d3afe98f460ffa364f366
10.1080/13698240903403915,1,failed,2012,cb02db7930176d05964d3afe98f460ffa364f366
10.1080/13811118.2021.1922110,1,failed,2021,cb02db7930176d05964d3afe98f460ffa364f366
10.1080/13869790600641905,1,successful,2018,cb02db7930176d05964d3afe98f460ffa364f366
10.1080/14640746808400158,1,successful,2020,cb02db7930176d05964d3afe98f460ffa364f366
10.1080/14659891.2019.1642405,1,successful,2025,cb02db7930176d05964d3afe98f460ffa364f366
10.1080/14719037.2013.822532,1,mixed,2025,cb02db7930176d05964d3afe98f460ffa364f366
10.1080/15475441.2019.1676751,1,successful,2025,cb02db7930176d05964d3afe98f460ffa364f366
10.1080/15622975.2016.1190033,1,failed,2025,cb02db7930176d05964d3afe98f460ffa364f366
10.1080/16506073.2018.1475505,1,successful,2025,cb02db7930176d05964d3afe98f460ffa364f366
10.1080/17461391.2017.1308560,1,successful,2025,cb02db7930176d05964d3afe98f460ffa364f366
10.1080/17461391.2017.1333159,1,successful,2025,cb02db7930176d05964d3afe98f460ffa364f366
10.1080/17461391.2018.1431311,1,failed,2021,cb02db7930176d05964d3afe98f460ffa364f366
10.1080/17461391.2018.1537378,1,failed,2025,cb02db7930176d05964d3afe98f460ffa364f366
10.1080/17461391.2020.1733671,1,successful,2025,cb02db7930176d05964d3afe98f460ffa364f366
10.1080/17470215908416289,1,successful,2021,cb02db7930176d05964d3afe98f460ffa364f366
10.1080/17470216408416356,1,failed,1969,cb02db7930176d05964d3afe98f460ffa364f366
10.1080/17470218.2013.777084,1,failed,2020,cb02db7930176d05964d3afe98f460ffa364f366
10.1080/17470910701563681,1,mixed,2019,cb02db7930176d05964d3afe98f460ffa364f366
10.1080/20008198.2019.1686806,1,successful,2021,cb02db7930176d05964d3afe98f460ffa364f366
10.1080/20445911.2023.2198065,1,failed,2026,cb02db7930176d05964d3afe98f460ffa364f366
10.1080/23273798.2018.1431397,1,mixed,2023,cb02db7930176d05964d3afe98f460ffa364f366
10.1080/23273798.2020.1762905,1,mixed,2023,cb02db7930176d05964d3afe98f460ffa364f366
10.1080/23273798.2020.1810292,1,successful,2024,cb02db7930176d05964d3afe98f460ffa364f366
10.1080/23808985.1987.11678663,1,successful,2018,cb02db7930176d05964d3afe98f460ffa364f366
10.1080/27691616.2025.2480830,1,mixed,2026,cb02db7930176d05964d3afe98f460ffa364f366
10.1086/208911,1,successful,2018,cb02db7930176d05964d3afe98f460ffa364f366
10.1086/209200,1,mixed,2013,cb02db7930176d05964d3afe98f460ffa364f366
10.1086/209397,1,mixed,2012,cb02db7930176d05964d3afe98f460ffa364f366
10.1086/209825,1,mixed,2012,cb02db7930176d05964d3afe98f460ffa364f366
10.1086/260470,1,successful,2019,cb02db7930176d05964d3afe98f460ffa364f366
10.1086/260572,1,mixed,1977,cb02db7930176d05964d3afe98f460ffa364f366
10.1086/261649,1,failed,2005,cb02db7930176d05964d3afe98f460ffa364f366
10.1086/261674,1,failed,2004,cb02db7930176d05964d3afe98f460ffa364f366
10.1086/268936,1,successful,2014,cb02db7930176d05964d3afe98f460ffa364f366
10.1086/269138,1,successful,1991,cb02db7930176d05964d3afe98f460ffa364f366
10.1086/269239,1,failed,2018,cb02db7930176d05964d3afe98f460ffa364f366
10.1086/298261,1,failed,2004,cb02db7930176d05964d3afe98f460ffa364f366
10.1086/321015,1,successful,2024,cb02db7930176d05964d3afe98f460ffa364f366
10.1086/374383,1,failed,2004,cb02db7930176d05964d3afe98f460ffa364f366
10.1086/378133,1,successful,2006,cb02db7930176d05964d3afe98f460ffa364f366
10.1086/383422,1,mixed,2022,cb02db7930176d05964d3afe98f460ffa364f366
10.1086/427464,1,failed,2011,cb02db7930176d05964d3afe98f460ffa364f366
10.1086/500990,1,successful,2021,cb02db7930176d05964d3afe98f460ffa364f366
10.1086/511799,1,mixed,2023,cb02db7930176d05964d3afe98f460ffa364f366
10.1086/511995,1,failed,2017,cb02db7930176d05964d3afe98f460ffa364f366
10.1086/529000,1,mixed,2024,cb02db7930176d05964d3afe98f460ffa364f366
10.1086/597030,1,failed,2025,cb02db7930176d05964d3afe98f460ffa364f366
10.1086/597176,1,mixed,2025,cb02db7930176d05964d3afe98f460ffa364f366
10.1086/598971,1,failed,2024,cb02db7930176d05964d3afe98f460ffa364f366
10.1086/648381,1,failed,2024,cb02db7930176d05964d3afe98f460ffa364f366
10.1086/653487,1,successful,2025,cb02db7930176d05964d3afe98f460ffa364f366
10.1086/656252,1,successful,2019,cb02db7930176d05964d3afe98f460ffa364f366
10.1086/658469,1,failed,2025,cb02db7930176d05964d3afe98f460ffa364f366
10.1086/661531,1,failed,2022,cb02db7930176d05964d3afe98f460ffa364f366
10.1086/661890,1,failed,2022,cb02db7930176d05964d3afe98f460ffa364f366
10.1086/662130,1,failed,2026,cb02db7930176d05964d3afe98f460ffa364f366
10.1086/668417,1,failed,2026,cb02db7930176d05964d3afe98f460ffa364f366
10.1086/668503,1,mixed,2020,cb02db7930176d05964d3afe98f460ffa364f366
10.1086/669122,1,failed,2022,cb02db7930176d05964d3afe98f460ffa364f366
10.1086/669476,1,failed,2022,cb02db7930176d05964d3afe98f460ffa364f366
10.1086/670020,1,failed,2020,cb02db7930176d05964d3afe98f460ffa364f366
10.1086/670394,1,failed,2026,cb02db7930176d05964d3afe98f460ffa364f366
10.1086/673256,1,failed,2020,cb02db7930176d05964d3afe98f460ffa364f366
10.1086/676333,1,successful,2026,cb02db7930176d05964d3afe98f460ffa364f366
10.1086/678035,1,successful,2026,cb02db7930176d05964d3afe98f460ffa364f366
10.1086/678193,1,failed,2024,cb02db7930176d05964d3afe98f460ffa364f366
10.1086/678484,1,failed,2018,cb02db7930176d05964d3afe98f460ffa364f366
10.1086/679118,1,failed,2019,cb02db7930176d05964d3afe98f460ffa364f366
10.1086/680670,1,failed,2026,cb02db7930176d05964d3afe98f460ffa364f366
10.1086/686249,1,successful,2020,cb02db7930176d05964d3afe98f460ffa364f366
10.1086/688585,1,mixed,2017,cb02db7930176d05964d3afe98f460ffa364f366
10.1086/691462,2,failed,2021,cb02db7930176d05964d3afe98f460ffa364f366
10.1086/691684,1,mixed,2018,cb02db7930176d05964d3afe98f460ffa364f366
10.1086/698750,2,failed | successful,2025,cb02db7930176d05964d3afe98f460ffa364f366
10.1086/704385,1,mixed,2026,cb02db7930176d05964d3afe98f460ffa364f366
10.1086/ntj41789364,1,failed,2007,cb02db7930176d05964d3afe98f460ffa364f366
10.1089/cyber.2015.0311,1,successful,2024,cb02db7930176d05964d3afe98f460ffa364f366
10.1089/cyber.2016.0530,1,failed,2023,cb02db7930176d05964d3afe98f460ffa364f366
10.1089/glre.2017.2134,1,successful,2021,cb02db7930176d05964d3afe98f460ffa364f366
10.1093/acprof:oso/9780190205782.001.0001,1,successful,2022,cb02db7930176d05964d3afe98f460ffa364f366
10.1093/acprof:osobl/9780199927418.003.0013,1,failed,2014,cb02db7930176d05964d3afe98f460ffa364f366
10.1093/aesthj/ayu027,1,successful,2018,cb02db7930176d05964d3afe98f460ffa364f366
10.1093/ageing/afx128,1,successful,2019,cb02db7930176d05964d3afe98f460ffa364f366
10.1093/ajae/aas023,1,successful,2023,cb02db7930176d05964d3afe98f460ffa364f366
10.1093/analys/63.3.190,2,successful,2018,cb02db7930176d05964d3afe98f460ffa364f366
10.1093/applin/amp016,1,mixed,2019,cb02db7930176d05964d3afe98f460ffa364f366
10.1093/applin/amv060,1,mixed,2020,cb02db7930176d05964d3afe98f460ffa364f366
10.1093/brain/awq035,1,mixed,2014,cb02db7930176d05964d3afe98f460ffa364f366
10.1093/brain/awq154,1,successful,2013,cb02db7930176d05964d3afe98f460ffa364f366
10.1093/carcin/bgr100,1,successful,2016,cb02db7930176d05964d3afe98f460ffa364f366
10.1093/deafed/eng009,1,successful,2004,cb02db7930176d05964d3afe98f460ffa364f366
10.1093/erae/jbt006,1,successful,2022,cb02db7930176d05964d3afe98f460ffa364f366
10.1093/esr/jcs057,1,successful,2025,cb02db7930176d05964d3afe98f460ffa364f366
10.1093/esr/jcw008,1,failed,2025,cb02db7930176d05964d3afe98f460ffa364f366
10.1093/esr/jcx078,1,successful,2025,cb02db7930176d05964d3afe98f460ffa364f366
10.1093/geronb/gbx099,1,failed,2023,cb02db7930176d05964d3afe98f460ffa364f366
10.1093/her/cyl160,1,successful,2013,cb02db7930176d05964d3afe98f460ffa364f366
10.1093/hmg/ddm352,1,successful,2010,cb02db7930176d05964d3afe98f460ffa364f366
10.1093/hmg/ddp542,1,successful,2010,cb02db7930176d05964d3afe98f460ffa364f366
10.1093/hmg/ddq571,1,failed,2014,cb02db7930176d05964d3afe98f460ffa364f366
10.1093/hmg/ddr268,1,failed,2015,cb02db7930176d05964d3afe98f460ffa364f366
10.1093/ije/dyt028,1,failed,2014,cb02db7930176d05964d3afe98f460ffa364f366
10.1093/jae/ejaa010,1,successful,2023,cb02db7930176d05964d3afe98f460ffa364f366
10.1093/jamia/ocv046,1,successful,2016,cb02db7930176d05964d3afe98f460ffa364f366
10.1093/jamia/ocx073,1,successful,2018,cb02db7930176d05964d3afe98f460ffa364f366
10.1093/jcr/ucaa006,1,failed,2020,cb02db7930176d05964d3afe98f460ffa364f366
10.1093/jcr/ucaa019,1,failed,2021,cb02db7930176d05964d3afe98f460ffa364f366
10.1093/jcr/ucv007,1,successful,2021,cb02db7930176d05964d3afe98f460ffa364f366
10.1093/jcr/ucv023,1,failed,2021,cb02db7930176d05964d3afe98f460ffa364f366
10.1093/jcr/ucv048,1,mixed,2021,cb02db7930176d05964d3afe98f460ffa364f366
10.1093/jcr/ucv049,1,failed,2022,cb02db7930176d05964d3afe98f460ffa364f366
10.1093/jcr/ucv051,1,failed,2021,cb02db7930176d05964d3afe98f460ffa364f366
10.1093/jcr/ucw008,1,failed,2022,cb02db7930176d05964d3afe98f460ffa364f366
10.1093/jcr/ucw044,1,successful,2026,cb02db7930176d05964d3afe98f460ffa364f366
10.1093/jcr/ucw056,1,failed,2021,cb02db7930176d05964d3afe98f460ffa364f366
10.1093/jcr/ucx039,1,failed,2022,cb02db7930176d05964d3afe98f460ffa364f366
10.1093/jcr/ucx066,1,mixed,2021,cb02db7930176d05964d3afe98f460ffa364f366
10.1093/jcr/ucx067,1,successful,2025,cb02db7930176d05964d3afe98f460ffa364f366
10.1093/jcr/ucx109,1,mixed,2025,cb02db7930176d05964d3afe98f460ffa364f366
10.1093/jcr/ucy082,1,successful,2020,cb02db7930176d05964d3afe98f460ffa364f366
10.1093/jcr/ucz022,1,failed,2020,cb02db7930176d05964d3afe98f460ffa364f366
10.1093/jcr/ucz028,1,failed,2020,cb02db7930176d05964d3afe98f460ffa364f366
10.1093/jcr/ucz031,1,mixed,2020,cb02db7930176d05964d3afe98f460ffa364f366
10.1093/joc/jqx008,1,failed,2021,cb02db7930176d05964d3afe98f460ffa364f366
10.1093/jopart/muaa033,1,mixed,2025,cb02db7930176d05964d3afe98f460ffa364f366
10.1093/jopart/mui019,1,mixed,2022,cb02db7930176d05964d3afe98f460ffa364f366
10.1093/jopart/muu006,1,failed,2016,cb02db7930176d05964d3afe98f460ffa364f366
10.1093/jopart/muu053,1,successful,2024,cb02db7930176d05964d3afe98f460ffa364f366
10.1093/jopart/muw063,1,successful,2019,cb02db7930176d05964d3afe98f460ffa364f366
10.1093/jos/ffr009,1,failed,2016,cb02db7930176d05964d3afe98f460ffa364f366
10.1093/med/9780195390841.003.0021,1,successful,2018,cb02db7930176d05964d3afe98f460ffa364f366
10.1093/milmed/usac028,1,successful,2023,cb02db7930176d05964d3afe98f460ffa364f366
10.1093/nc/niab025,1,mixed,2023,cb02db7930176d05964d3afe98f460ffa364f366
10.1093/oxfordhb/9780195309799.013.0022,1,failed,2014,cb02db7930176d05964d3afe98f460ffa364f366
10.1093/pan/mpr057,1,mixed,2019,cb02db7930176d05964d3afe98f460ffa364f366
10.1093/poq/nfm056,1,failed,2021,cb02db7930176d05964d3afe98f460ffa364f366
10.1093/poq/nfx042,1,successful,2023,cb02db7930176d05964d3afe98f460ffa364f366
10.1093/ptj/85.6.515,1,failed,2013,cb02db7930176d05964d3afe98f460ffa364f366
10.1093/qje/120.2.424,1,failed,2010,cb02db7930176d05964d3afe98f460ffa364f366
10.1093/qje/qjr029,2,successful,2015,cb02db7930176d05964d3afe98f460ffa364f366
10.1093/qje/qjr034,1,failed,2016,cb02db7930176d05964d3afe98f460ffa364f366
10.1093/qje/qjt006,1,failed,2022,cb02db7930176d05964d3afe98f460ffa364f366
10.1093/qje/qjt035,1,failed,2016,cb02db7930176d05964d3afe98f460ffa364f366
10.1093/qje/qju031,1,successful,2019,cb02db7930176d05964d3afe98f460ffa364f366
10.1093/qje/qjv001,1,failed,2021,cb02db7930176d05964d3afe98f460ffa364f366
10.1093/qje/qjw034,1,successful,2019,cb02db7930176d05964d3afe98f460ffa364f366
10.1093/qje/qjy007,1,successful,2020,cb02db7930176d05964d3afe98f460ffa364f366
10.1093/restud/rdr027,1,successful,2020,cb02db7930176d05964d3afe98f460ffa364f366
10.1093/restud/rdt040,1,successful,2023,cb02db7930176d05964d3afe98f460ffa364f366
10.1093/rfs/hhp008,1,mixed,2025,cb02db7930176d05964d3afe98f460ffa364f366
10.1093/rfs/hhr027,1,successful,2026,cb02db7930176d05964d3afe98f460ffa364f366
10.1093/rfs/hhy109,1,failed,2024,cb02db7930176d05964d3afe98f460ffa364f366
10.1093/rof/rfv016,1,failed,2024,cb02db7930176d05964d3afe98f460ffa364f366
10.1093/scan/nsn004,1,successful,2015,cb02db7930176d05964d3afe98f460ffa364f366
10.1093/scan/nsn046,1,successful,2017,cb02db7930176d05964d3afe98f460ffa364f366
10.1093/scan/nsu108,1,failed,2018,cb02db7930176d05964d3afe98f460ffa364f366
10.1093/scan/nsw113,1,successful,2018,cb02db7930176d05964d3afe98f460ffa364f366
10.1093/scan/nsw175,2,mixed | successful,2017,cb02db7930176d05964d3afe98f460ffa364f366
10.1093/schbul/sby016.348,1,successful,2021,cb02db7930176d05964d3afe98f460ffa364f366
10.1093/ser/mwm006,1,successful,2016,cb02db7930176d05964d3afe98f460ffa364f366
10.1093/sf/sou074,1,successful,2025,cb02db7930176d05964d3afe98f460ffa364f366
10.1093/sf/soy014,2,successful,2021,cb02db7930176d05964d3afe98f460ffa364f366
10.1093/workar/waac024,1,failed,2023,cb02db7930176d05964d3afe98f460ffa364f366
10.1096/fj.07-9261com,1,successful,2011,cb02db7930176d05964d3afe98f460ffa364f366
10.1097/00001756-200002070-00038,1,failed,2003,cb02db7930176d05964d3afe98f460ffa364f366
10.1097/00001888-197307000-00003,1,mixed,2014,cb02db7930176d05964d3afe98f460ffa364f366
10.1097/00001888-200203000-00007,1,mixed,2022,cb02db7930176d05964d3afe98f460ffa364f366
10.1097/00003446-200210000-00007,1,successful,2017,cb02db7930176d05964d3afe98f460ffa364f366
10.1097/00004703-200604002-00013,1,successful,2018,cb02db7930176d05964d3afe98f460ffa364f366
10.1097/00005053-198011000-00008,1,successful,1984,cb02db7930176d05964d3afe98f460ffa364f366
10.1097/00005053-198810000-00006,1,successful,1993,cb02db7930176d05964d3afe98f460ffa364f366
10.1097/00005650-198705000-00004,1,successful,1992,cb02db7930176d05964d3afe98f460ffa364f366
10.1097/00006842-200103000-00012,1,failed,2016,cb02db7930176d05964d3afe98f460ffa364f366
10.1097/00054725-200008000-00016,1,successful,2001,cb02db7930176d05964d3afe98f460ffa364f366
10.1097/01.naq.0000305943.46440.77,1,failed,2013,cb02db7930176d05964d3afe98f460ffa364f366
10.1097/acm.0b013e31823b55fa,1,failed,2020,cb02db7930176d05964d3afe98f460ffa364f366
10.1097/ajp.0b013e3181cd1710,1,successful,2016,cb02db7930176d05964d3afe98f460ffa364f366
10.1097/brs.0b013e3181ed2de1,1,failed,2015,cb02db7930176d05964d3afe98f460ffa364f366
10.1097/fpc.0b013e32800ffbb4,1,mixed,2008,cb02db7930176d05964d3afe98f460ffa364f366
10.1097/j.pain.0000000000001232,1,mixed,2022,cb02db7930176d05964d3afe98f460ffa364f366
10.1097/jom.0000000000000562,1,mixed,2021,cb02db7930176d05964d3afe98f460ffa364f366
10.1097/psy.0000000000000479,1,failed,2019,cb02db7930176d05964d3afe98f460ffa364f366
10.1098/rsos.160384,2,successful,2022,cb02db7930176d05964d3afe98f460ffa364f366
10.1098/rspb.2011.1959,1,failed,2015,cb02db7930176d05964d3afe98f460ffa364f366
10.1098/rspb.2022.0128,1,failed,2023,cb02db7930176d05964d3afe98f460ffa364f366
10.1098/rsta.2014.0464,1,failed,2019,cb02db7930176d05964d3afe98f460ffa364f366
10.1101/gr.126516.111,1,mixed,2018,cb02db7930176d05964d3afe98f460ffa364f366
10.1101/lm.035493.114,1,failed,2022,cb02db7930176d05964d3afe98f460ffa364f366
10.1101/lm.053470.121,1,successful,2022,cb02db7930176d05964d3afe98f460ffa364f366
10.1103/physrevphyseducres.14.020109,1,successful,2019,cb02db7930176d05964d3afe98f460ffa364f366
10.1108/09578230410554052,1,successful,2011,cb02db7930176d05964d3afe98f460ffa364f366
10.1108/et-04-2015-0026,1,mixed,2019,cb02db7930176d05964d3afe98f460ffa364f366
10.1108/ijpsm-08-2020-0218,1,mixed,2025,cb02db7930176d05964d3afe98f460ffa364f366
10.1108/jpbm-09-2013-0393,1,mixed,2019,cb02db7930176d05964d3afe98f460ffa364f366
10.1109/32.879815,1,successful,2013,cb02db7930176d05964d3afe98f460ffa364f366
10.1109/32.988711,3,failed | mixed,2011,cb02db7930176d05964d3afe98f460ffa364f366
10.1109/icse.2007.32,1,mixed,2014,cb02db7930176d05964d3afe98f460ffa364f366
10.1109/tse.2016.2527791,1,failed,2024,cb02db7930176d05964d3afe98f460ffa364f366
10.1109/tvcg.2016.2518137,1,failed,2022,cb02db7930176d05964d3afe98f460ffa364f366
10.1109/tvcg.2018.2832633,1,successful,2020,cb02db7930176d05964d3afe98f460ffa364f366
10.1109/vis54172.2023.00016,1,mixed,2025,cb02db7930176d05964d3afe98f460ffa364f366
10.1111/0022-1082.00318,1,successful,2023,cb02db7930176d05964d3afe98f460ffa364f366
10.1111/0023-8333.00112,1,mixed,2024,cb02db7930176d05964d3afe98f460ffa364f366
10.1111/0034-6527.00363,1,successful,2020,cb02db7930176d05964d3afe98f460ffa364f366
10.1111/1467-9280.00111,2,failed | mixed,2014,cb02db7930176d05964d3afe98f460ffa364f366
10.1111/1467-9280.00168,1,failed,2026,cb02db7930176d05964d3afe98f460ffa364f366
10.1111/1467-9280.00334,1,failed,2018,cb02db7930176d05964d3afe98f460ffa364f366
10.1111/1467-9280.00350,1,mixed,2021,cb02db7930176d05964d3afe98f460ffa364f366
10.1111/1467-9280.00376,1,mixed,2020,cb02db7930176d05964d3afe98f460ffa364f366
10.1111/1467-9280.00415,1,successful,2018,cb02db7930176d05964d3afe98f460ffa364f366
10.1111/1467-9280.00441,1,failed,2025,cb02db7930176d05964d3afe98f460ffa364f366
10.1111/1467-9280.02431,1,mixed,2025,cb02db7930176d05964d3afe98f460ffa364f366
10.1111/1467-9280.02436,1,failed,2023,cb02db7930176d05964d3afe98f460ffa364f366
10.1111/1467-9817.00137,1,mixed,2014,cb02db7930176d05964d3afe98f460ffa364f366
10.1111/1468-0297.00407,1,successful,2022,cb02db7930176d05964d3afe98f460ffa364f366
10.1111/1468-0327.00082,1,mixed,2001,cb02db7930176d05964d3afe98f460ffa364f366
10.1111/1540-6237.8402002,1,failed,2013,cb02db7930176d05964d3afe98f460ffa364f366
10.1111/1745-9125.12008,1,successful,2025,cb02db7930176d05964d3afe98f460ffa364f366
10.1111/1745-9125.12151,1,failed,2026,cb02db7930176d05964d3afe98f460ffa364f366
10.1111/add.14071,1,failed,2023,cb02db7930176d05964d3afe98f460ffa364f366
10.1111/add.14403,1,successful,2020,cb02db7930176d05964d3afe98f460ffa364f366
10.1111/ajps.12004,1,mixed,2017,cb02db7930176d05964d3afe98f460ffa364f366
10.1111/ajps.12252,1,failed,2025,cb02db7930176d05964d3afe98f460ffa364f366
10.1111/ajps.12412,1,successful,2023,cb02db7930176d05964d3afe98f460ffa364f366
10.1111/bjc.12069,1,failed,2020,cb02db7930176d05964d3afe98f460ffa364f366
10.1111/bjhp.12185,1,successful,2024,cb02db7930176d05964d3afe98f460ffa364f366
10.1111/bjhp.12430,1,mixed,2020,cb02db7930176d05964d3afe98f460ffa364f366
10.1111/bjop.12208,1,failed,2023,cb02db7930176d05964d3afe98f460ffa364f366
10.1111/bjop.12239,1,successful,2019,cb02db7930176d05964d3afe98f460ffa364f366
10.1111/camh.12052,1,successful,2019,cb02db7930176d05964d3afe98f460ffa364f366
10.1111/cogs.12605,1,successful,2023,cb02db7930176d05964d3afe98f460ffa364f366
10.1111/cogs.13064,1,failed,2024,cb02db7930176d05964d3afe98f460ffa364f366
10.1111/cogs.13254,1,mixed,2023,cb02db7930176d05964d3afe98f460ffa364f366
10.1111/ecin.12470,1,mixed,2023,cb02db7930176d05964d3afe98f460ffa364f366
10.1111/ecin.12840,1,successful,2022,cb02db7930176d05964d3afe98f460ffa364f366
10.1111/ecoj.12233,1,successful,2023,cb02db7930176d05964d3afe98f460ffa364f366
10.1111/ejn.15049,1,failed,2022,cb02db7930176d05964d3afe98f460ffa364f366
10.1111/flan.12063,1,successful,2020,cb02db7930176d05964d3afe98f460ffa364f366
10.1111/gbb.12129,1,mixed,2018,cb02db7930176d05964d3afe98f460ffa364f366
10.1111/ibi.13246,1,mixed,2024,cb02db7930176d05964d3afe98f460ffa364f366
10.1111/j.0012-9682.2008.00818.x,1,failed,2009,cb02db7930176d05964d3afe98f460ffa364f366
10.1111/j.0022-3506.2004.00270.x,1,successful,2021,cb02db7930176d05964d3afe98f460ffa364f366
10.1111/j.0956-7976.2004.00757.x,1,mixed,2022,cb02db7930176d05964d3afe98f460ffa364f366
10.1111/j.0956-7976.2005.00810.x,1,failed,2026,cb02db7930176d05964d3afe98f460ffa364f366
10.1111/j.0956-7976.2005.01556.x,1,failed,2022,cb02db7930176d05964d3afe98f460ffa364f366
10.1111/j.1083-6101.2007.00367.x,1,mixed,2018,cb02db7930176d05964d3afe98f460ffa364f366
10.1111/j.1365-2648.1987.tb01339.x,1,successful,1990,cb02db7930176d05964d3afe98f460ffa364f366
10.1111/j.1365-2982.2012.01937.x,1,mixed,2018,cb02db7930176d05964d3afe98f460ffa364f366
10.1111/j.1460-2466.1984.tb02164.x,1,failed,1989,cb02db7930176d05964d3afe98f460ffa364f366
10.1111/j.1467-1770.1995.tb00963.x,1,successful,2021,cb02db7930176d05964d3afe98f460ffa364f366
10.1111/j.1467-6486.2012.01062.x,1,successful,2020,cb02db7930176d05964d3afe98f460ffa364f366
10.1111/j.1467-6494.1949.tb01241.x,1,mixed,2011,cb02db7930176d05964d3afe98f460ffa364f366
10.1111/j.1467-6494.2012.00807.x,1,successful,2017,cb02db7930176d05964d3afe98f460ffa364f366
10.1111/j.1467-7687.2004.00351.x,1,failed,2021,cb02db7930176d05964d3afe98f460ffa364f366
10.1111/j.1467-7687.2005.00441.x,1,failed,2012,cb02db7930176d05964d3afe98f460ffa364f366
10.1111/j.1467-7687.2009.00807.x,1,successful,2018,cb02db7930176d05964d3afe98f460ffa364f366
10.1111/j.1467-7687.2009.00881.x,1,successful,2016,cb02db7930176d05964d3afe98f460ffa364f366
10.1111/j.1467-7687.2009.00946.x,1,failed,2020,cb02db7930176d05964d3afe98f460ffa364f366
10.1111/j.1467-7687.2011.01098.x,1,mixed,2018,cb02db7930176d05964d3afe98f460ffa364f366
10.1111/j.1467-7687.2011.01127.x,1,failed,2019,cb02db7930176d05964d3afe98f460ffa364f366
10.1111/j.1467-8284.2004.00481.x,1,successful,2018,cb02db7930176d05964d3afe98f460ffa364f366
10.1111/j.1467-8624.1966.tb05387.x,1,mixed,2021,cb02db7930176d05964d3afe98f460ffa364f366
10.1111/j.1467-8624.1988.tb03262.x,1,failed,1999,cb02db7930176d05964d3afe98f460ffa364f366
10.1111/j.1467-8624.2007.00995.x,2,failed,2020,cb02db7930176d05964d3afe98f460ffa364f366
10.1111/j.1467-8624.2009.01278.x,1,successful,2021,cb02db7930176d05964d3afe98f460ffa364f366
10.1111/j.1467-8624.2009.01312.x,1,successful,2018,cb02db7930176d05964d3afe98f460ffa364f366
10.1111/j.1467-8624.2010.01557.x,1,successful,2020,cb02db7930176d05964d3afe98f460ffa364f366
10.1111/j.1467-8624.2012.01748.x,1,successful,2020,cb02db7930176d05964d3afe98f460ffa364f366
10.1111/j.1467-9221.2005.00416.x,1,failed,2024,cb02db7930176d05964d3afe98f460ffa364f366
10.1111/j.1467-9280.1992.tb00678.x,1,mixed,2021,cb02db7930176d05964d3afe98f460ffa364f366
10.1111/j.1467-9280.1995.tb00312.x,1,failed,2026,cb02db7930176d05964d3afe98f460ffa364f366
10.1111/j.1467-9280.2006.01698.x,1,failed,2026,cb02db7930176d05964d3afe98f460ffa364f366
10.1111/j.1467-9280.2006.01704.x,2,failed | mixed,2021,cb02db7930176d05964d3afe98f460ffa364f366
10.1111/j.1467-9280.2006.01705.x,1,failed,2019,cb02db7930176d05964d3afe98f460ffa364f366
10.1111/j.1467-9280.2006.01720.x,1,mixed,2022,cb02db7930176d05964d3afe98f460ffa364f366
10.1111/j.1467-9280.2006.01824.x,1,failed,2016,cb02db7930176d05964d3afe98f460ffa364f366
10.1111/j.1467-9280.2007.01909.x,2,failed,2023,cb02db7930176d05964d3afe98f460ffa364f366
10.1111/j.1467-9280.2007.01944.x,3,failed,2018,cb02db7930176d05964d3afe98f460ffa364f366
10.1111/j.1467-9280.2007.01961.x,1,failed,2024,cb02db7930176d05964d3afe98f460ffa364f366
10.1111/j.1467-9280.2007.01983.x,2,failed,2015,cb02db7930176d05964d3afe98f460ffa364f366
10.1111/j.1467-9280.2007.02028.x,1,failed,2026,cb02db7930176d05964d3afe98f460ffa364f366
10.1111/j.1467-9280.2008.02039.x,2,failed,2015,cb02db7930176d05964d3afe98f460ffa364f366
10.1111/j.1467-9280.2008.02040.x,2,failed,2015,cb02db7930176d05964d3afe98f460ffa364f366
10.1111/j.1467-9280.2008.02041.x,1,successful,2015,cb02db7930176d05964d3afe98f460ffa364f366
10.1111/j.1467-9280.2008.02042.x,1,successful,2015,cb02db7930176d05964d3afe98f460ffa364f366
10.1111/j.1467-9280.2008.02043.x,1,successful,2015,cb02db7930176d05964d3afe98f460ffa364f366
10.1111/j.1467-9280.2008.02044.x,1,failed,2015,cb02db7930176d05964d3afe98f460ffa364f366
10.1111/j.1467-9280.2008.02045.x,3,failed,2015,cb02db7930176d05964d3afe98f460ffa364f366
10.1111/j.1467-9280.2008.02046.x,1,successful,2015,cb02db7930176d05964d3afe98f460ffa364f366
10.1111/j.1467-9280.2008.02049.x,1,failed,2015,cb02db7930176d05964d3afe98f460ffa364f366
10.1111/j.1467-9280.2008.02050.x,1,successful,2015,cb02db7930176d05964d3afe98f460ffa364f366
10.1111/j.1467-9280.2008.02051.x,1,failed,2015,cb02db7930176d05964d3afe98f460ffa364f366
10.1111/j.1467-9280.2008.02052.x,1,failed,2015,cb02db7930176d05964d3afe98f460ffa364f366
10.1111/j.1467-9280.2008.02053.x,1,failed,2023,cb02db7930176d05964d3afe98f460ffa364f366
10.1111/j.1467-9280.2008.02054.x,2,failed | mixed,2015,cb02db7930176d05964d3afe98f460ffa364f366
10.1111/j.1467-9280.2008.02056.x,1,failed,2015,cb02db7930176d05964d3afe98f460ffa364f366
10.1111/j.1467-9280.2008.02057.x,1,successful,2023,cb02db7930176d05964d3afe98f460ffa364f366
10.1111/j.1467-9280.2008.02060.x,1,failed,2015,cb02db7930176d05964d3afe98f460ffa364f366
10.1111/j.1467-9280.2008.02061.x,1,successful,2017,cb02db7930176d05964d3afe98f460ffa364f366
10.1111/j.1467-9280.2008.02062.x,1,failed,2015,cb02db7930176d05964d3afe98f460ffa364f366
10.1111/j.1467-9280.2008.02064.x,1,successful,2015,cb02db7930176d05964d3afe98f460ffa364f366
10.1111/j.1467-9280.2008.02066.x,1,mixed,2015,cb02db7930176d05964d3afe98f460ffa364f366
10.1111/j.1467-9280.2008.02069.x,1,failed,2023,cb02db7930176d05964d3afe98f460ffa364f366
10.1111/j.1467-9280.2008.02070.x,1,failed,2015,cb02db7930176d05964d3afe98f460ffa364f366
10.1111/j.1467-9280.2008.02072.x,3,failed,2015,cb02db7930176d05964d3afe98f460ffa364f366
10.1111/j.1467-9280.2008.02076.x,1,failed,2015,cb02db7930176d05964d3afe98f460ffa364f366
10.1111/j.1467-9280.2008.02077.x,1,failed,2015,cb02db7930176d05964d3afe98f460ffa364f366
10.1111/j.1467-9280.2008.02078.x,1,failed,2015,cb02db7930176d05964d3afe98f460ffa364f366
10.1111/j.1467-9280.2008.02080.x,1,successful,2015,cb02db7930176d05964d3afe98f460ffa364f366
10.1111/j.1467-9280.2008.02081.x,3,failed,2015,cb02db7930176d05964d3afe98f460ffa364f366
10.1111/j.1467-9280.2008.02082.x,1,failed,2017,cb02db7930176d05964d3afe98f460ffa364f366
10.1111/j.1467-9280.2008.02084.x,2,failed,2012,cb02db7930176d05964d3afe98f460ffa364f366
10.1111/j.1467-9280.2008.02085.x,1,successful,2015,cb02db7930176d05964d3afe98f460ffa364f366
10.1111/j.1467-9280.2008.02088.x,1,successful,2015,cb02db7930176d05964d3afe98f460ffa364f366
10.1111/j.1467-9280.2008.02089.x,1,successful,2015,cb02db7930176d05964d3afe98f460ffa364f366
10.1111/j.1467-9280.2008.02090.x,1,failed,2022,cb02db7930176d05964d3afe98f460ffa364f366
10.1111/j.1467-9280.2008.02091.x,1,successful,2016,cb02db7930176d05964d3afe98f460ffa364f366
10.1111/j.1467-9280.2008.02092.x,1,failed,2015,cb02db7930176d05964d3afe98f460ffa364f366
10.1111/j.1467-9280.2008.02093.x,1,failed,2015,cb02db7930176d05964d3afe98f460ffa364f366
10.1111/j.1467-9280.2008.02095.x,1,successful,2015,cb02db7930176d05964d3afe98f460ffa364f366
10.1111/j.1467-9280.2008.02098.x,1,successful,2015,cb02db7930176d05964d3afe98f460ffa364f366
10.1111/j.1467-9280.2008.02100.x,1,successful,2015,cb02db7930176d05964d3afe98f460ffa364f366
10.1111/j.1467-9280.2008.02124.x,1,failed,2012,cb02db7930176d05964d3afe98f460ffa364f366
10.1111/j.1467-9280.2008.02136.x,1,successful,2014,cb02db7930176d05964d3afe98f460ffa364f366
10.1111/j.1467-9280.2008.02157.x,1,failed,2023,cb02db7930176d05964d3afe98f460ffa364f366
10.1111/j.1467-9280.2008.02159.x,1,failed,2022,cb02db7930176d05964d3afe98f460ffa364f366
10.1111/j.1467-9280.2008.02187.x,1,mixed,2021,cb02db7930176d05964d3afe98f460ffa364f366
10.1111/j.1467-9280.2008.02227.x,7,failed | successful | uninformative,2013,cb02db7930176d05964d3afe98f460ffa364f366
10.1111/j.1467-9280.2009.02306.x,1,failed,2026,cb02db7930176d05964d3afe98f460ffa364f366
10.1111/j.1467-9280.2009.02326.x,1,failed,2014,cb02db7930176d05964d3afe98f460ffa364f366
10.1111/j.1467-9280.2009.02339.x,1,successful,2016,cb02db7930176d05964d3afe98f460ffa364f366
10.1111/j.1467-9280.2009.02426.x,2,failed | mixed,2015,cb02db7930176d05964d3afe98f460ffa364f366
10.1111/j.1467-9280.2009.02434.x,1,successful,2014,cb02db7930176d05964d3afe98f460ffa364f366
10.1111/j.1467-9280.2009.02447.x,2,failed | successful,2017,cb02db7930176d05964d3afe98f460ffa364f366
10.1111/j.1467-9280.2009.02457.x,1,failed,2019,cb02db7930176d05964d3afe98f460ffa364f366
10.1111/j.1467-9280.2009.02479.x,1,mixed,2019,cb02db7930176d05964d3afe98f460ffa364f366
10.1111/j.1467-9299.2011.02011.x,1,successful,2023,cb02db7930176d05964d3afe98f460ffa364f366
10.1111/j.1467-9922.2006.00374.x,1,mixed,2016,cb02db7930176d05964d3afe98f460ffa364f366
10.1111/j.1467-9922.2007.00400.x,1,mixed,2013,cb02db7930176d05964d3afe98f460ffa364f366
10.1111/j.1467-9922.2008.00446.x,1,failed,2024,cb02db7930176d05964d3afe98f460ffa364f366
10.1111/j.1467-9922.2012.00729.x,1,mixed,2023,cb02db7930176d05964d3afe98f460ffa364f366
10.1111/j.1467-9922.2012.00730.x,1,mixed,2019,cb02db7930176d05964d3afe98f460ffa364f366
10.1111/j.1468-0017.2006.00297.x,1,mixed,2018,cb02db7930176d05964d3afe98f460ffa364f366
10.1111/j.1468-0017.2010.01398.x,1,successful,2018,cb02db7930176d05964d3afe98f460ffa364f366
10.1111/j.1468-0017.2011.01428.x,1,successful,2018,cb02db7930176d05964d3afe98f460ffa364f366
10.1111/j.1468-0068.2010.00795.x,3,successful,2017,cb02db7930176d05964d3afe98f460ffa364f366
10.1111/j.1468-0084.2011.00689.x,1,mixed,2022,cb02db7930176d05964d3afe98f460ffa364f366
10.1111/j.1468-0297.2009.02267.x,1,mixed,2015,cb02db7930176d05964d3afe98f460ffa364f366
10.1111/j.1468-0297.2009.02325.x,1,successful,2016,cb02db7930176d05964d3afe98f460ffa364f366
10.1111/j.1468-0408.2006.00428.x,1,successful,2011,cb02db7930176d05964d3afe98f460ffa364f366
10.1111/j.1468-2354.2009.00568.x,1,successful,2019,cb02db7930176d05964d3afe98f460ffa364f366
10.1111/j.1468-2958.2001.tb00792.x,1,mixed,2018,cb02db7930176d05964d3afe98f460ffa364f366
10.1111/j.1469-7610.2004.t01-1-00289.x,1,successful,2010,cb02db7930176d05964d3afe98f460ffa364f366
10.1111/j.1469-7610.2010.02225.x,1,failed,2015,cb02db7930176d05964d3afe98f460ffa364f366
10.1111/j.1469-8986.2005.00278.x,1,mixed,2022,cb02db7930176d05964d3afe98f460ffa364f366
10.1111/j.1469-8986.2008.00688.x,1,successful,2026,cb02db7930176d05964d3afe98f460ffa364f366
10.1111/j.1475-4975.2007.00150.x,1,successful,2018,cb02db7930176d05964d3afe98f460ffa364f366
10.1111/j.1475-4975.2007.00158.x,1,successful,2018,cb02db7930176d05964d3afe98f460ffa364f366
10.1111/j.1530-0277.2006.00265.x,1,mixed,2011,cb02db7930176d05964d3afe98f460ffa364f366
10.1111/j.1540-4781.1986.tb05256.x,1,mixed,2011,cb02db7930176d05964d3afe98f460ffa364f366
10.1111/j.1540-6210.2011.02414.x,1,successful,2026,cb02db7930176d05964d3afe98f460ffa364f366
10.1111/j.1540-6261.1990.tb03731,1,mixed,2024,cb02db7930176d05964d3afe98f460ffa364f366
10.1111/j.1540-6261.1997.tb03808.x,1,failed,2021,cb02db7930176d05964d3afe98f460ffa364f366
10.1111/j.1540-6261.2004.00679,1,successful,2024,cb02db7930176d05964d3afe98f460ffa364f366
10.1111/j.1540-6261.2007.01207.x,1,mixed,2017,cb02db7930176d05964d3afe98f460ffa364f366
10.1111/j.1540-6261.2011.01665.x,1,failed,2021,cb02db7930176d05964d3afe98f460ffa364f366
10.1111/j.1540-627x.2012.00373.x,1,failed,2023,cb02db7930176d05964d3afe98f460ffa364f366
10.1111/j.1551-6709.2008.01005.x,1,failed,2010,cb02db7930176d05964d3afe98f460ffa364f366
10.1111/j.1551-6709.2009.01092.x,1,mixed,2024,cb02db7930176d05964d3afe98f460ffa364f366
10.1111/j.1551-6709.2010.01161.x,1,uninformative,2023,cb02db7930176d05964d3afe98f460ffa364f366
10.1111/j.1551-6709.2010.01164.x,1,mixed,2023,cb02db7930176d05964d3afe98f460ffa364f366
10.1111/j.1551-6709.2011.01210.x,2,failed,2018,cb02db7930176d05964d3afe98f460ffa364f366
10.1111/j.1559-1816.1999.tb00142.x,1,failed,2020,cb02db7930176d05964d3afe98f460ffa364f366
10.1111/j.1559-1816.2003.tb02783.x,1,successful,2012,cb02db7930176d05964d3afe98f460ffa364f366
10.1111/j.1741-3737.2012.00990.x,1,mixed,2025,cb02db7930176d05964d3afe98f460ffa364f366
10.1111/j.1741-3737.2012.01034.x,1,mixed,2025,cb02db7930176d05964d3afe98f460ffa364f366
10.1111/j.1745-6916.2006.00007.x,1,failed,2014,cb02db7930176d05964d3afe98f460ffa364f366
10.1111/j.1752-0606.1986.tb00673.x,1,successful,1989,cb02db7930176d05964d3afe98f460ffa364f366
10.1111/j.1933-1592.2007.00118.x,1,failed,2019,cb02db7930176d05964d3afe98f460ffa364f366
10.1111/j.1933-1592.2012.00609.x,1,successful,2018,cb02db7930176d05964d3afe98f460ffa364f366
10.1111/j.2044-8295.1975.tb01468.x,1,failed,2021,cb02db7930176d05964d3afe98f460ffa364f366
10.1111/j.2047-2927.2012.00013.x,1,failed,2021,cb02db7930176d05964d3afe98f460ffa364f366
10.1111/jcom.12135,1,mixed,2020,cb02db7930176d05964d3afe98f460ffa364f366
10.1111/jofi.12619,1,mixed,2024,cb02db7930176d05964d3afe98f460ffa364f366
10.1111/jofi.12698,1,failed,2019,cb02db7930176d05964d3afe98f460ffa364f366
10.1111/jopy.12690,1,failed,2023,cb02db7930176d05964d3afe98f460ffa364f366
10.1111/jpr.12125,1,failed,2018,cb02db7930176d05964d3afe98f460ffa364f366
10.1111/jsbm.12023,1,mixed,2020,cb02db7930176d05964d3afe98f460ffa364f366
10.1111/lang.12140,1,failed,2019,cb02db7930176d05964d3afe98f460ffa364f366
10.1111/lang.12161,1,failed,2024,cb02db7930176d05964d3afe98f460ffa364f366
10.1111/lang.12278,1,successful,2024,cb02db7930176d05964d3afe98f460ffa364f366
10.1111/lang.12353,1,successful,2023,cb02db7930176d05964d3afe98f460ffa364f366
10.1111/lang.12443,1,successful,2024,cb02db7930176d05964d3afe98f460ffa364f366
10.1111/modl.12315,1,successful,2025,cb02db7930176d05964d3afe98f460ffa364f366
10.1111/mono.12404,1,successful,2021,cb02db7930176d05964d3afe98f460ffa364f366
10.1111/nous.12017,1,successful,2018,cb02db7930176d05964d3afe98f460ffa364f366
10.1111/obes.12012,1,mixed,2019,cb02db7930176d05964d3afe98f460ffa364f366
10.1111/pops.12327,1,mixed,2018,cb02db7930176d05964d3afe98f460ffa364f366
10.1111/psyp.12064,1,successful,2015,cb02db7930176d05964d3afe98f460ffa364f366
10.1111/psyp.12132,1,mixed,2025,cb02db7930176d05964d3afe98f460ffa364f366
10.1111/puar.12401,1,failed,2021,cb02db7930176d05964d3afe98f460ffa364f366
10.1111/puar.12406,1,successful,2023,cb02db7930176d05964d3afe98f460ffa364f366
10.1111/puar.12649,1,failed,2021,cb02db7930176d05964d3afe98f460ffa364f366
10.1111/puar.12896,1,mixed,2025,cb02db7930176d05964d3afe98f460ffa364f366
10.1111/puar.13483,1,mixed,2025,cb02db7930176d05964d3afe98f460ffa364f366
10.1111/sms.13776,1,failed,2025,cb02db7930176d05964d3afe98f460ffa364f366
10.1111/ssqu.12566,1,failed,2023,cb02db7930176d05964d3afe98f460ffa364f366
10.1113/expphysiol.2008.045138,1,failed,2010,cb02db7930176d05964d3afe98f460ffa364f366
10.1121/1.1894649,1,mixed,2022,cb02db7930176d05964d3afe98f460ffa364f366
10.1123/ijspp.2019-0098,1,failed,2025,cb02db7930176d05964d3afe98f460ffa364f366
10.1123/jmld.2015-0036,1,failed,2021,cb02db7930176d05964d3afe98f460ffa364f366
10.1123/jsep.2016-0272,1,failed,2025,cb02db7930176d05964d3afe98f460ffa364f366
10.1126/science.1091721,1,successful,2023,cb02db7930176d05964d3afe98f460ffa364f366
10.1126/science.1107621,1,mixed,2022,cb02db7930176d05964d3afe98f460ffa364f366
10.1126/science.1123633,1,successful,2023,cb02db7930176d05964d3afe98f460ffa364f366
10.1126/science.1128317,3,failed,2016,cb02db7930176d05964d3afe98f460ffa364f366
10.1126/science.1130726,5,failed | successful,2009,cb02db7930176d05964d3afe98f460ffa364f366
10.1126/science.1132491,1,mixed,2023,cb02db7930176d05964d3afe98f460ffa364f366
10.1126/science.1150952,1,mixed,2020,cb02db7930176d05964d3afe98f460ffa364f366
10.1126/science.1157627,1,failed,2020,cb02db7930176d05964d3afe98f460ffa364f366
10.1126/science.1162548,2,failed,2014,cb02db7930176d05964d3afe98f460ffa364f366
10.1126/science.1168450,1,mixed,2022,cb02db7930176d05964d3afe98f460ffa364f366
10.1126/science.1177067,1,successful,2017,cb02db7930176d05964d3afe98f460ffa364f366
10.1126/science.1183057,1,failed,2017,cb02db7930176d05964d3afe98f460ffa364f366
10.1126/science.1183532,1,successful,2018,cb02db7930176d05964d3afe98f460ffa364f366
10.1126/science.1186799,1,failed,2018,cb02db7930176d05964d3afe98f460ffa364f366
10.1126/science.1189993,1,successful,2018,cb02db7930176d05964d3afe98f460ffa364f366
10.1126/science.1190792,1,successful,2018,cb02db7930176d05964d3afe98f460ffa364f366
10.1126/science.1191465,1,successful,2018,cb02db7930176d05964d3afe98f460ffa364f366
10.1126/science.1195701,1,successful,2018,cb02db7930176d05964d3afe98f460ffa364f366
10.1126/science.1195996,1,mixed,2012,cb02db7930176d05964d3afe98f460ffa364f366
10.1126/science.1199327,1,successful,2018,cb02db7930176d05964d3afe98f460ffa364f366
10.1126/science.1199427,1,failed,2018,cb02db7930176d05964d3afe98f460ffa364f366
10.1126/science.1207745,1,failed,2018,cb02db7930176d05964d3afe98f460ffa364f366
10.1126/science.1211180,1,successful,2018,cb02db7930176d05964d3afe98f460ffa364f366
10.1126/science.1215647,3,failed | mixed,2015,cb02db7930176d05964d3afe98f460ffa364f366
10.1126/science.1217697,1,failed,2013,cb02db7930176d05964d3afe98f460ffa364f366
10.1126/science.1221936,1,successful,2018,cb02db7930176d05964d3afe98f460ffa364f366
10.1126/science.1222426,2,failed | mixed,2018,cb02db7930176d05964d3afe98f460ffa364f366
10.1126/science.1224313,2,mixed | successful,2018,cb02db7930176d05964d3afe98f460ffa364f366
10.1126/science.1224820,1,mixed,2018,cb02db7930176d05964d3afe98f460ffa364f366
10.1126/science.1238041,3,failed,2021,cb02db7930176d05964d3afe98f460ffa364f366
10.1126/science.1239918,6,failed | mixed | successful,2015,cb02db7930176d05964d3afe98f460ffa364f366
10.1126/science.1250830,2,successful,2018,cb02db7930176d05964d3afe98f460ffa364f366
10.1126/science.1252900,1,successful,2019,cb02db7930176d05964d3afe98f460ffa364f366
10.1126/science.1253932,1,successful,2018,cb02db7930176d05964d3afe98f460ffa364f366
10.1126/science.151.3712.837,1,failed,2013,cb02db7930176d05964d3afe98f460ffa364f366
10.1126/science.167.3914.86,1,failed,2020,cb02db7930176d05964d3afe98f460ffa364f366
10.1126/science.198.4312.75,1,failed,1983,cb02db7930176d05964d3afe98f460ffa364f366
10.1126/science.283.5398.77,1,failed,2022,cb02db7930176d05964d3afe98f460ffa364f366
10.1126/science.288.5467.850,1,successful,2020,cb02db7930176d05964d3afe98f460ffa364f366
10.1126/science.7455683,4,successful,2014,cb02db7930176d05964d3afe98f460ffa364f366
10.1126/science.aaa3841,1,failed,2019,cb02db7930176d05964d3afe98f460ffa364f366
10.1126/science.aau8712,1,mixed,2023,cb02db7930176d05964d3afe98f460ffa364f366
10.1126/science.abb6591,1,successful,2023,cb02db7930176d05964d3afe98f460ffa364f366
10.1126/science.abh4340,1,failed,2024,cb02db7930176d05964d3afe98f460ffa364f366
10.1126/scitranslmed.3001318,1,mixed,2017,cb02db7930176d05964d3afe98f460ffa364f366
10.1128/jvi.00741-11,1,successful,2012,cb02db7930176d05964d3afe98f460ffa364f366
10.1128/jvi.79.15.9746-9755.2005,1,successful,2019,cb02db7930176d05964d3afe98f460ffa364f366
10.1136/ard.2008.093252,1,failed,2014,cb02db7930176d05964d3afe98f460ffa364f366
10.1136/bmj.d3313,1,successful,2019,cb02db7930176d05964d3afe98f460ffa364f366
10.1136/bmj.g7015,1,mixed,2019,cb02db7930176d05964d3afe98f460ffa364f366
10.1136/gut.2003.030205,1,mixed,2007,cb02db7930176d05964d3afe98f460ffa364f366
10.1136/jmedgenet-2013-101705,1,successful,2016,cb02db7930176d05964d3afe98f460ffa364f366
10.1136/jnnp.2004.047357,1,successful,2013,cb02db7930176d05964d3afe98f460ffa364f366
10.1142/s1363919608001947,1,successful,2024,cb02db7930176d05964d3afe98f460ffa364f366
10.1145/1368088.1368161,1,mixed,2011,cb02db7930176d05964d3afe98f460ffa364f366
10.1145/1404520.1404531,1,mixed,2022,cb02db7930176d05964d3afe98f460ffa364f366
10.1145/1449715.1449724,1,successful,2021,cb02db7930176d05964d3afe98f460ffa364f366
10.1145/2025113.2025141,1,successful,2015,cb02db7930176d05964d3afe98f460ffa364f366
10.1145/2380718.2380739,1,successful,2019,cb02db7930176d05964d3afe98f460ffa364f366
10.1145/2702123.2702593,1,failed,2026,cb02db7930176d05964d3afe98f460ffa364f366
10.1145/3105726.3106182,1,successful,2024,cb02db7930176d05964d3afe98f460ffa364f366
10.1145/3173574.3174066,1,failed,2020,cb02db7930176d05964d3afe98f460ffa364f366
10.1145/3173574.3174188,1,mixed,2023,cb02db7930176d05964d3afe98f460ffa364f366
10.1145/3180155.3180192,1,successful,2026,cb02db7930176d05964d3afe98f460ffa364f366
10.1145/3196398.3196421,1,successful,2019,cb02db7930176d05964d3afe98f460ffa364f366
10.1145/3290605.3300469,1,mixed,2023,cb02db7930176d05964d3afe98f460ffa364f366
10.1145/3328778.3366948,1,successful,2022,cb02db7930176d05964d3afe98f460ffa364f366
10.1145/3379597.3387482,1,successful,2021,cb02db7930176d05964d3afe98f460ffa364f366
10.1145/3517745.3561436,1,mixed,2023,cb02db7930176d05964d3afe98f460ffa364f366
10.1145/3545945.3569766,1,successful,2026,cb02db7930176d05964d3afe98f460ffa364f366
10.1145/985692.985709,1,successful,2021,cb02db7930176d05964d3afe98f460ffa364f366
10.1152/japplphysiol.01095.2004,1,failed,2020,cb02db7930176d05964d3afe98f460ffa364f366
10.1152/japplphysiol.91324.2008,1,failed,2020,cb02db7930176d05964d3afe98f460ffa364f366
10.1161/circresaha.117.310628,1,successful,2023,cb02db7930176d05964d3afe98f460ffa364f366
10.1162/003355302320935025,1,mixed,2014,cb02db7930176d05964d3afe98f460ffa364f366
10.1162/003355303321675428,1,failed,2019,cb02db7930176d05964d3afe98f460ffa364f366
10.1162/0033553041502153,1,successful,2017,cb02db7930176d05964d3afe98f460ffa364f366
10.1162/003355397555208,1,successful,2021,cb02db7930176d05964d3afe98f460ffa364f366
10.1162/003465303772815754,1,successful,2023,cb02db7930176d05964d3afe98f460ffa364f366
10.1162/089892998563121,1,successful,2019,cb02db7930176d05964d3afe98f460ffa364f366
10.1162/jocn.2008.21154,1,failed,2021,cb02db7930176d05964d3afe98f460ffa364f366
10.1162/jocn.2009.21191,1,successful,2012,cb02db7930176d05964d3afe98f460ffa364f366
10.1162/jocn.2009.21282,1,successful,2016,cb02db7930176d05964d3afe98f460ffa364f366
10.1162/jocn.2010.21507,1,successful,2011,cb02db7930176d05964d3afe98f460ffa364f366
10.1162/jocn_a_00708,1,mixed,2018,cb02db7930176d05964d3afe98f460ffa364f366
10.1162/jocn_a_00709,1,successful,2023,cb02db7930176d05964d3afe98f460ffa364f366
10.1162/jocn_a_00801,1,mixed,2020,cb02db7930176d05964d3afe98f460ffa364f366
10.1162/qjec.121.1.73,1,failed,2018,cb02db7930176d05964d3afe98f460ffa364f366
10.1162/qjec.122.3.1067,1,successful,2020,cb02db7930176d05964d3afe98f460ffa364f366
10.1162/rest.90.1.158,1,successful,2015,cb02db7930176d05964d3afe98f460ffa364f366
10.1162/rest.90.2.347,1,failed,2017,cb02db7930176d05964d3afe98f460ffa364f366
10.1162/rest.90.3.592,1,successful,2015,cb02db7930176d05964d3afe98f460ffa364f366
10.1162/rest_a_00172,1,successful,2015,cb02db7930176d05964d3afe98f460ffa364f366
10.1162/rest_a_00199,1,failed,2019,cb02db7930176d05964d3afe98f460ffa364f366
10.1162/rest_a_00225,1,successful,2020,cb02db7930176d05964d3afe98f460ffa364f366
10.1162/rest_a_00258,1,mixed,2023,cb02db7930176d05964d3afe98f460ffa364f366
10.1162/rest_a_00555,1,failed,2023,cb02db7930176d05964d3afe98f460ffa364f366
10.1163/15685370260441008,1,successful,2013,cb02db7930176d05964d3afe98f460ffa364f366
10.1163/156853706776931222,2,successful,2018,cb02db7930176d05964d3afe98f460ffa364f366
10.1163/156853706776931385,1,successful,2018,cb02db7930176d05964d3afe98f460ffa364f366
10.1167/16.13.4,1,successful,2018,cb02db7930176d05964d3afe98f460ffa364f366
10.1172/jci.insight.89376,1,failed,2026,cb02db7930176d05964d3afe98f460ffa364f366
10.1176/appi.ajp.159.3.443,1,successful,2007,cb02db7930176d05964d3afe98f460ffa364f366
10.1176/appi.ajp.160.11.1965,1,failed,2018,cb02db7930176d05964d3afe98f460ffa364f366
10.1176/appi.ajp.2016.15111500,1,successful,2022,cb02db7930176d05964d3afe98f460ffa364f366
10.1177/0001839219840022,1,failed,2023,cb02db7930176d05964d3afe98f460ffa364f366
10.1177/000312240406900501,1,failed,2018,cb02db7930176d05964d3afe98f460ffa364f366
10.1177/0003122410378232,1,mixed,2012,cb02db7930176d05964d3afe98f460ffa364f366
10.1177/0003122414558919,1,successful,2025,cb02db7930176d05964d3afe98f460ffa364f366
10.1177/0010414013516928,1,successful,2025,cb02db7930176d05964d3afe98f460ffa364f366
10.1177/0010414017740603,1,failed,2025,cb02db7930176d05964d3afe98f460ffa364f366
10.1177/0011000012442650,1,successful,2015,cb02db7930176d05964d3afe98f460ffa364f366
10.1177/0011128720940953,1,successful,2025,cb02db7930176d05964d3afe98f460ffa364f366
10.1177/001440291107700203,1,failed,2021,cb02db7930176d05964d3afe98f460ffa364f366
10.1177/001440291107700204,1,successful,2013,cb02db7930176d05964d3afe98f460ffa364f366
10.1177/0014402914563706,1,successful,2017,cb02db7930176d05964d3afe98f460ffa364f366
10.1177/0014402916658658,1,successful,2018,cb02db7930176d05964d3afe98f460ffa364f366
10.1177/0014402917708216,1,successful,2020,cb02db7930176d05964d3afe98f460ffa364f366
10.1177/0014402918771337,1,successful,2026,cb02db7930176d05964d3afe98f460ffa364f366
10.1177/0017896915610144,1,successful,2019,cb02db7930176d05964d3afe98f460ffa364f366
10.1177/0020872818804298,1,failed,2023,cb02db7930176d05964d3afe98f460ffa364f366
10.1177/0022002714545222,1,failed,2018,cb02db7930176d05964d3afe98f460ffa364f366
10.1177/0022219409335218,1,successful,2018,cb02db7930176d05964d3afe98f460ffa364f366
10.1177/0022219421997103,1,successful,2023,cb02db7930176d05964d3afe98f460ffa364f366
10.1177/002224298204600109,2,failed | mixed,2014,cb02db7930176d05964d3afe98f460ffa364f366
10.1177/0022243718813544,1,failed,2019,cb02db7930176d05964d3afe98f460ffa364f366
10.1177/0022243719851490,1,successful,2023,cb02db7930176d05964d3afe98f460ffa364f366
10.1177/0022243720904758,1,successful,2020,cb02db7930176d05964d3afe98f460ffa364f366
10.1177/0022243720932532,1,successful,2020,cb02db7930176d05964d3afe98f460ffa364f366
10.1177/00224669070410010201,1,mixed,2020,cb02db7930176d05964d3afe98f460ffa364f366
10.1177/0022487108328155,1,failed,2019,cb02db7930176d05964d3afe98f460ffa364f366
10.1177/0022487118761860,1,successful,2019,cb02db7930176d05964d3afe98f460ffa364f366
10.1177/002248715901000129,1,mixed,2016,cb02db7930176d05964d3afe98f460ffa364f366
10.1177/002383099503800103,1,failed,2020,cb02db7930176d05964d3afe98f460ffa364f366
10.1177/0091552108322631,1,successful,2016,cb02db7930176d05964d3afe98f460ffa364f366
10.1177/0093650215609676,1,failed,2023,cb02db7930176d05964d3afe98f460ffa364f366
10.1177/0098628311401591,1,mixed,2019,cb02db7930176d05964d3afe98f460ffa364f366
10.1177/0146167202286008,1,successful,2021,cb02db7930176d05964d3afe98f460ffa364f366
10.1177/0146167205279905,1,successful,2014,cb02db7930176d05964d3afe98f460ffa364f366
10.1177/0146167205284004,1,mixed,2013,cb02db7930176d05964d3afe98f460ffa364f366
10.1177/0146167207309195,1,successful,2023,cb02db7930176d05964d3afe98f460ffa364f366
10.1177/0146167208315555,1,successful,2025,cb02db7930176d05964d3afe98f460ffa364f366
10.1177/0146167208327217,1,mixed,2023,cb02db7930176d05964d3afe98f460ffa364f366
10.1177/0146167210386238,1,failed,2019,cb02db7930176d05964d3afe98f460ffa364f366
10.1177/0146167211424291,1,successful,2024,cb02db7930176d05964d3afe98f460ffa364f366
10.1177/0146167211436117,1,mixed,2025,cb02db7930176d05964d3afe98f460ffa364f366
10.1177/0146167212442394,1,failed,2024,cb02db7930176d05964d3afe98f460ffa364f366
10.1177/0146167212475225,1,failed,2022,cb02db7930176d05964d3afe98f460ffa364f366
10.1177/0146167213508791,1,successful,2025,cb02db7930176d05964d3afe98f460ffa364f366
10.1177/0146167214524992,1,failed,2023,cb02db7930176d05964d3afe98f460ffa364f366
10.1177/0146167215580775,1,failed,2020,cb02db7930176d05964d3afe98f460ffa364f366
10.1177/0146167215580776,1,failed,2023,cb02db7930176d05964d3afe98f460ffa364f366
10.1177/0146167215610520,1,successful,2016,cb02db7930176d05964d3afe98f460ffa364f366
10.1177/01461672211025423,1,successful,2023,cb02db7930176d05964d3afe98f460ffa364f366
10.1177/01461672952111004,1,successful,2014,cb02db7930176d05964d3afe98f460ffa364f366
10.1177/0146167299025002007,1,failed,2015,cb02db7930176d05964d3afe98f460ffa364f366
10.1177/0149206319833445,1,successful,2025,cb02db7930176d05964d3afe98f460ffa364f366
10.1177/016264340802300304,1,successful,2020,cb02db7930176d05964d3afe98f460ffa364f366
10.1177/016502547800100203,1,failed,2025,cb02db7930176d05964d3afe98f460ffa364f366
10.1177/0261927x01020004004,2,successful,2022,cb02db7930176d05964d3afe98f460ffa364f366
10.1177/0261927x12438532,1,failed,2018,cb02db7930176d05964d3afe98f460ffa364f366
10.1177/0265407512453827,2,failed,2018,cb02db7930176d05964d3afe98f460ffa364f366
10.1177/0265407596131004,1,mixed,2003,cb02db7930176d05964d3afe98f460ffa364f366
10.1177/0265532212436659,1,mixed,2021,cb02db7930176d05964d3afe98f460ffa364f366
10.1177/0267658307076546,1,failed,2012,cb02db7930176d05964d3afe98f460ffa364f366
10.1177/0267658310386439,1,statistically successful but flawed,2024,cb02db7930176d05964d3afe98f460ffa364f366
10.1177/0267658310395851,1,successful,2017,cb02db7930176d05964d3afe98f460ffa364f366
10.1177/0267658311432200,1,failed,2026,cb02db7930176d05964d3afe98f460ffa364f366
10.1177/0267658315589656,1,successful,2018,cb02db7930176d05964d3afe98f460ffa364f366
10.1177/0272431614523133,1,mixed,2020,cb02db7930176d05964d3afe98f460ffa364f366
10.1177/0305735606067168,1,failed,2023,cb02db7930176d05964d3afe98f460ffa364f366
10.1177/0305735696241007,1,mixed,2018,cb02db7930176d05964d3afe98f460ffa364f366
10.1177/030857591103500106,1,successful,2014,cb02db7930176d05964d3afe98f460ffa364f366
10.1177/0731948712438556,1,failed,2016,cb02db7930176d05964d3afe98f460ffa364f366
10.1177/0734282909344205,1,successful,2014,cb02db7930176d05964d3afe98f460ffa364f366
10.1177/0741932514530572,1,mixed,2017,cb02db7930176d05964d3afe98f460ffa364f366
10.1177/0888406415600769,1,successful,2021,cb02db7930176d05964d3afe98f460ffa364f366
10.1177/0956797609358096,1,failed,2014,cb02db7930176d05964d3afe98f460ffa364f366
10.1177/0956797609359908,3,failed | mixed | successful,2018,cb02db7930176d05964d3afe98f460ffa364f366
10.1177/0956797610362675,1,mixed,2018,cb02db7930176d05964d3afe98f460ffa364f366
10.1177/0956797610363775,1,failed,2017,cb02db7930176d05964d3afe98f460ffa364f366
10.1177/0956797610364762,1,mixed,2019,cb02db7930176d05964d3afe98f460ffa364f366
10.1177/0956797610372631,1,failed,2014,cb02db7930176d05964d3afe98f460ffa364f366
10.1177/0956797610383437,3,failed | mixed,2015,cb02db7930176d05964d3afe98f460ffa364f366
10.1177/0956797610384746,1,mixed,2019,cb02db7930176d05964d3afe98f460ffa364f366
10.1177/0956797610388048,1,mixed,2022,cb02db7930176d05964d3afe98f460ffa364f366
10.1177/0956797610389187,1,failed,2018,cb02db7930176d05964d3afe98f460ffa364f366
10.1177/0956797610395393,1,failed,2016,cb02db7930176d05964d3afe98f460ffa364f366
10.1177/0956797610397956,1,successful,2023,cb02db7930176d05964d3afe98f460ffa364f366
10.1177/0956797611398497,1,failed,2020,cb02db7930176d05964d3afe98f460ffa364f366
10.1177/0956797611402514,1,failed,2020,cb02db7930176d05964d3afe98f460ffa364f366
10.1177/0956797611406445,1,successful,2020,cb02db7930176d05964d3afe98f460ffa364f366
10.1177/0956797611413935,2,failed | successful,2017,cb02db7930176d05964d3afe98f460ffa364f366
10.1177/0956797611414726,1,failed,2014,cb02db7930176d05964d3afe98f460ffa364f366
10.1177/0956797611418350,1,successful,2023,cb02db7930176d05964d3afe98f460ffa364f366
10.1177/0956797611420166,1,failed,2020,cb02db7930176d05964d3afe98f460ffa364f366
10.1177/0956797611428079,1,failed,2023,cb02db7930176d05964d3afe98f460ffa364f366
10.1177/0956797611429579,1,mixed,2018,cb02db7930176d05964d3afe98f460ffa364f366
10.1177/0956797611431465,1,failed,2019,cb02db7930176d05964d3afe98f460ffa364f366
10.1177/0956797611432497,1,failed,2014,cb02db7930176d05964d3afe98f460ffa364f366
10.1177/0956797611434537,1,failed,2018,cb02db7930176d05964d3afe98f460ffa364f366
10.1177/0956797611434540,1,failed,2023,cb02db7930176d05964d3afe98f460ffa364f366
10.1177/0956797611434748,2,mixed | statistically successful but flawed,2015,cb02db7930176d05964d3afe98f460ffa364f366
10.1177/0956797612443835,1,failed,2020,cb02db7930176d05964d3afe98f460ffa364f366
10.1177/0956797612445318,1,mixed,2023,cb02db7930176d05964d3afe98f460ffa364f366
10.1177/0956797612446024,1,failed,2024,cb02db7930176d05964d3afe98f460ffa364f366
10.1177/0956797612449177,1,failed,2023,cb02db7930176d05964d3afe98f460ffa364f366
10.1177/0956797612452574,1,failed,2020,cb02db7930176d05964d3afe98f460ffa364f366
10.1177/0956797612465878,1,failed,2016,cb02db7930176d05964d3afe98f460ffa364f366
10.1177/0956797613476045,1,failed,2020,cb02db7930176d05964d3afe98f460ffa364f366
10.1177/0956797613482943,1,successful,2024,cb02db7930176d05964d3afe98f460ffa364f366
10.1177/0956797613482947,1,successful,2020,cb02db7930176d05964d3afe98f460ffa364f366
10.1177/0956797613493642,1,failed,2015,cb02db7930176d05964d3afe98f460ffa364f366
10.1177/0956797613494848,1,mixed,2021,cb02db7930176d05964d3afe98f460ffa364f366
10.1177/0956797613494853,1,successful,2023,cb02db7930176d05964d3afe98f460ffa364f366
10.1177/0956797613497969,1,failed,2015,cb02db7930176d05964d3afe98f460ffa364f366
10.1177/0956797613502732,1,failed,2023,cb02db7930176d05964d3afe98f460ffa364f366
10.1177/0956797613504785,1,successful,2022,cb02db7930176d05964d3afe98f460ffa364f366
10.1177/0956797613508412,3,failed,2017,cb02db7930176d05964d3afe98f460ffa364f366
10.1177/0956797614524581,1,mixed,2019,cb02db7930176d05964d3afe98f460ffa364f366
10.1177/0956797614527113,1,failed,2023,cb02db7930176d05964d3afe98f460ffa364f366
10.1177/0956797614534693,1,failed,2023,cb02db7930176d05964d3afe98f460ffa364f366
10.1177/0956797614536739,1,mixed,2023,cb02db7930176d05964d3afe98f460ffa364f366
10.1177/0956797614545886,2,failed | successful,2020,cb02db7930176d05964d3afe98f460ffa364f366
10.1177/0956797614547705,1,mixed,2023,cb02db7930176d05964d3afe98f460ffa364f366
10.1177/0956797614553009,1,successful,2023,cb02db7930176d05964d3afe98f460ffa364f366
10.1177/0956797614554955,1,mixed,2023,cb02db7930176d05964d3afe98f460ffa364f366
10.1177/0956797614558718,1,successful,2023,cb02db7930176d05964d3afe98f460ffa364f366
10.1177/0956797614559285,1,mixed,2023,cb02db7930176d05964d3afe98f460ffa364f366
10.1177/0956797614561266,1,mixed,2023,cb02db7930176d05964d3afe98f460ffa364f366
10.1177/0956797614563108,2,failed,2020,cb02db7930176d05964d3afe98f460ffa364f366
10.1177/0956797614563958,2,failed | successful,2021,cb02db7930176d05964d3afe98f460ffa364f366
10.1177/0956797615569889,1,failed,2023,cb02db7930176d05964d3afe98f460ffa364f366
10.1177/0956797615572231,1,mixed,2023,cb02db7930176d05964d3afe98f460ffa364f366
10.1177/0956797615573516,1,mixed,2023,cb02db7930176d05964d3afe98f460ffa364f366
10.1177/0956797615576533,1,failed,2021,cb02db7930176d05964d3afe98f460ffa364f366
10.1177/0956797615581491,1,failed,2025,cb02db7930176d05964d3afe98f460ffa364f366
10.1177/0956797615585002,1,mixed,2023,cb02db7930176d05964d3afe98f460ffa364f366
10.1177/0956797615588195,1,successful,2023,cb02db7930176d05964d3afe98f460ffa364f366
10.1177/0956797615598739,1,successful,2023,cb02db7930176d05964d3afe98f460ffa364f366
10.1177/0956797615608267,1,successful,2023,cb02db7930176d05964d3afe98f460ffa364f366
10.1177/0956797615612202,1,mixed,2023,cb02db7930176d05964d3afe98f460ffa364f366
10.1177/0956797615617779,1,successful,2023,cb02db7930176d05964d3afe98f460ffa364f366
10.1177/0956797615623770,1,mixed,2019,cb02db7930176d05964d3afe98f460ffa364f366
10.1177/0956797615624492,2,failed | mixed,2023,cb02db7930176d05964d3afe98f460ffa364f366
10.1177/0956797615625640,2,failed | mixed,2021,cb02db7930176d05964d3afe98f460ffa364f366
10.1177/0956797616630964,1,mixed,2023,cb02db7930176d05964d3afe98f460ffa364f366
10.1177/0956797616639727,1,failed,2023,cb02db7930176d05964d3afe98f460ffa364f366
10.1177/0956797616640705,1,successful,2023,cb02db7930176d05964d3afe98f460ffa364f366
10.1177/0956797616650875,1,successful,2023,cb02db7930176d05964d3afe98f460ffa364f366
10.1177/0956797616651973,1,successful,2023,cb02db7930176d05964d3afe98f460ffa364f366
10.1177/0956797616662271,1,successful,2023,cb02db7930176d05964d3afe98f460ffa364f366
10.1177/0956797616667459,2,failed,2022,cb02db7930176d05964d3afe98f460ffa364f366
10.1177/0956797616669086,1,failed,2025,cb02db7930176d05964d3afe98f460ffa364f366
10.1177/0956797616669947,1,failed,2023,cb02db7930176d05964d3afe98f460ffa364f366
10.1177/0956797616674999,1,successful,2023,cb02db7930176d05964d3afe98f460ffa364f366
10.1177/0956797616677313,1,successful,2019,cb02db7930176d05964d3afe98f460ffa364f366
10.1177/0956797616685771,1,mixed,2023,cb02db7930176d05964d3afe98f460ffa364f366
10.1177/0956797616689092,1,successful,2021,cb02db7930176d05964d3afe98f460ffa364f366
10.1177/0956797617690277,1,successful,2026,cb02db7930176d05964d3afe98f460ffa364f366
10.1177/0956797617702699,1,successful,2019,cb02db7930176d05964d3afe98f460ffa364f366
10.1177/0956797617705399,1,successful,2023,cb02db7930176d05964d3afe98f460ffa364f366
10.1177/0956797617710785,1,successful,2019,cb02db7930176d05964d3afe98f460ffa364f366
10.1177/0956797617721270,2,failed,2020,cb02db7930176d05964d3afe98f460ffa364f366
10.1177/0956797617728270,1,failed,2023,cb02db7930176d05964d3afe98f460ffa364f366
10.1177/0956797618756862,1,mixed,2026,cb02db7930176d05964d3afe98f460ffa364f366
10.1177/0956797618760784,1,successful,2023,cb02db7930176d05964d3afe98f460ffa364f366
10.1177/0956797618764621,1,mixed,2021,cb02db7930176d05964d3afe98f460ffa364f366
10.1177/0956797618779061,1,successful,2023,cb02db7930176d05964d3afe98f460ffa364f366
10.1177/0956797618780643,1,failed,2023,cb02db7930176d05964d3afe98f460ffa364f366
10.1177/0956797618788882,1,successful,2023,cb02db7930176d05964d3afe98f460ffa364f366
10.1177/0956797618805750,1,successful,2023,cb02db7930176d05964d3afe98f460ffa364f366
10.1177/0956797618806296,1,successful,2023,cb02db7930176d05964d3afe98f460ffa364f366
10.1177/0956797618818484,1,mixed,2023,cb02db7930176d05964d3afe98f460ffa364f366
10.1177/0956797619842191,1,failed,2024,cb02db7930176d05964d3afe98f460ffa364f366
10.1177/0956797619854706,1,failed,2023,cb02db7930176d05964d3afe98f460ffa364f366
10.1177/0956797619855382,1,mixed,2023,cb02db7930176d05964d3afe98f460ffa364f366
10.1177/0956797619856844,1,failed,2023,cb02db7930176d05964d3afe98f460ffa364f366
10.1177/0956797619879441,1,failed,2023,cb02db7930176d05964d3afe98f460ffa364f366
10.1177/0956797619887896,1,successful,2025,cb02db7930176d05964d3afe98f460ffa364f366
10.1177/0956797620927967,1,successful,2023,cb02db7930176d05964d3afe98f460ffa364f366
10.1177/0956797620939054,2,mixed,2021,cb02db7930176d05964d3afe98f460ffa364f366
10.1177/0956797620972367,1,failed,2023,cb02db7930176d05964d3afe98f460ffa364f366
10.1177/09567976221082637,1,successful,2023,cb02db7930176d05964d3afe98f460ffa364f366
10.1177/09567976221082941,1,failed,2024,cb02db7930176d05964d3afe98f460ffa364f366
10.1177/09567976221108944,1,successful,2024,cb02db7930176d05964d3afe98f460ffa364f366
10.1177/09567976241249183,1,successful,2026,cb02db7930176d05964d3afe98f460ffa364f366
10.1177/0963662514549688,1,failed,2018,cb02db7930176d05964d3afe98f460ffa364f366
10.1177/1049731508329392,1,failed,2014,cb02db7930176d05964d3afe98f460ffa364f366
10.1177/1049731509359187,1,mixed,2015,cb02db7930176d05964d3afe98f460ffa364f366
10.1177/1053815112471990,1,successful,2016,cb02db7930176d05964d3afe98f460ffa364f366
10.1177/106169340301200205,1,mixed,2010,cb02db7930176d05964d3afe98f460ffa364f366
10.1177/106342669800600406,1,successful,2005,cb02db7930176d05964d3afe98f460ffa364f366
10.1177/1065912920950482,1,failed,2025,cb02db7930176d05964d3afe98f460ffa364f366
10.1177/1073191116686685,1,successful,2020,cb02db7930176d05964d3afe98f460ffa364f366
10.1177/1077559513483002,1,successful,2022,cb02db7930176d05964d3afe98f460ffa364f366
10.1177/1088357615618941,1,successful,2018,cb02db7930176d05964d3afe98f460ffa364f366
10.1177/1098300711398935,1,successful,2016,cb02db7930176d05964d3afe98f460ffa364f366
10.1177/1098300712440453,1,successful,2016,cb02db7930176d05964d3afe98f460ffa364f366
10.1177/1098300714565244,1,successful,2018,cb02db7930176d05964d3afe98f460ffa364f366
10.1177/1098300717693568,1,mixed,2018,cb02db7930176d05964d3afe98f460ffa364f366
10.1177/1362168813505389,1,successful,2016,cb02db7930176d05964d3afe98f460ffa364f366
10.1177/1362168815617334,1,successful,2017,cb02db7930176d05964d3afe98f460ffa364f366
10.1177/1362168820921895,1,successful,2023,cb02db7930176d05964d3afe98f460ffa364f366
10.1177/13621688211044240,1,successful,2023,cb02db7930176d05964d3afe98f460ffa364f366
10.1177/1367006916688333,1,failed,2025,cb02db7930176d05964d3afe98f460ffa364f366
10.1177/1368430219845462,1,mixed,2022,cb02db7930176d05964d3afe98f460ffa364f366
10.1177/1545968317746781,1,mixed,2020,cb02db7930176d05964d3afe98f460ffa364f366
10.1177/1747021817744546,1,mixed,2023,cb02db7930176d05964d3afe98f460ffa364f366
10.1177/1747021820980301,1,mixed,2024,cb02db7930176d05964d3afe98f460ffa364f366
10.1177/1754073908100432,1,successful,2018,cb02db7930176d05964d3afe98f460ffa364f366
10.1177/1948550609360261,1,failed,2024,cb02db7930176d05964d3afe98f460ffa364f366
10.1177/1948550611410890,1,mixed,2016,cb02db7930176d05964d3afe98f460ffa364f366
10.1177/1948550611419266,1,failed,2015,cb02db7930176d05964d3afe98f460ffa364f366
10.1177/1948550611432938,1,successful,2025,cb02db7930176d05964d3afe98f460ffa364f366
10.1177/1948550611435136,1,successful,2025,cb02db7930176d05964d3afe98f460ffa364f366
10.1177/1948550612447114,1,failed,2016,cb02db7930176d05964d3afe98f460ffa364f366
10.1177/1948550612452014,1,failed,2015,cb02db7930176d05964d3afe98f460ffa364f366
10.1177/1948550612457688,1,failed,2023,cb02db7930176d05964d3afe98f460ffa364f366
10.1177/1948550612466115,1,failed,2020,cb02db7930176d05964d3afe98f460ffa364f366
10.1177/1948550614555029,1,failed,2021,cb02db7930176d05964d3afe98f460ffa364f366
10.1177/1948550616628608,1,failed,2017,cb02db7930176d05964d3afe98f460ffa364f366
10.1177/1948550617720269,1,failed,2023,cb02db7930176d05964d3afe98f460ffa364f366
10.1177/1948550617751583,1,failed,2018,cb02db7930176d05964d3afe98f460ffa364f366
10.1177/1948550619843931,1,statistically successful but flawed,2024,cb02db7930176d05964d3afe98f460ffa364f366
10.1177/1948550619849426,1,mixed,2023,cb02db7930176d05964d3afe98f460ffa364f366
10.1177/2043808719834451,1,failed,2021,cb02db7930176d05964d3afe98f460ffa364f366
10.1177/215416470604100404,1,successful,2011,cb02db7930176d05964d3afe98f460ffa364f366
10.1177/2156759x0901300101,1,mixed,2011,cb02db7930176d05964d3afe98f460ffa364f366
10.1177/2167702612472487,1,mixed,2014,cb02db7930176d05964d3afe98f460ffa364f366
10.1177/2167702614545216,2,failed,2023,cb02db7930176d05964d3afe98f460ffa364f366
10.1177/2167702616677312,1,successful,2018,cb02db7930176d05964d3afe98f460ffa364f366
10.1177/2167702618757658,1,failed,2019,cb02db7930176d05964d3afe98f460ffa364f366
10.1177/2f10986111211035002,1,descriptive only,2022,cb02db7930176d05964d3afe98f460ffa364f366
10.1186/1471-2318-14-29,1,successful,2017,cb02db7930176d05964d3afe98f460ffa364f366
10.1186/ar2695,1,successful,2012,cb02db7930176d05964d3afe98f460ffa364f366
10.1186/s12913-017-2744-8,1,successful,2024,cb02db7930176d05964d3afe98f460ffa364f366
10.1186/s12913-021-06708-6,1,mixed,2023,cb02db7930176d05964d3afe98f460ffa364f366
10.1186/s13012-015-0364-4,1,successful,2025,cb02db7930176d05964d3afe98f460ffa364f366
10.1186/s13148-019-0699-9,1,mixed,2021,cb02db7930176d05964d3afe98f460ffa364f366
10.1186/s13229-020-00389-4,1,failed,2024,cb02db7930176d05964d3afe98f460ffa364f366
10.1186/s40163-021-00141-0,1,descriptive only,2022,cb02db7930176d05964d3afe98f460ffa364f366
10.1186/s41155-024-00291-5,1,mixed,2024,cb02db7930176d05964d3afe98f460ffa364f366
10.1186/s41239-025-00533-1,1,successful,2025,cb02db7930176d05964d3afe98f460ffa364f366
10.1187/cbe.16-10-0294,1,successful,2019,cb02db7930176d05964d3afe98f460ffa364f366
10.1191/0969733002ne512oa,1,mixed,2011,cb02db7930176d05964d3afe98f460ffa364f366
10.1192/bjp.124.6.588,1,mixed,1977,cb02db7930176d05964d3afe98f460ffa364f366
10.1192/bjp.129.2.125,1,successful,1992,cb02db7930176d05964d3afe98f460ffa364f366
10.1192/bjp.139.6.553,1,failed,1983,cb02db7930176d05964d3afe98f460ffa364f366
10.1192/bjp.142.2.139,1,successful,1987,cb02db7930176d05964d3afe98f460ffa364f366
10.1192/s0007125000283001,1,mixed,1982,cb02db7930176d05964d3afe98f460ffa364f366
10.1198/073500102317352029,1,mixed,2017,cb02db7930176d05964d3afe98f460ffa364f366
10.1198/jbes.2009.07213,2,successful,2015,cb02db7930176d05964d3afe98f460ffa364f366
10.1207/s15324834basp2504_5,2,failed,2022,cb02db7930176d05964d3afe98f460ffa364f366
10.1207/s15326985ep3902_1,1,mixed,2020,cb02db7930176d05964d3afe98f460ffa364f366
10.1207/s15327809jls1302_1,1,successful,2011,cb02db7930176d05964d3afe98f460ffa364f366
10.1207/s15327906mbr0502_2,1,successful,1970,cb02db7930176d05964d3afe98f460ffa364f366
10.1207/s15328023top2704_02,1,successful,2018,cb02db7930176d05964d3afe98f460ffa364f366
10.1207/s15506878jobem4801_3,1,mixed,2016,cb02db7930176d05964d3afe98f460ffa364f366
10.1210/jc.2011-1801,1,mixed,2021,cb02db7930176d05964d3afe98f460ffa364f366
10.1212/wnl.0000000000213905,1,successful,2026,cb02db7930176d05964d3afe98f460ffa364f366
10.1227/neu.0000000000003032,1,mixed,2026,cb02db7930176d05964d3afe98f460ffa364f366
10.1248/bpb.b19-00527,1,mixed,2022,cb02db7930176d05964d3afe98f460ffa364f366
10.1249/mss.0000000000000818,2,failed,2025,cb02db7930176d05964d3afe98f460ffa364f366
10.1249/mss.0000000000001982,1,failed,2025,cb02db7930176d05964d3afe98f460ffa364f366
10.1249/mss.0000000000002323,1,failed,2025,cb02db7930176d05964d3afe98f460ffa364f366
10.1257/00028280260344452,1,failed,2014,cb02db7930176d05964d3afe98f460ffa364f366
10.1257/000282802762024700,1,mixed,2012,cb02db7930176d05964d3afe98f460ffa364f366
10.1257/0002828041464614,1,successful,2015,cb02db7930176d05964d3afe98f460ffa364f366
10.1257/0002828053828671,1,mixed,2021,cb02db7930176d05964d3afe98f460ffa364f366
10.1257/0002828054201387,1,failed,2015,cb02db7930176d05964d3afe98f460ffa364f366
10.1257/aer.100.3.1238,1,failed,2021,cb02db7930176d05964d3afe98f460ffa364f366
10.1257/aer.100.4.1913,1,failed,2026,cb02db7930176d05964d3afe98f460ffa364f366
10.1257/aer.101.2.470,1,failed,2016,cb02db7930176d05964d3afe98f460ffa364f366
10.1257/aer.101.2.526,1,successful,2016,cb02db7930176d05964d3afe98f460ffa364f366
10.1257/aer.101.2.749,1,failed,2016,cb02db7930176d05964d3afe98f460ffa364f366
10.1257/aer.101.2.819,1,failed,2016,cb02db7930176d05964d3afe98f460ffa364f366
10.1257/aer.101.2.927,1,successful,2016,cb02db7930176d05964d3afe98f460ffa364f366
10.1257/aer.101.4.1211,1,successful,2016,cb02db7930176d05964d3afe98f460ffa364f366
10.1257/aer.101.6.2562,1,failed,2016,cb02db7930176d05964d3afe98f460ffa364f366
10.1257/aer.101.7.3109,1,failed,2016,cb02db7930176d05964d3afe98f460ffa364f366
10.1257/aer.101.7.3221,2,successful,2012,cb02db7930176d05964d3afe98f460ffa364f366
10.1257/aer.102.1.337,1,successful,2016,cb02db7930176d05964d3afe98f460ffa364f366
10.1257/aer.102.2.720,1,successful,2016,cb02db7930176d05964d3afe98f460ffa364f366
10.1257/aer.102.2.834,1,successful,2016,cb02db7930176d05964d3afe98f460ffa364f366
10.1257/aer.102.2.865,1,successful,2016,cb02db7930176d05964d3afe98f460ffa364f366
10.1257/aer.102.3.594,1,mixed,2021,cb02db7930176d05964d3afe98f460ffa364f366
10.1257/aer.102.5.2018,1,successful,2016,cb02db7930176d05964d3afe98f460ffa364f366
10.1257/aer.102.5.2358,1,successful,2024,cb02db7930176d05964d3afe98f460ffa364f366
10.1257/aer.102.7.3317,1,successful,2016,cb02db7930176d05964d3afe98f460ffa364f366
10.1257/aer.103.1.1,1,failed,2018,cb02db7930176d05964d3afe98f460ffa364f366
10.1257/aer.103.4.1325,1,successful,2016,cb02db7930176d05964d3afe98f460ffa364f366
10.1257/aer.104.1.123,1,failed,2018,cb02db7930176d05964d3afe98f460ffa364f366
10.1257/aer.104.11.3434,1,successful,2016,cb02db7930176d05964d3afe98f460ffa364f366
10.1257/aer.104.12.3991,1,mixed,2022,cb02db7930176d05964d3afe98f460ffa364f366
10.1257/aer.104.6.1735,1,failed,2016,cb02db7930176d05964d3afe98f460ffa364f366
10.1257/aer.104.9.2593,1,successful,2014,cb02db7930176d05964d3afe98f460ffa364f366
10.1257/aer.20130267,1,successful,2025,cb02db7930176d05964d3afe98f460ffa364f366
10.1257/aer.20130683,1,failed,2024,cb02db7930176d05964d3afe98f460ffa364f366
10.1257/aer.20141409,1,failed,2023,cb02db7930176d05964d3afe98f460ffa364f366
10.1257/aer.20151551,1,successful,2021,cb02db7930176d05964d3afe98f460ffa364f366
10.1257/aer.20160425,1,mixed,2022,cb02db7930176d05964d3afe98f460ffa364f366
10.1257/aer.20170029,1,failed,2025,cb02db7930176d05964d3afe98f460ffa364f366
10.1257/aer.20180338,1,successful,2020,cb02db7930176d05964d3afe98f460ffa364f366
10.1257/aer.20201550,1,mixed,2026,cb02db7930176d05964d3afe98f460ffa364f366
10.1257/aer.96.5.1611,1,mixed,2012,cb02db7930176d05964d3afe98f460ffa364f366
10.1257/aer.98.3.924,1,successful,2024,cb02db7930176d05964d3afe98f460ffa364f366
10.1257/aer.99.3.1040,1,mixed,2023,cb02db7930176d05964d3afe98f460ffa364f366
10.1257/app.1.1.183,1,failed,2012,cb02db7930176d05964d3afe98f460ffa364f366
10.1257/app.1.3.111,1,mixed,2020,cb02db7930176d05964d3afe98f460ffa364f366
10.1257/app.1.4.140,1,mixed,2019,cb02db7930176d05964d3afe98f460ffa364f366
10.1257/app.20150517,1,failed,2025,cb02db7930176d05964d3afe98f460ffa364f366
10.1257/app.3.1.239,1,failed,2026,cb02db7930176d05964d3afe98f460ffa364f366
10.1257/jep.28.1.167,1,failed,2022,cb02db7930176d05964d3afe98f460ffa364f366
10.1287/isre.1040.0032,1,mixed,2020,cb02db7930176d05964d3afe98f460ffa364f366
10.1287/isre.1050.0073,1,mixed,2018,cb02db7930176d05964d3afe98f460ffa364f366
10.1287/mnsc.1110.1365,1,successful,2024,cb02db7930176d05964d3afe98f460ffa364f366
10.1287/mnsc.1110.1449,1,statistically successful but flawed,2017,cb02db7930176d05964d3afe98f460ffa364f366
10.1287/mnsc.1120.1650,1,failed,2026,cb02db7930176d05964d3afe98f460ffa364f366
10.1287/mnsc.2014.1966,1,successful,2023,cb02db7930176d05964d3afe98f460ffa364f366
10.1287/mnsc.2016.2664,1,failed,2021,cb02db7930176d05964d3afe98f460ffa364f366
10.1287/mnsc.2018.3249,1,successful,2024,cb02db7930176d05964d3afe98f460ffa364f366
10.1287/mnsc.2019.3362,1,failed,2023,cb02db7930176d05964d3afe98f460ffa364f366
10.1287/orsc.1040.0065,1,failed,2016,cb02db7930176d05964d3afe98f460ffa364f366
10.1287/orsc.1080.0377,1,successful,2025,cb02db7930176d05964d3afe98f460ffa364f366
10.1287/orsc.2017.1146,1,successful,2022,cb02db7930176d05964d3afe98f460ffa364f366
10.1287/orsc.2021.1456,1,mixed,2023,cb02db7930176d05964d3afe98f460ffa364f366
10.1348/000709909x466479,1,failed,2013,cb02db7930176d05964d3afe98f460ffa364f366
10.1348/014466609x473956,1,successful,2019,cb02db7930176d05964d3afe98f460ffa364f366
10.1348/026151001166182,1,successful,2022,cb02db7930176d05964d3afe98f460ffa364f366
10.1350/ijps.2013.15.2.306,1,mixed,2014,cb02db7930176d05964d3afe98f460ffa364f366
10.1352/1934-9556-56.6.442,1,successful,2020,cb02db7930176d05964d3afe98f460ffa364f366
10.1353/aad.0.0113,1,mixed,2011,cb02db7930176d05964d3afe98f460ffa364f366
10.1353/etc.2015.0001,1,successful,2018,cb02db7930176d05964d3afe98f460ffa364f366
10.1353/lib.2022.0003,1,successful,2026,cb02db7930176d05964d3afe98f460ffa364f366
10.1371/journal.pbio.0060202,1,failed,2020,cb02db7930176d05964d3afe98f460ffa364f366
10.1371/journal.pgen.1000378,1,successful,2010,cb02db7930176d05964d3afe98f460ffa364f366
10.1371/journal.pgen.1000847,1,mixed,2012,cb02db7930176d05964d3afe98f460ffa364f366
10.1371/journal.pgen.1002656,1,failed,2016,cb02db7930176d05964d3afe98f460ffa364f366
10.1371/journal.pone.0004117,1,failed,2020,cb02db7930176d05964d3afe98f460ffa364f366
10.1371/journal.pone.0016782,1,successful,2016,cb02db7930176d05964d3afe98f460ffa364f366
10.1371/journal.pone.0026828,1,failed,2023,cb02db7930176d05964d3afe98f460ffa364f366
10.1371/journal.pone.0045232,1,failed,2019,cb02db7930176d05964d3afe98f460ffa364f366
10.1371/journal.pone.0049083,1,successful,2014,cb02db7930176d05964d3afe98f460ffa364f366
10.1371/journal.pone.0059837,1,failed,2017,cb02db7930176d05964d3afe98f460ffa364f366
10.1371/journal.pone.0071475,1,successful,2023,cb02db7930176d05964d3afe98f460ffa364f366
10.1371/journal.pone.0072626,1,failed,2019,cb02db7930176d05964d3afe98f460ffa364f366
10.1371/journal.pone.0089642,1,successful,2018,cb02db7930176d05964d3afe98f460ffa364f366
10.1371/journal.pone.0111065,1,failed,2019,cb02db7930176d05964d3afe98f460ffa364f366
10.1371/journal.pone.0144228,1,failed,2021,cb02db7930176d05964d3afe98f460ffa364f366
10.1371/journal.pone.0154854,1,successful,2023,cb02db7930176d05964d3afe98f460ffa364f366
10.1371/journal.pone.0163051,1,failed,2021,cb02db7930176d05964d3afe98f460ffa364f366
10.1371/journal.pone.0175799,1,failed,2021,cb02db7930176d05964d3afe98f460ffa364f366
10.1371/journal.pone.0181640,1,failed,2023,cb02db7930176d05964d3afe98f460ffa364f366
10.1371/journal.pone.0197268,1,successful,2021,cb02db7930176d05964d3afe98f460ffa364f366
10.1371/journal.pone.0205903,1,mixed,2021,cb02db7930176d05964d3afe98f460ffa364f366
10.1371/journal.pone.0216241,1,mixed,2025,cb02db7930176d05964d3afe98f460ffa364f366
10.1371/journal.pone.0220282,1,successful,2023,cb02db7930176d05964d3afe98f460ffa364f366
10.1371/journal.pone.0226284,1,successful,2024,cb02db7930176d05964d3afe98f460ffa364f366
10.1375/twin.14.6.539,1,successful,2013,cb02db7930176d05964d3afe98f460ffa364f366
10.1377/hlthaff.2012.0393,1,failed,2016,cb02db7930176d05964d3afe98f460ffa364f366
10.1504/ijewm.2016.078598,1,successful,2020,cb02db7930176d05964d3afe98f460ffa364f366
10.1509/jm.16.0125,1,failed,2026,cb02db7930176d05964d3afe98f460ffa364f366
10.1509/jmkg.73.3.052,1,successful,2017,cb02db7930176d05964d3afe98f460ffa364f366
10.1509/jmkr.45.6.633,1,failed,2018,cb02db7930176d05964d3afe98f460ffa364f366
10.1509/jmkr.46.1.37,1,failed,2025,cb02db7930176d05964d3afe98f460ffa364f366
10.1509/jmkr.46.2.247,1,successful,2025,cb02db7930176d05964d3afe98f460ffa364f366
10.1509/jmkr.47.2.348,1,successful,2025,cb02db7930176d05964d3afe98f460ffa364f366
10.1509/jmkr.48.2.403,1,failed,2025,cb02db7930176d05964d3afe98f460ffa364f366
10.1509/jmr.12.0430,1,successful,2025,cb02db7930176d05964d3afe98f460ffa364f366
10.1509/jmr.13.0023,1,failed,2022,cb02db7930176d05964d3afe98f460ffa364f366
10.1509/jmr.13.0451,1,failed,2021,cb02db7930176d05964d3afe98f460ffa364f366
10.1509/jmr.14.0130,1,failed,2025,cb02db7930176d05964d3afe98f460ffa364f366
10.1509/jmr.14.0300,1,failed,2026,cb02db7930176d05964d3afe98f460ffa364f366
10.1509/jppm.16.157,1,successful,2021,cb02db7930176d05964d3afe98f460ffa364f366
10.1509/jppm.29.2.265,1,successful,2015,cb02db7930176d05964d3afe98f460ffa364f366
10.1515/iral.1994.32.1.41,1,successful,2021,cb02db7930176d05964d3afe98f460ffa364f366
10.1515/ling.2011.016,1,successful,2023,cb02db7930176d05964d3afe98f460ffa364f366
10.1515/lingvan-2020-0040,1,mixed,2026,cb02db7930176d05964d3afe98f460ffa364f366
10.1519/jsc.0000000000001122,1,failed,2025,cb02db7930176d05964d3afe98f460ffa364f366
10.1519/jsc.0000000000001280,1,failed,2025,cb02db7930176d05964d3afe98f460ffa364f366
10.1519/jsc.0000000000001339,1,successful,2025,cb02db7930176d05964d3afe98f460ffa364f366
10.1519/jsc.0000000000001503,1,failed,2025,cb02db7930176d05964d3afe98f460ffa364f366
10.1519/jsc.0000000000001620,1,failed,2025,cb02db7930176d05964d3afe98f460ffa364f366
10.1519/jsc.0000000000001655,1,successful,2025,cb02db7930176d05964d3afe98f460ffa364f366
10.1519/jsc.0000000000002198,1,failed,2025,cb02db7930176d05964d3afe98f460ffa364f366
10.1519/jsc.0000000000002981,1,failed,2025,cb02db7930176d05964d3afe98f460ffa364f366
10.1519/jsc.0000000000003009,1,successful,2025,cb02db7930176d05964d3afe98f460ffa364f366
10.1519/jsc.0000000000003166,1,failed,2025,cb02db7930176d05964d3afe98f460ffa364f366
10.1519/jsc.0000000000003326,1,failed,2025,cb02db7930176d05964d3afe98f460ffa364f366
10.1521/ijgp.52.4.511.45520,1,mixed,2010,cb02db7930176d05964d3afe98f460ffa364f366
10.1521/jsyt.2012.31.2.21,1,successful,2015,cb02db7930176d05964d3afe98f460ffa364f366
10.1521/pedi.17.2.152.23990,1,successful,2014,cb02db7930176d05964d3afe98f460ffa364f366
10.1521/pedi.2010.24.4.516,1,mixed,2014,cb02db7930176d05964d3afe98f460ffa364f366
10.1521/soco.2018.36.1.4,1,failed,2021,cb02db7930176d05964d3afe98f460ffa364f366
10.1523/jneurosci.0411-11.2011,1,failed,2025,cb02db7930176d05964d3afe98f460ffa364f366
10.1523/jneurosci.0816-23.2023,1,mixed,2026,cb02db7930176d05964d3afe98f460ffa364f366
10.1523/jneurosci.14-05-03208.1994,1,failed,2014,cb02db7930176d05964d3afe98f460ffa364f366
10.1523/jneurosci.1489-14.2014,1,failed,2025,cb02db7930176d05964d3afe98f460ffa364f366
10.1523/jneurosci.1959-18.2018,1,failed,2024,cb02db7930176d05964d3afe98f460ffa364f366
10.1523/jneurosci.5538-09.2010,1,successful,2020,cb02db7930176d05964d3afe98f460ffa364f366
10.1523/jneurosci.5996-10.2012,1,failed,2019,cb02db7930176d05964d3afe98f460ffa364f366
10.15288/jsa.2006.67.169,1,successful,2016,cb02db7930176d05964d3afe98f460ffa364f366
10.1534/g3.114.015669,1,failed,2019,cb02db7930176d05964d3afe98f460ffa364f366
10.1556/jep.7.2009.1.3,1,failed,2024,cb02db7930176d05964d3afe98f460ffa364f366
10.15763/issn.1936-9298.2024.1.1.15-35,1,successful,2026,cb02db7930176d05964d3afe98f460ffa364f366
10.1606/1044-3894.1817,1,failed,2000,cb02db7930176d05964d3afe98f460ffa364f366
10.1644/1545-1542(2005)086[0745:bbabss]2.0.co;2,1,successful,2024,cb02db7930176d05964d3afe98f460ffa364f366
10.1682/jrrd.2013.05.0104,1,successful,2015,cb02db7930176d05964d3afe98f460ffa364f366
10.17705/1cais.02729,1,mixed,2018,cb02db7930176d05964d3afe98f460ffa364f366
10.17705/1jais.00232,1,mixed,2016,cb02db7930176d05964d3afe98f460ffa364f366
10.17816/nb100176,1,successful,2015,cb02db7930176d05964d3afe98f460ffa364f366
10.18148/srm/2013.v7i3.5458,1,successful,2016,cb02db7930176d05964d3afe98f460ffa364f366
10.18420/muc2017-up-0002,1,mixed,2019,cb02db7930176d05964d3afe98f460ffa364f366
10.18574/nyu/9780814788912.003.0009,1,mixed,2025,cb02db7930176d05964d3afe98f460ffa364f366
10.18653/v1/2020.findings-emnlp.139,1,mixed,2022,cb02db7930176d05964d3afe98f460ffa364f366
10.18653/v1/p16-2067,1,successful,2017,cb02db7930176d05964d3afe98f460ffa364f366
10.1891/0886-6708.26.6.703,1,successful,2012,cb02db7930176d05964d3afe98f460ffa364f366
10.1891/0889-8391.22.4.303,1,successful,2015,cb02db7930176d05964d3afe98f460ffa364f366
10.1901/jaba.1976.9-179,1,failed,1985,cb02db7930176d05964d3afe98f460ffa364f366
10.1901/jaba.1982.15-533,1,mixed,2026,cb02db7930176d05964d3afe98f460ffa364f366
10.1901/jaba.1996.29-231,1,failed,1999,cb02db7930176d05964d3afe98f460ffa364f366
10.1901/jaba.1999.32-107,1,mixed,2015,cb02db7930176d05964d3afe98f460ffa364f366
10.1901/jaba.2004.37-11,1,successful,2013,cb02db7930176d05964d3afe98f460ffa364f366
10.1901/jaba.2006.46-05,1,successful,2011,cb02db7930176d05964d3afe98f460ffa364f366
10.1901/jaba.2011.44-121,1,successful,2022,cb02db7930176d05964d3afe98f460ffa364f366
10.1901/jaba.2011.44-327,1,failed,2013,cb02db7930176d05964d3afe98f460ffa364f366
10.1901/jaba.2012.45-69,1,successful,2016,cb02db7930176d05964d3afe98f460ffa364f366
10.1901/jeab.1970.13-127,1,successful,1989,cb02db7930176d05964d3afe98f460ffa364f366
10.1901/jeab.1981.36-141,1,successful,2018,cb02db7930176d05964d3afe98f460ffa364f366
10.1901/jeab.2008.90-257,1,successful,2012,cb02db7930176d05964d3afe98f460ffa364f366
10.20429/ijsotl.2013.070218,1,mixed,2018,cb02db7930176d05964d3afe98f460ffa364f366
10.2139/ssrn.1099464,1,mixed,2023,cb02db7930176d05964d3afe98f460ffa364f366
10.2139/ssrn.1246696,1,mixed,2014,cb02db7930176d05964d3afe98f460ffa364f366
10.2139/ssrn.2152623,1,mixed,2017,cb02db7930176d05964d3afe98f460ffa364f366
10.2139/ssrn.2645332,1,successful,2018,cb02db7930176d05964d3afe98f460ffa364f366
10.2139/ssrn.305167,1,successful,2022,cb02db7930176d05964d3afe98f460ffa364f366
10.2139/ssrn.331921,1,failed,2005,cb02db7930176d05964d3afe98f460ffa364f366
10.2139/ssrn.3435378,1,failed,2023,cb02db7930176d05964d3afe98f460ffa364f366
10.2139/ssrn.3649814,1,failed,2018,cb02db7930176d05964d3afe98f460ffa364f366
10.2139/ssrn.547183,1,failed,2024,cb02db7930176d05964d3afe98f460ffa364f366
10.2196/20572,1,mixed,2023,cb02db7930176d05964d3afe98f460ffa364f366
10.2196/26134,1,successful,2025,cb02db7930176d05964d3afe98f460ffa364f366
10.2196/37954,1,mixed,2023,cb02db7930176d05964d3afe98f460ffa364f366
10.2196/jmir.2551,1,successful,2016,cb02db7930176d05964d3afe98f460ffa364f366
10.22004/ag.econ.139020,1,failed,2022,cb02db7930176d05964d3afe98f460ffa364f366
10.2224/sbp.2008.36.6.753,1,mixed,2021,cb02db7930176d05964d3afe98f460ffa364f366
10.2307/1128199,2,failed | mixed,2010,cb02db7930176d05964d3afe98f460ffa364f366
10.2307/1241581,1,successful,2022,cb02db7930176d05964d3afe98f460ffa364f366
10.2307/1386523,1,mixed,2018,cb02db7930176d05964d3afe98f460ffa364f366
10.2307/1388548,1,failed,2017,cb02db7930176d05964d3afe98f460ffa364f366
10.2307/1412188,1,successful,2025,cb02db7930176d05964d3afe98f460ffa364f366
10.2307/145795,1,failed,1998,cb02db7930176d05964d3afe98f460ffa364f366
10.2307/1961661,1,failed,1998,cb02db7930176d05964d3afe98f460ffa364f366
10.2307/20159604,1,failed,2016,cb02db7930176d05964d3afe98f460ffa364f366
10.2307/20466649,1,successful,2017,cb02db7930176d05964d3afe98f460ffa364f366
10.2307/2061139,1,mixed,1984,cb02db7930176d05964d3afe98f460ffa364f366
10.2307/2082710,1,successful,1999,cb02db7930176d05964d3afe98f460ffa364f366
10.2307/2091819,1,mixed,1970,cb02db7930176d05964d3afe98f460ffa364f366
10.2307/2109862,1,mixed,2023,cb02db7930176d05964d3afe98f460ffa364f366
10.2307/2118389,1,failed,2003,cb02db7930176d05964d3afe98f460ffa364f366
10.2307/2118477,1,successful,2023,cb02db7930176d05964d3afe98f460ffa364f366
10.2307/2118508,1,mixed,2015,cb02db7930176d05964d3afe98f460ffa364f366
10.2307/2234376,1,failed,1994,cb02db7930176d05964d3afe98f460ffa364f366
10.2307/2327333,1,failed,1985,cb02db7930176d05964d3afe98f460ffa364f366
10.2307/2392469,1,mixed,1997,cb02db7930176d05964d3afe98f460ffa364f366
10.2307/2393473,1,successful,2016,cb02db7930176d05964d3afe98f460ffa364f366
10.2307/249688,1,mixed,2022,cb02db7930176d05964d3afe98f460ffa364f366
10.2307/249754,1,successful,2020,cb02db7930176d05964d3afe98f460ffa364f366
10.2307/255897,1,failed,2023,cb02db7930176d05964d3afe98f460ffa364f366
10.2307/256894,1,mixed,2016,cb02db7930176d05964d3afe98f460ffa364f366
10.2307/257100,1,successful,2022,cb02db7930176d05964d3afe98f460ffa364f366
10.2307/2585837,1,successful,2005,cb02db7930176d05964d3afe98f460ffa364f366
10.2307/2786238,1,failed,1976,cb02db7930176d05964d3afe98f460ffa364f366
10.2307/3250921,1,successful,2016,cb02db7930176d05964d3afe98f460ffa364f366
10.2307/329894,1,mixed,2011,cb02db7930176d05964d3afe98f460ffa364f366
10.2307/3333827,1,mixed,2026,cb02db7930176d05964d3afe98f460ffa364f366
10.2307/3512141,1,mixed,2010,cb02db7930176d05964d3afe98f460ffa364f366
10.2307/3586735,1,successful,2013,cb02db7930176d05964d3afe98f460ffa364f366
10.2307/41703463,1,successful,2018,cb02db7930176d05964d3afe98f460ffa364f366
10.2307/749455,2,successful,2021,cb02db7930176d05964d3afe98f460ffa364f366
10.2307/976307,1,mixed,2023,cb02db7930176d05964d3afe98f460ffa364f366
10.2308/acch-50181,1,successful,2016,cb02db7930176d05964d3afe98f460ffa364f366
10.2308/accr-51448,1,successful,2018,cb02db7930176d05964d3afe98f460ffa364f366
10.2337/diabetes.53.9.2467,1,successful,2006,cb02db7930176d05964d3afe98f460ffa364f366
10.2466/pms.109.2.577-580,1,mixed,2012,cb02db7930176d05964d3afe98f460ffa364f366
10.2466/pms.1999.89.1.151,1,successful,2000,cb02db7930176d05964d3afe98f460ffa364f366
10.2466/pr0.1972.30.2.636,1,successful,1973,cb02db7930176d05964d3afe98f460ffa364f366
10.2466/pr0.1997.80.2.511,1,successful,2001,cb02db7930176d05964d3afe98f460ffa364f366
10.2466/pr0.1998.83.2.455,1,successful,1999,cb02db7930176d05964d3afe98f460ffa364f366
10.2478/v10036-009-0039-9,1,successful,2020,cb02db7930176d05964d3afe98f460ffa364f366
10.2501/jar-40-1-2-29-34,1,successful,2000,cb02db7930176d05964d3afe98f460ffa364f366
10.25300/misq/2013/37.4.01,1,mixed,2018,cb02db7930176d05964d3afe98f460ffa364f366
10.25300/misq/2014/38.1.14,1,failed,2016,cb02db7930176d05964d3afe98f460ffa364f366
10.25300/misq/2018/13853,1,mixed,2021,cb02db7930176d05964d3afe98f460ffa364f366
10.25300/misq/2020/14110,1,failed,2025,cb02db7930176d05964d3afe98f460ffa364f366
10.25656/01:31701,1,successful,2012,cb02db7930176d05964d3afe98f460ffa364f366
10.2753/jec1086-4415130103,1,successful,2026,cb02db7930176d05964d3afe98f460ffa364f366
10.2753/joa0091-3367370303,1,failed,2015,cb02db7930176d05964d3afe98f460ffa364f366
10.2753/mis0742-1222240209,1,mixed,2015,cb02db7930176d05964d3afe98f460ffa364f366
10.2753/mis0742-1222310210,1,successful,2018,cb02db7930176d05964d3afe98f460ffa364f366
10.29115/sp-2022-0009,1,mixed,2023,cb02db7930176d05964d3afe98f460ffa364f366
10.3102/0002831208323278,1,successful,2025,cb02db7930176d05964d3afe98f460ffa364f366
10.3102/0002831209340043,1,failed,2026,cb02db7930176d05964d3afe98f460ffa364f366
10.3102/0002831209350493,1,successful,2025,cb02db7930176d05964d3afe98f460ffa364f366
10.3102/0002831210362589,1,successful,2020,cb02db7930176d05964d3afe98f460ffa364f366
10.3102/0002831210374874,1,failed,2025,cb02db7930176d05964d3afe98f460ffa364f366
10.3102/0002831211419490,1,failed,2025,cb02db7930176d05964d3afe98f460ffa364f366
10.3102/0002831211419649,1,successful,2014,cb02db7930176d05964d3afe98f460ffa364f366
10.3102/0002831214531323,1,successful,2026,cb02db7930176d05964d3afe98f460ffa364f366
10.3102/0013189x11422112,1,successful,2026,cb02db7930176d05964d3afe98f460ffa364f366
10.3102/0013189x13507104,1,mixed,2024,cb02db7930176d05964d3afe98f460ffa364f366
10.3102/0162373720954183,1,successful,2024,cb02db7930176d05964d3afe98f460ffa364f366
10.3109/0142159x.2010.541533,1,failed,2015,cb02db7930176d05964d3afe98f460ffa364f366
10.3109/0142159x.2012.714884,1,successful,2014,cb02db7930176d05964d3afe98f460ffa364f366
10.3109/10253890.2015.1040987,1,successful,2016,cb02db7930176d05964d3afe98f460ffa364f366
10.3109/13561820.2014.917407,1,successful,2016,cb02db7930176d05964d3afe98f460ffa364f366
10.3109/13816810.2015.1005317,1,successful,2022,cb02db7930176d05964d3afe98f460ffa364f366
10.31234/osf.io/7tm3s,1,successful,2025,cb02db7930176d05964d3afe98f460ffa364f366
10.31235/osf.io/3ye4b,1,successful,2023,cb02db7930176d05964d3afe98f460ffa364f366
10.31235/osf.io/93eyz,1,successful,2023,cb02db7930176d05964d3afe98f460ffa364f366
10.31235/osf.io/xatcn,1,failed,2022,cb02db7930176d05964d3afe98f460ffa364f366
10.3138/cmlr.3831,1,successful,2018,cb02db7930176d05964d3afe98f460ffa364f366
10.3233/jad-160881,1,successful,2017,cb02db7930176d05964d3afe98f460ffa364f366
10.3233/jad-2009-1163,1,mixed,2024,cb02db7930176d05964d3afe98f460ffa364f366
10.3233/jsa-160165,1,successful,2021,cb02db7930176d05964d3afe98f460ffa364f366
10.3368/jhr.xxxviii.1.111,1,successful,2010,cb02db7930176d05964d3afe98f460ffa364f366
10.3368/jhr.xxxviii.3.701,1,failed,2007,cb02db7930176d05964d3afe98f460ffa364f366
10.3386/w1006,1,successful,1985,cb02db7930176d05964d3afe98f460ffa364f366
10.3386/w6614,1,mixed,2014,cb02db7930176d05964d3afe98f460ffa364f366
10.3389/fnagi.2022.804937,1,mixed,2025,cb02db7930176d05964d3afe98f460ffa364f366
10.3389/fnhum.2013.00014,1,failed,2026,cb02db7930176d05964d3afe98f460ffa364f366
10.3389/fnhum.2013.00257,1,failed,2026,cb02db7930176d05964d3afe98f460ffa364f366
10.3389/fnhum.2017.00468,1,successful,2019,cb02db7930176d05964d3afe98f460ffa364f366
10.3389/fped.2019.00206,1,failed,2021,cb02db7930176d05964d3afe98f460ffa364f366
10.3389/fpsyg.2014.00444,1,successful,2017,cb02db7930176d05964d3afe98f460ffa364f366
10.3389/fpsyg.2014.01202,1,successful,2018,cb02db7930176d05964d3afe98f460ffa364f366
10.3389/fpsyg.2014.01276,2,failed,2018,cb02db7930176d05964d3afe98f460ffa364f366
10.3389/fpsyg.2014.01518,1,successful,2015,cb02db7930176d05964d3afe98f460ffa364f366
10.3389/fpsyg.2016.00027,1,mixed,2018,cb02db7930176d05964d3afe98f460ffa364f366
10.3389/fpsyg.2017.00051,1,successful,2020,cb02db7930176d05964d3afe98f460ffa364f366
10.3389/fpsyg.2017.00790,1,mixed,2022,cb02db7930176d05964d3afe98f460ffa364f366
10.3389/fpsyg.2017.01508,1,mixed,2024,cb02db7930176d05964d3afe98f460ffa364f366
10.3389/fpsyg.2020.01415,1,successful,2024,cb02db7930176d05964d3afe98f460ffa364f366
10.3389/fpsyg.2024.1335892,1,successful,2024,cb02db7930176d05964d3afe98f460ffa364f366
10.3389/fpsyt.2012.00045,2,failed,2017,cb02db7930176d05964d3afe98f460ffa364f366
10.3389/fpsyt.2014.00019,1,failed,2020,cb02db7930176d05964d3afe98f460ffa364f366
10.3389/fpsyt.2024.1432679,1,successful,2025,cb02db7930176d05964d3afe98f460ffa364f366
10.3390/biomedicines8020034,1,failed,2025,cb02db7930176d05964d3afe98f460ffa364f366
10.3390/brainsci8040062,1,successful,2018,cb02db7930176d05964d3afe98f460ffa364f366
10.3390/cli7020028,1,mixed,2021,cb02db7930176d05964d3afe98f460ffa364f366
10.36019/9781978817111,1,descriptive only,2011,cb02db7930176d05964d3afe98f460ffa364f366
10.37016/mr-2020-47,1,mixed,2023,cb02db7930176d05964d3afe98f460ffa364f366
10.37237/relay/010204,1,descriptive only,2024,cb02db7930176d05964d3afe98f460ffa364f366
10.3758/app.71.1.9,1,successful,2015,cb02db7930176d05964d3afe98f460ffa364f366
10.3758/bf03193824,1,successful,2016,cb02db7930176d05964d3afe98f460ffa364f366
10.3758/bf03194043,1,failed,2024,cb02db7930176d05964d3afe98f460ffa364f366
10.3758/bf03196313,1,failed,2021,cb02db7930176d05964d3afe98f460ffa364f366
10.3758/bf03196335,1,successful,2024,cb02db7930176d05964d3afe98f460ffa364f366
10.3758/bf03197186,3,failed | mixed,2018,cb02db7930176d05964d3afe98f460ffa364f366
10.3758/bf03197446,1,mixed,2025,cb02db7930176d05964d3afe98f460ffa364f366
10.3758/bf03202642,1,failed,2020,cb02db7930176d05964d3afe98f460ffa364f366
10.3758/bf03206733,2,successful,2012,cb02db7930176d05964d3afe98f460ffa364f366
10.3758/bf03211160,1,mixed,2024,cb02db7930176d05964d3afe98f460ffa364f366
10.3758/bf03214286,1,failed,2025,cb02db7930176d05964d3afe98f460ffa364f366
10.3758/mc.37.1.65,1,failed,2013,cb02db7930176d05964d3afe98f460ffa364f366
10.3758/pbr.16.1.139,1,failed,2019,cb02db7930176d05964d3afe98f460ffa364f366
10.3758/pbr.17.5.644,1,mixed,2022,cb02db7930176d05964d3afe98f460ffa364f366
10.3758/pp.70.3.477,1,failed,2019,cb02db7930176d05964d3afe98f460ffa364f366
10.3758/s13414-015-0885-6,1,failed,2025,cb02db7930176d05964d3afe98f460ffa364f366
10.3758/s13414-018-1498-7,1,successful,2025,cb02db7930176d05964d3afe98f460ffa364f366
10.3758/s13414-019-01723-6,2,failed,2022,cb02db7930176d05964d3afe98f460ffa364f366
10.3758/s13414-019-01946-7,1,mixed,2024,cb02db7930176d05964d3afe98f460ffa364f366
10.3758/s13414-020-02150-8,1,successful,2023,cb02db7930176d05964d3afe98f460ffa364f366
10.3758/s13420-016-0250-1,1,failed,2026,cb02db7930176d05964d3afe98f460ffa364f366
10.3758/s13423-013-0572-3,1,failed,2016,cb02db7930176d05964d3afe98f460ffa364f366
10.3758/s13423-014-0663-9,1,successful,2016,cb02db7930176d05964d3afe98f460ffa364f366
10.3758/s13423-014-0683-5,1,mixed,2024,cb02db7930176d05964d3afe98f460ffa364f366
10.3758/s13423-015-0923-3,1,failed,2025,cb02db7930176d05964d3afe98f460ffa364f366
10.3758/s13423-017-1306-8,1,successful,2021,cb02db7930176d05964d3afe98f460ffa364f366
10.3758/s13428-021-01694-3,1,mixed,2023,cb02db7930176d05964d3afe98f460ffa364f366
10.3886/icpsr01218.v1,1,failed,2004,cb02db7930176d05964d3afe98f460ffa364f366
10.3928/0048-5713-19951201-07,1,successful,2023,cb02db7930176d05964d3afe98f460ffa364f366
10.3945/jn.112.159319,1,successful,2026,cb02db7930176d05964d3afe98f460ffa364f366
10.3982/ecta11573,1,successful,2023,cb02db7930176d05964d3afe98f460ffa364f366
10.3982/ecta13408,1,successful,2019,cb02db7930176d05964d3afe98f460ffa364f366
10.3982/ecta14370,1,successful,2026,cb02db7930176d05964d3afe98f460ffa364f366
10.3982/ecta8827,1,successful,2015,cb02db7930176d05964d3afe98f460ffa364f366
10.3982/ecta8852,1,successful,2026,cb02db7930176d05964d3afe98f460ffa364f366
10.3998/mpub.9946611,1,failed,2020,cb02db7930176d05964d3afe98f460ffa364f366
10.4054/demres.2019.40.2,1,successful,2025,cb02db7930176d05964d3afe98f460ffa364f366
10.4148/1944-9771.1299,1,mixed,2024,cb02db7930176d05964d3afe98f460ffa364f366
10.4159/9780674369542,1,mixed,2017,cb02db7930176d05964d3afe98f460ffa364f366
10.4161/viru.1.5.12486,1,failed,2011,cb02db7930176d05964d3afe98f460ffa364f366
10.4324/9780203865972-24,1,successful,2025,cb02db7930176d05964d3afe98f460ffa364f366
10.4324/9781032633275-7,1,failed,2018,cb02db7930176d05964d3afe98f460ffa364f366
10.4337/9781848442764.00018,1,successful,2022,cb02db7930176d05964d3afe98f460ffa364f366
10.48550/arxiv.2302.02083,1,failed,2023,cb02db7930176d05964d3afe98f460ffa364f366
10.4992/jjpsy.94.22334,1,mixed,2024,cb02db7930176d05964d3afe98f460ffa364f366
10.5040/9781472594150.ch-005,1,mixed,2019,cb02db7930176d05964d3afe98f460ffa364f366
10.51548/joctec-2021-016,1,mixed,2024,cb02db7930176d05964d3afe98f460ffa364f366
10.5210/bsi.v18i1.2292,1,mixed,2012,cb02db7930176d05964d3afe98f460ffa364f366
10.5232/ricyde2010.01804,1,successful,2012,cb02db7930176d05964d3afe98f460ffa364f366
10.5334/joc.91,1,mixed,2023,cb02db7930176d05964d3afe98f460ffa364f366
10.5465/amj.2005.18803920,1,mixed,2020,cb02db7930176d05964d3afe98f460ffa364f366
10.5465/amj.2010.0608,1,mixed,2024,cb02db7930176d05964d3afe98f460ffa364f366
10.5465/amj.2010.51468978,1,mixed,2021,cb02db7930176d05964d3afe98f460ffa364f366
10.5465/amj.2014.0424,1,mixed,2022,cb02db7930176d05964d3afe98f460ffa364f366
10.5465/amj.2016.0086,1,failed,2025,cb02db7930176d05964d3afe98f460ffa364f366
10.5465/amle.2010.0012,1,mixed,2026,cb02db7930176d05964d3afe98f460ffa364f366
10.5840/jphil20091061128,1,successful,2018,cb02db7930176d05964d3afe98f460ffa364f366
10.5840/jphil20111081238,1,failed,2018,cb02db7930176d05964d3afe98f460ffa364f366
10.5840/philtopics2001291/217,1,failed,2015,cb02db7930176d05964d3afe98f460ffa364f366
10.58680/rte20076014,1,successful,2017,cb02db7930176d05964d3afe98f460ffa364f366
10.5951/jresematheduc.29.5.0503,1,successful,2026,cb02db7930176d05964d3afe98f460ffa364f366
10.6129/cjp.2003.4501.07,1,successful,2012,cb02db7930176d05964d3afe98f460ffa364f366
10.64152/10125/66632,1,failed,2020,cb02db7930176d05964d3afe98f460ffa364f366
10.64152/10125/66973,1,mixed,2023,cb02db7930176d05964d3afe98f460ffa364f366
10.7334/psicothema2016.24,1,successful,2018,cb02db7930176d05964d3afe98f460ffa364f366
10.7551/mitpress/4117.003.0006,1,failed,2014,cb02db7930176d05964d3afe98f460ffa364f366
10.7554/elife.10012,1,failed,2018,cb02db7930176d05964d3afe98f460ffa364f366
10.7554/elife.49700,1,successful,2022,cb02db7930176d05964d3afe98f460ffa364f366
10.7717/peerj.1232,1,failed,2018,cb02db7930176d05964d3afe98f460ffa364f366
10.7820/vli.v02.1.ishii,1,successful,2014,cb02db7930176d05964d3afe98f460ffa364f366
art00005,1,successful,2018,cb02db7930176d05964d3afe98f460ffa364f366
djaerv_2018,1,successful,2023,cb02db7930176d05964d3afe98f460ffa364f366
escholarship.orgucitem39d347bk,1,successful,2023,cb02db7930176d05964d3afe98f460ffa364f366
https://www.jstor.org/stable/41387554,1,mixed,1991,cb02db7930176d05964d3afe98f460ffa364f366
scholars.indianastate.edu/etds/2136,1,mixed,2024,cb02db7930176d05964d3afe98f460ffa364f366
thekeep.eiu.edu/theses/4783,2,successful,2024,cb02db7930176d05964d3afe98f460ffa364f366
