doi_r,n_originals,outcomes,year_r,flora_commit
10.1002/1099-0879(200007)7:3<220::aid-cpp243>3.0.co;2-f,1,successful,2000,cb02db7930176d05964d3afe98f460ffa364f366
10.1002/1520-6807(198607)23:3<271::aid-pits2310230308>3.0.co;2-y,1,failed,1986,cb02db7930176d05964d3afe98f460ffa364f366
10.1002/ab.22027,1,successful,2022,cb02db7930176d05964d3afe98f460ffa364f366
10.1002/acn3.50914,1,successful,2019,cb02db7930176d05964d3afe98f460ffa364f366
10.1002/acp.4037,1,successful,2023,cb02db7930176d05964d3afe98f460ffa364f366
10.1002/acp.4202,1,mixed,2024,cb02db7930176d05964d3afe98f460ffa364f366
10.1002/acp.70124,1,successful,2025,cb02db7930176d05964d3afe98f460ffa364f366
10.1002/acp.70168,1,successful,2026,cb02db7930176d05964d3afe98f460ffa364f366
10.1002/aepp.13306,1,failed,2022,cb02db7930176d05964d3afe98f460ffa364f366
10.1002/aepp.13322,1,successful,2022,cb02db7930176d05964d3afe98f460ffa364f366
10.1002/aepp.13330,1,successful,2022,cb02db7930176d05964d3afe98f460ffa364f366
10.1002/aepp.13366,1,mixed,2023,cb02db7930176d05964d3afe98f460ffa364f366
10.1002/aepp.13377,1,successful,2023,cb02db7930176d05964d3afe98f460ffa364f366
10.1002/ajcp.12385,1,successful,2019,cb02db7930176d05964d3afe98f460ffa364f366
10.1002/ajhb.22875,1,failed,2016,cb02db7930176d05964d3afe98f460ffa364f366
10.1002/ajmg.b.32068,1,successful,2012,cb02db7930176d05964d3afe98f460ffa364f366
10.1002/aur.1474,1,successful,2015,cb02db7930176d05964d3afe98f460ffa364f366
10.1002/aur.2496,1,successful,2021,cb02db7930176d05964d3afe98f460ffa364f366
10.1002/bem.10105,1,failed,2003,cb02db7930176d05964d3afe98f460ffa364f366
10.1002/bin.1836,1,successful,2021,cb02db7930176d05964d3afe98f460ffa364f366
10.1002/bin.70067,1,successful,2025,cb02db7930176d05964d3afe98f460ffa364f366
10.1002/brb3.1393,1,successful,2019,cb02db7930176d05964d3afe98f460ffa364f366
10.1002/bse.372,1,successful,2003,cb02db7930176d05964d3afe98f460ffa364f366
10.1002/cpp.2677,1,failed,2021,cb02db7930176d05964d3afe98f460ffa364f366
10.1002/cpp.686,1,mixed,2010,cb02db7930176d05964d3afe98f460ffa364f366
10.1002/cpp.70057,1,successful,2025,cb02db7930176d05964d3afe98f460ffa364f366
10.1002/dev.21515,1,successful,2017,cb02db7930176d05964d3afe98f460ffa364f366
10.1002/dys.1497,1,successful,2015,cb02db7930176d05964d3afe98f460ffa364f366
10.1002/eahr.500039,1,mixed,2020,cb02db7930176d05964d3afe98f460ffa364f366
10.1002/ece3.3759,1,successful,2018,cb02db7930176d05964d3afe98f460ffa364f366
10.1002/ejsp.2172,1,successful,2015,cb02db7930176d05964d3afe98f460ffa364f366
10.1002/ejsp.2390,1,successful,2018,cb02db7930176d05964d3afe98f460ffa364f366
10.1002/ejsp.2748,1,successful,2021,cb02db7930176d05964d3afe98f460ffa364f366
10.1002/ejsp.70015,1,successful,2025,cb02db7930176d05964d3afe98f460ffa364f366
10.1002/erv.3103,1,successful,2024,cb02db7930176d05964d3afe98f460ffa364f366
10.1002/gps.4893,1,successful,2018,cb02db7930176d05964d3afe98f460ffa364f366
10.1002/hbm.25386,1,successful,2021,cb02db7930176d05964d3afe98f460ffa364f366
10.1002/hbm.26065,1,mixed,2022,cb02db7930176d05964d3afe98f460ffa364f366
10.1002/hbm.26522,1,successful,2023,cb02db7930176d05964d3afe98f460ffa364f366
10.1002/hec.1454,1,mixed,2009,cb02db7930176d05964d3afe98f460ffa364f366
10.1002/hec.1787,1,failed,2011,cb02db7930176d05964d3afe98f460ffa364f366
10.1002/hec.826,1,successful,2004,cb02db7930176d05964d3afe98f460ffa364f366
10.1002/hep.30313,1,mixed,2019,cb02db7930176d05964d3afe98f460ffa364f366
10.1002/hrdq.21464,1,failed,2021,cb02db7930176d05964d3afe98f460ffa364f366
10.1002/hup.2659,1,failed,2018,cb02db7930176d05964d3afe98f460ffa364f366
10.1002/ijop.12519,1,successful,2018,cb02db7930176d05964d3afe98f460ffa364f366
10.1002/ijop.70144,1,mixed,2025,cb02db7930176d05964d3afe98f460ffa364f366
10.1002/ijop.70199,1,failed,2026,cb02db7930176d05964d3afe98f460ffa364f366
10.1002/j.1556-6978.2011.tb01919.x,1,mixed,2011,cb02db7930176d05964d3afe98f460ffa364f366
10.1002/jaba.1055,1,successful,2024,cb02db7930176d05964d3afe98f460ffa364f366
10.1002/jaba.195,1,mixed,2015,cb02db7930176d05964d3afe98f460ffa364f366
10.1002/jaba.329,1,successful,2016,cb02db7930176d05964d3afe98f460ffa364f366
10.1002/jaba.339,1,successful,2016,cb02db7930176d05964d3afe98f460ffa364f366
10.1002/jaba.398,1,successful,2017,cb02db7930176d05964d3afe98f460ffa364f366
10.1002/jaba.401,1,mixed,2017,cb02db7930176d05964d3afe98f460ffa364f366
10.1002/jaba.504,1,successful,2018,cb02db7930176d05964d3afe98f460ffa364f366
10.1002/jaba.613,1,mixed,2019,cb02db7930176d05964d3afe98f460ffa364f366
10.1002/jaba.631,1,successful,2019,cb02db7930176d05964d3afe98f460ffa364f366
10.1002/jaba.659,1,successful,2019,cb02db7930176d05964d3afe98f460ffa364f366
10.1002/jaba.665,1,successful,2019,cb02db7930176d05964d3afe98f460ffa364f366
10.1002/jaba.666,1,successful,2019,cb02db7930176d05964d3afe98f460ffa364f366
10.1002/jaba.70048,1,successful,2026,cb02db7930176d05964d3afe98f460ffa364f366
10.1002/jaba.70060,1,mixed,2026,cb02db7930176d05964d3afe98f460ffa364f366
10.1002/jaba.70061,1,successful,2026,cb02db7930176d05964d3afe98f460ffa364f366
10.1002/jaba.706,1,successful,2020,cb02db7930176d05964d3afe98f460ffa364f366
10.1002/jaba.740,1,mixed,2020,cb02db7930176d05964d3afe98f460ffa364f366
10.1002/jaba.750,1,successful,2020,cb02db7930176d05964d3afe98f460ffa364f366
10.1002/jaba.905,1,successful,2022,cb02db7930176d05964d3afe98f460ffa364f366
10.1002/jaba.908,1,successful,2022,cb02db7930176d05964d3afe98f460ffa364f366
10.1002/jaba.921,1,successful,2022,cb02db7930176d05964d3afe98f460ffa364f366
10.1002/jae.2269,1,failed,2012,cb02db7930176d05964d3afe98f460ffa364f366
10.1002/jae.2309,1,successful,2012,cb02db7930176d05964d3afe98f460ffa364f366
10.1002/jae.2372,1,successful,2013,cb02db7930176d05964d3afe98f460ffa364f366
10.1002/jae.2402,1,successful,2015,cb02db7930176d05964d3afe98f460ffa364f366
10.1002/jae.2437,1,successful,2015,cb02db7930176d05964d3afe98f460ffa364f366
10.1002/jae.2445,1,successful,2015,cb02db7930176d05964d3afe98f460ffa364f366
10.1002/jae.2449,1,successful,2015,cb02db7930176d05964d3afe98f460ffa364f366
10.1002/jae.2458,1,successful,2015,cb02db7930176d05964d3afe98f460ffa364f366
10.1002/jae.2461,1,successful,2015,cb02db7930176d05964d3afe98f460ffa364f366
10.1002/jae.2462,1,successful,2015,cb02db7930176d05964d3afe98f460ffa364f366
10.1002/jae.2485,1,successful,2015,cb02db7930176d05964d3afe98f460ffa364f366
10.1002/jae.2513,1,successful,2016,cb02db7930176d05964d3afe98f460ffa364f366
10.1002/jae.2543,1,successful,2016,cb02db7930176d05964d3afe98f460ffa364f366
10.1002/jae.2584,1,successful,2017,cb02db7930176d05964d3afe98f460ffa364f366
10.1002/jae.2607,1,mixed,2017,cb02db7930176d05964d3afe98f460ffa364f366
10.1002/jae.2697,1,successful,2019,cb02db7930176d05964d3afe98f460ffa364f366
10.1002/jae.2709,1,successful,2019,cb02db7930176d05964d3afe98f460ffa364f366
10.1002/jae.2801,1,successful,2020,cb02db7930176d05964d3afe98f460ffa364f366
10.1002/jae.2853,1,failed,2021,cb02db7930176d05964d3afe98f460ffa364f366
10.1002/jae.2880,1,successful,2021,cb02db7930176d05964d3afe98f460ffa364f366
10.1002/jae.2881,1,mixed,2021,cb02db7930176d05964d3afe98f460ffa364f366
10.1002/jae.2886,1,successful,2021,cb02db7930176d05964d3afe98f460ffa364f366
10.1002/jae.2919,1,successful,2022,cb02db7930176d05964d3afe98f460ffa364f366
10.1002/jae.2933,1,mixed,2022,cb02db7930176d05964d3afe98f460ffa364f366
10.1002/jae.2941,1,failed,2022,cb02db7930176d05964d3afe98f460ffa364f366
10.1002/jae.2957,1,successful,2023,cb02db7930176d05964d3afe98f460ffa364f366
10.1002/jae.2970,1,successful,2023,cb02db7930176d05964d3afe98f460ffa364f366
10.1002/jae.2979,1,successful,2023,cb02db7930176d05964d3afe98f460ffa364f366
10.1002/jae.2983,1,mixed,2023,cb02db7930176d05964d3afe98f460ffa364f366
10.1002/jae.3003,1,failed,2023,cb02db7930176d05964d3afe98f460ffa364f366
10.1002/jae.3023,1,mixed,2024,cb02db7930176d05964d3afe98f460ffa364f366
10.1002/jae.3074,1,successful,2024,cb02db7930176d05964d3afe98f460ffa364f366
10.1002/jae.3088,1,mixed,2024,cb02db7930176d05964d3afe98f460ffa364f366
10.1002/jae.3091,1,successful,2024,cb02db7930176d05964d3afe98f460ffa364f366
10.1002/jae.3106,1,successful,2024,cb02db7930176d05964d3afe98f460ffa364f366
10.1002/jae.802,1,failed,2004,cb02db7930176d05964d3afe98f460ffa364f366
10.1002/jclp.21839,1,mixed,2012,cb02db7930176d05964d3afe98f460ffa364f366
10.1002/jclp.23459,1,failed,2022,cb02db7930176d05964d3afe98f460ffa364f366
10.1002/jclp.70017,1,mixed,2025,cb02db7930176d05964d3afe98f460ffa364f366
10.1002/jcop.21574,1,successful,2013,cb02db7930176d05964d3afe98f460ffa364f366
10.1002/jeab.249,1,failed,2017,cb02db7930176d05964d3afe98f460ffa364f366
10.1002/jeab.327,1,successful,2018,cb02db7930176d05964d3afe98f460ffa364f366
10.1002/jeab.915,1,successful,2024,cb02db7930176d05964d3afe98f460ffa364f366
10.1002/jocb.350,1,mixed,2018,cb02db7930176d05964d3afe98f460ffa364f366
10.1002/jts.22339,1,mixed,2018,cb02db7930176d05964d3afe98f460ffa364f366
10.1002/npr2.70078,1,successful,2026,cb02db7930176d05964d3afe98f460ffa364f366
10.1002/per.2176,1,mixed,2019,cb02db7930176d05964d3afe98f460ffa364f366
10.1002/per.2410080106,1,successful,1994,cb02db7930176d05964d3afe98f460ffa364f366
10.1002/pits.22027,1,mixed,2017,cb02db7930176d05964d3afe98f460ffa364f366
10.1002/pits.22106,1,mixed,2018,cb02db7930176d05964d3afe98f460ffa364f366
10.1002/pits.22364,1,mixed,2020,cb02db7930176d05964d3afe98f460ffa364f366
10.1002/pon.4841,1,successful,2018,cb02db7930176d05964d3afe98f460ffa364f366
10.1002/pros.21320,1,successful,2011,cb02db7930176d05964d3afe98f460ffa364f366
10.1002/pu.30211,1,failed,2017,cb02db7930176d05964d3afe98f460ffa364f366
10.1002/rrq.62,1,mixed,2013,cb02db7930176d05964d3afe98f460ffa364f366
10.1002/smj.2567,1,failed,2016,cb02db7930176d05964d3afe98f460ffa364f366
10.1002/smj.2569,1,mixed,2016,cb02db7930176d05964d3afe98f460ffa364f366
10.1002/smj.2570,1,mixed,2016,cb02db7930176d05964d3afe98f460ffa364f366
10.1002/smj.2573,1,failed,2016,cb02db7930176d05964d3afe98f460ffa364f366
10.1002/smj.2578,1,successful,2016,cb02db7930176d05964d3afe98f460ffa364f366
10.1002/smj.2579,1,failed,2016,cb02db7930176d05964d3afe98f460ffa364f366
10.1002/smj.2905,1,failed,2018,cb02db7930176d05964d3afe98f460ffa364f366
10.1002/smj.3252,1,mixed,2020,cb02db7930176d05964d3afe98f460ffa364f366
10.1002/smj.3287,1,mixed,2021,cb02db7930176d05964d3afe98f460ffa364f366
10.1002/smj.3453,1,successful,2022,cb02db7930176d05964d3afe98f460ffa364f366
10.1002/smj.3580,2,successful,2024,cb02db7930176d05964d3afe98f460ffa364f366
10.1002/soej.12598,1,successful,2022,cb02db7930176d05964d3afe98f460ffa364f366
10.1002/tesq.128,1,successful,2013,cb02db7930176d05964d3afe98f460ffa364f366
10.1002/tesq.3096,1,mixed,2021,cb02db7930176d05964d3afe98f460ffa364f366
10.1002/tesq.3212,1,mixed,2023,cb02db7930176d05964d3afe98f460ffa364f366
10.1007/978-3-031-55844-3_4,1,mixed,2024,cb02db7930176d05964d3afe98f460ffa364f366
10.1007/bf01205784,1,failed,1997,cb02db7930176d05964d3afe98f460ffa364f366
10.1007/bf02298289,1,failed,1989,cb02db7930176d05964d3afe98f460ffa364f366
10.1007/bf03395084,1,successful,1989,cb02db7930176d05964d3afe98f460ffa364f366
10.1007/s00125-010-2002-7,1,mixed,2010,cb02db7930176d05964d3afe98f460ffa364f366
10.1007/s00125-021-05490-8,1,successful,2021,cb02db7930176d05964d3afe98f460ffa364f366
10.1007/s00127-007-0170-7,1,successful,2007,cb02db7930176d05964d3afe98f460ffa364f366
10.1007/s00181-012-0549-5,1,mixed,2012,cb02db7930176d05964d3afe98f460ffa364f366
10.1007/s00181-020-01857-9,1,successful,2020,cb02db7930176d05964d3afe98f460ffa364f366
10.1007/s00181-023-02450-6,1,mixed,2023,cb02db7930176d05964d3afe98f460ffa364f366
10.1007/s00213-025-06983-9,1,failed,2025,cb02db7930176d05964d3afe98f460ffa364f366
10.1007/s00248-024-02368-1,1,successful,2024,cb02db7930176d05964d3afe98f460ffa364f366
10.1007/s00296-010-1566-3,1,failed,2010,cb02db7930176d05964d3afe98f460ffa364f366
10.1007/s00296-010-1789-3,1,failed,2011,cb02db7930176d05964d3afe98f460ffa364f366
10.1007/s00426-019-01163-9,1,mixed,2019,cb02db7930176d05964d3afe98f460ffa364f366
10.1007/s00426-019-01203-4,2,mixed | successful,2019,cb02db7930176d05964d3afe98f460ffa364f366
10.1007/s00426-019-01258-3,1,mixed,2019,cb02db7930176d05964d3afe98f460ffa364f366
10.1007/s00426-025-02167-4,1,successful,2025,cb02db7930176d05964d3afe98f460ffa364f366
10.1007/s00426-026-02299-1,1,failed,2026,cb02db7930176d05964d3afe98f460ffa364f366
10.1007/s00439-014-1502-9,1,successful,2014,cb02db7930176d05964d3afe98f460ffa364f366
10.1007/s00455-013-9488-3,1,successful,2013,cb02db7930176d05964d3afe98f460ffa364f366
10.1007/s10067-020-04995-8,1,successful,2020,cb02db7930176d05964d3afe98f460ffa364f366
10.1007/s10339-023-01130-8,1,mixed,2023,cb02db7930176d05964d3afe98f460ffa364f366
10.1007/s10648-019-09468-2,1,mixed,2019,cb02db7930176d05964d3afe98f460ffa364f366
10.1007/s10648-023-09729-1,1,mixed,2023,cb02db7930176d05964d3afe98f460ffa364f366
10.1007/s10649-026-10535-z,1,mixed,2026,cb02db7930176d05964d3afe98f460ffa364f366
10.1007/s10664-022-10117-6,1,mixed,2022,cb02db7930176d05964d3afe98f460ffa364f366
10.1007/s10664-025-10739-6,1,failed,2026,cb02db7930176d05964d3afe98f460ffa364f366
10.1007/s10683-005-0867-y,1,successful,2005,cb02db7930176d05964d3afe98f460ffa364f366
10.1007/s10683-008-9197-1,1,mixed,2009,cb02db7930176d05964d3afe98f460ffa364f366
10.1007/s10683-011-9293-5,1,mixed,2012,cb02db7930176d05964d3afe98f460ffa364f366
10.1007/s10683-011-9302-8,1,mixed,2012,cb02db7930176d05964d3afe98f460ffa364f366
10.1007/s10683-014-9405-0,1,successful,2015,cb02db7930176d05964d3afe98f460ffa364f366
10.1007/s10683-014-9411-2,1,mixed,2015,cb02db7930176d05964d3afe98f460ffa364f366
10.1007/s10683-016-9491-2,1,statistically successful but flawed,2017,cb02db7930176d05964d3afe98f460ffa364f366
10.1007/s10683-017-9549-9,1,successful,2019,cb02db7930176d05964d3afe98f460ffa364f366
10.1007/s10683-021-09720-z,1,mixed,2022,cb02db7930176d05964d3afe98f460ffa364f366
10.1007/s10803-013-1900-1,1,successful,2013,cb02db7930176d05964d3afe98f460ffa364f366
10.1007/s10803-014-2139-1,1,successful,2014,cb02db7930176d05964d3afe98f460ffa364f366
10.1007/s10803-020-04626-w,1,successful,2020,cb02db7930176d05964d3afe98f460ffa364f366
10.1007/s10803-024-06486-0,1,mixed,2024,cb02db7930176d05964d3afe98f460ffa364f366
10.1007/s10824-024-09525-x,1,successful,2024,cb02db7930176d05964d3afe98f460ffa364f366
10.1007/s10834-024-09975-7,1,failed,2024,cb02db7930176d05964d3afe98f460ffa364f366
10.1007/s10857-019-09443-2,1,successful,2019,cb02db7930176d05964d3afe98f460ffa364f366
10.1007/s10864-016-9252-5,1,successful,2016,cb02db7930176d05964d3afe98f460ffa364f366
10.1007/s10864-018-9302-2,1,successful,2018,cb02db7930176d05964d3afe98f460ffa364f366
10.1007/s10864-020-09389-z,1,successful,2020,cb02db7930176d05964d3afe98f460ffa364f366
10.1007/s10864-020-09415-0,1,successful,2020,cb02db7930176d05964d3afe98f460ffa364f366
10.1007/s10864-020-09423-0,1,successful,2021,cb02db7930176d05964d3afe98f460ffa364f366
10.1007/s10882-010-9212-2,1,successful,2010,cb02db7930176d05964d3afe98f460ffa364f366
10.1007/s10882-014-9400-6,1,mixed,2014,cb02db7930176d05964d3afe98f460ffa364f366
10.1007/s10882-019-09718-9,1,mixed,2020,cb02db7930176d05964d3afe98f460ffa364f366
10.1007/s10899-020-09932-7,1,mixed,2020,cb02db7930176d05964d3afe98f460ffa364f366
10.1007/s11002-023-09690-7,1,successful,2023,cb02db7930176d05964d3afe98f460ffa364f366
10.1007/s11002-024-09739-1,1,failed,2024,cb02db7930176d05964d3afe98f460ffa364f366
10.1007/s11002-025-09771-9,1,failed,2025,cb02db7930176d05964d3afe98f460ffa364f366
10.1007/s11002-025-09794-2,1,successful,2025,cb02db7930176d05964d3afe98f460ffa364f366
10.1007/s11121-020-01116-4,1,successful,2020,cb02db7930176d05964d3afe98f460ffa364f366
10.1007/s11126-020-09742-5,1,failed,2020,cb02db7930176d05964d3afe98f460ffa364f366
10.1007/s11127-005-7171-4,1,failed,2005,cb02db7930176d05964d3afe98f460ffa364f366
10.1007/s11127-012-0023-0,1,successful,2012,cb02db7930176d05964d3afe98f460ffa364f366
10.1007/s11138-005-6825-2,1,successful,2005,cb02db7930176d05964d3afe98f460ffa364f366
10.1007/s11145-018-9838-5,1,successful,2018,cb02db7930176d05964d3afe98f460ffa364f366
10.1007/s11145-018-9858-1,1,successful,2018,cb02db7930176d05964d3afe98f460ffa364f366
10.1007/s11145-020-10060-2,1,mixed,2020,cb02db7930176d05964d3afe98f460ffa364f366
10.1007/s11162-016-9433-z,1,mixed,2016,cb02db7930176d05964d3afe98f460ffa364f366
10.1007/s11165-012-9320-3,1,successful,2012,cb02db7930176d05964d3afe98f460ffa364f366
10.1007/s11166-015-9208-5,1,mixed,2015,cb02db7930176d05964d3afe98f460ffa364f366
10.1007/s11187-023-00736-8,2,failed,2023,cb02db7930176d05964d3afe98f460ffa364f366
10.1007/s11205-005-5074-x,1,failed,2006,cb02db7930176d05964d3afe98f460ffa364f366
10.1007/s11218-012-9188-0,1,successful,2012,cb02db7930176d05964d3afe98f460ffa364f366
10.1007/s11238-021-09836-x,1,failed,2021,cb02db7930176d05964d3afe98f460ffa364f366
10.1007/s11251-010-9144-3,1,successful,2010,cb02db7930176d05964d3afe98f460ffa364f366
10.1007/s11251-018-9451-7,1,mixed,2018,cb02db7930176d05964d3afe98f460ffa364f366
10.1007/s11251-024-09670-y,1,failed,2024,cb02db7930176d05964d3afe98f460ffa364f366
10.1007/s11301-025-00572-y,1,mixed,2025,cb02db7930176d05964d3afe98f460ffa364f366
10.1007/s11409-015-9151-5,1,failed,2015,cb02db7930176d05964d3afe98f460ffa364f366
10.1007/s11409-020-09235-7,1,successful,2020,cb02db7930176d05964d3afe98f460ffa364f366
10.1007/s11423-025-10508-8,1,successful,2025,cb02db7930176d05964d3afe98f460ffa364f366
10.1007/s11469-021-00695-9,1,successful,2021,cb02db7930176d05964d3afe98f460ffa364f366
10.1007/s11573-024-01214-7,1,successful,2024,cb02db7930176d05964d3afe98f460ffa364f366
10.1007/s11575-020-00417-8,1,successful,2020,cb02db7930176d05964d3afe98f460ffa364f366
10.1007/s11575-022-00472-3,1,successful,2022,cb02db7930176d05964d3afe98f460ffa364f366
10.1007/s11682-020-00339-x,1,successful,2020,cb02db7930176d05964d3afe98f460ffa364f366
10.1007/s12144-024-06067-5,1,mixed,2024,cb02db7930176d05964d3afe98f460ffa364f366
10.1007/s12186-012-9090-0,1,successful,2012,cb02db7930176d05964d3afe98f460ffa364f366
10.1007/s12310-020-09375-w,1,successful,2020,cb02db7930176d05964d3afe98f460ffa364f366
10.1007/s12369-020-00688-z,1,failed,2020,cb02db7930176d05964d3afe98f460ffa364f366
10.1007/s12369-024-01207-0,1,successful,2025,cb02db7930176d05964d3afe98f460ffa364f366
10.1007/s12671-017-0880-1,1,successful,2018,cb02db7930176d05964d3afe98f460ffa364f366
10.1007/s13164-018-0400-9,39,failed | successful,2018,cb02db7930176d05964d3afe98f460ffa364f366
10.1007/s13577-014-0103-1,1,failed,2014,cb02db7930176d05964d3afe98f460ffa364f366
10.1007/s40037-020-00611-2,1,failed,2020,cb02db7930176d05964d3afe98f460ffa364f366
10.1007/s40279-025-02201-w,25,failed | successful,2025,cb02db7930176d05964d3afe98f460ffa364f366
10.1007/s40732-015-0144-1,1,failed,2015,cb02db7930176d05964d3afe98f460ffa364f366
10.1007/s40732-020-00396-0,1,successful,2020,cb02db7930176d05964d3afe98f460ffa364f366
10.1007/s40732-024-00597-x,1,successful,2024,cb02db7930176d05964d3afe98f460ffa364f366
10.1007/s40732-024-00601-4,1,successful,2024,cb02db7930176d05964d3afe98f460ffa364f366
10.1007/s40839-026-00293-8,1,successful,2026,cb02db7930176d05964d3afe98f460ffa364f366
10.1007/s40881-015-0019-x,1,mixed,2016,cb02db7930176d05964d3afe98f460ffa364f366
10.1007/s40881-017-0041-2,1,mixed,2017,cb02db7930176d05964d3afe98f460ffa364f366
10.1007/s40881-021-00109-5,1,failed,2021,cb02db7930176d05964d3afe98f460ffa364f366
10.1007/s40881-022-00118-y,1,successful,2022,cb02db7930176d05964d3afe98f460ffa364f366
10.1007/s40881-023-00131-9,1,successful,2023,cb02db7930176d05964d3afe98f460ffa364f366
10.1007/s40881-023-00136-4,1,failed,2023,cb02db7930176d05964d3afe98f460ffa364f366
10.1007/s41809-020-00072-3,1,successful,2021,cb02db7930176d05964d3afe98f460ffa364f366
10.1007/s42822-025-00229-1,1,successful,2025,cb02db7930176d05964d3afe98f460ffa364f366
10.1007/s42822-025-00242-4,1,mixed,2026,cb02db7930176d05964d3afe98f460ffa364f366
10.1007/s43494-020-00015-1,1,successful,2020,cb02db7930176d05964d3afe98f460ffa364f366
10.1016/0165-4101(94)00376-g,1,mixed,1995,cb02db7930176d05964d3afe98f460ffa364f366
10.1016/0885-2014(95)90011-x,1,successful,1995,cb02db7930176d05964d3afe98f460ffa364f366
10.1016/j.actpsy.2022.103497,2,failed,2022,cb02db7930176d05964d3afe98f460ffa364f366
10.1016/j.actpsy.2022.103717,1,failed,2022,cb02db7930176d05964d3afe98f460ffa364f366
10.1016/j.actpsy.2026.106214,1,failed,2026,cb02db7930176d05964d3afe98f460ffa364f366
10.1016/j.addbeh.2023.107778,1,failed,2023,cb02db7930176d05964d3afe98f460ffa364f366
10.1016/j.appet.2013.12.020,1,failed,2014,cb02db7930176d05964d3afe98f460ffa364f366
10.1016/j.appet.2021.105619,1,failed,2021,cb02db7930176d05964d3afe98f460ffa364f366
10.1016/j.appet.2023.106554,1,successful,2023,cb02db7930176d05964d3afe98f460ffa364f366
10.1016/j.bandl.2024.105496,1,failed,2024,cb02db7930176d05964d3afe98f460ffa364f366
10.1016/j.bbr.2024.115096,1,successful,2024,cb02db7930176d05964d3afe98f460ffa364f366
10.1016/j.beproc.2017.03.017,1,successful,2017,cb02db7930176d05964d3afe98f460ffa364f366
10.1016/j.brs.2022.09.014,1,mixed,2022,cb02db7930176d05964d3afe98f460ffa364f366
10.1016/j.cedpsych.2019.01.006,1,mixed,2019,cb02db7930176d05964d3afe98f460ffa364f366
10.1016/j.cogdev.2017.10.004,1,mixed,2018,cb02db7930176d05964d3afe98f460ffa364f366
10.1016/j.cognition.2014.09.003,1,statistically successful but flawed,2015,cb02db7930176d05964d3afe98f460ffa364f366
10.1016/j.cognition.2017.09.005,1,successful,2018,cb02db7930176d05964d3afe98f460ffa364f366
10.1016/j.compedu.2017.05.013,1,failed,2017,cb02db7930176d05964d3afe98f460ffa364f366
10.1016/j.concog.2024.103665,1,failed,2024,cb02db7930176d05964d3afe98f460ffa364f366
10.1016/j.cortex.2014.11.019,1,failed,2015,cb02db7930176d05964d3afe98f460ffa364f366
10.1016/j.cortex.2018.03.026,1,failed,2018,cb02db7930176d05964d3afe98f460ffa364f366
10.1016/j.cortex.2019.03.026,1,failed,2019,cb02db7930176d05964d3afe98f460ffa364f366
10.1016/j.cortex.2022.12.003,1,failed,2023,cb02db7930176d05964d3afe98f460ffa364f366
10.1016/j.cortex.2025.05.019,1,mixed,2025,cb02db7930176d05964d3afe98f460ffa364f366
10.1016/j.dcn.2017.12.003,1,successful,2018,cb02db7930176d05964d3afe98f460ffa364f366
10.1016/j.dcn.2022.101120,1,mixed,2022,cb02db7930176d05964d3afe98f460ffa364f366
10.1016/j.drugalcdep.2024.111323,1,successful,2024,cb02db7930176d05964d3afe98f460ffa364f366
10.1016/j.eatbeh.2024.101899,1,successful,2024,cb02db7930176d05964d3afe98f460ffa364f366
10.1016/j.econedurev.2020.102009,1,failed,2020,cb02db7930176d05964d3afe98f460ffa364f366
10.1016/j.econlet.2020.109646,1,successful,2020,cb02db7930176d05964d3afe98f460ffa364f366
10.1016/j.ecresq.2015.09.001,1,successful,2016,cb02db7930176d05964d3afe98f460ffa364f366
10.1016/j.enbuild.2021.111542,1,mixed,2021,cb02db7930176d05964d3afe98f460ffa364f366
10.1016/j.eneco.2017.12.020,1,successful,2019,cb02db7930176d05964d3afe98f460ffa364f366
10.1016/j.eneco.2017.12.024,1,successful,2019,cb02db7930176d05964d3afe98f460ffa364f366
10.1016/j.euroecorev.2015.05.006,1,failed,2015,cb02db7930176d05964d3afe98f460ffa364f366
10.1016/j.frl.2022.103375,1,failed,2023,cb02db7930176d05964d3afe98f460ffa364f366
10.1016/j.heliyon.2019.e02434,1,mixed,2019,cb02db7930176d05964d3afe98f460ffa364f366
10.1016/j.heliyon.2023.e22064,1,successful,2023,cb02db7930176d05964d3afe98f460ffa364f366
10.1016/j.heliyon.2024.e32467,1,successful,2024,cb02db7930176d05964d3afe98f460ffa364f366
10.1016/j.ijgo.2016.06.008,1,successful,2016,cb02db7930176d05964d3afe98f460ffa364f366
10.1016/j.ijpsycho.2015.12.004,1,failed,2016,cb02db7930176d05964d3afe98f460ffa364f366
10.1016/j.ijpsycho.2026.113382,1,successful,2026,cb02db7930176d05964d3afe98f460ffa364f366
10.1016/j.infbeh.2019.03.005,1,failed,2019,cb02db7930176d05964d3afe98f460ffa364f366
10.1016/j.infbeh.2019.101340,1,failed,2019,cb02db7930176d05964d3afe98f460ffa364f366
10.1016/j.intell.2020.101471,1,failed,2020,cb02db7930176d05964d3afe98f460ffa364f366
10.1016/j.intman.2026.101337,1,failed,2026,cb02db7930176d05964d3afe98f460ffa364f366
10.1016/j.intmar.2021.03.001,1,successful,2021,cb02db7930176d05964d3afe98f460ffa364f366
10.1016/j.isci.2024.110532,1,mixed,2024,cb02db7930176d05964d3afe98f460ffa364f366
10.1016/j.jadr.2023.100473,1,successful,2023,cb02db7930176d05964d3afe98f460ffa364f366
10.1016/j.jalz.2011.05.2412,1,mixed,2011,cb02db7930176d05964d3afe98f460ffa364f366
10.1016/j.jalz.2015.12.008,1,failed,2016,cb02db7930176d05964d3afe98f460ffa364f366
10.1016/j.jbtep.2020.101573,1,successful,2020,cb02db7930176d05964d3afe98f460ffa364f366
10.1016/j.jbtep.2026.102124,1,failed,2026,cb02db7930176d05964d3afe98f460ffa364f366
10.1016/j.jbvi.2019.e00128,1,mixed,2019,cb02db7930176d05964d3afe98f460ffa364f366
10.1016/j.jbvi.2019.e00138,1,mixed,2019,cb02db7930176d05964d3afe98f460ffa364f366
10.1016/j.jbvi.2022.e00303,1,mixed,2022,cb02db7930176d05964d3afe98f460ffa364f366
10.1016/j.jbvi.2023.e00419,1,mixed,2023,cb02db7930176d05964d3afe98f460ffa364f366
10.1016/j.jebo.2023.03.019,1,successful,2023,cb02db7930176d05964d3afe98f460ffa364f366
10.1016/j.jecp.2015.11.007,1,successful,2016,cb02db7930176d05964d3afe98f460ffa364f366
10.1016/j.jecp.2015.12.009,1,successful,2016,cb02db7930176d05964d3afe98f460ffa364f366
10.1016/j.jeem.2020.102351,1,mixed,2020,cb02db7930176d05964d3afe98f460ffa364f366
10.1016/j.jenvp.2021.101573,1,mixed,2021,cb02db7930176d05964d3afe98f460ffa364f366
10.1016/j.jenvp.2024.102289,1,successful,2024,cb02db7930176d05964d3afe98f460ffa364f366
10.1016/j.jenvp.2026.102956,1,successful,2026,cb02db7930176d05964d3afe98f460ffa364f366
10.1016/j.jesp.2013.05.011,1,failed,2013,cb02db7930176d05964d3afe98f460ffa364f366
10.1016/j.jesp.2015.08.005,1,failed,2016,cb02db7930176d05964d3afe98f460ffa364f366
10.1016/j.jesp.2015.10.012,8,failed | mixed | successful,2016,cb02db7930176d05964d3afe98f460ffa364f366
10.1016/j.jesp.2019.103843,1,successful,2019,cb02db7930176d05964d3afe98f460ffa364f366
10.1016/j.jesp.2020.103972,3,failed | mixed | successful,2020,cb02db7930176d05964d3afe98f460ffa364f366
10.1016/j.jesp.2020.103977,1,successful,2020,cb02db7930176d05964d3afe98f460ffa364f366
10.1016/j.jesp.2020.104052,1,mixed,2021,cb02db7930176d05964d3afe98f460ffa364f366
10.1016/j.jesp.2020.104066,2,failed,2021,cb02db7930176d05964d3afe98f460ffa364f366
10.1016/j.jesp.2021.104154,2,successful,2021,cb02db7930176d05964d3afe98f460ffa364f366
10.1016/j.jesp.2021.104222,1,mixed,2021,cb02db7930176d05964d3afe98f460ffa364f366
10.1016/j.jesp.2022.104372,1,successful,2022,cb02db7930176d05964d3afe98f460ffa364f366
10.1016/j.jesp.2023.104549,1,failed,2024,cb02db7930176d05964d3afe98f460ffa364f366
10.1016/j.jesp.2023.104583,1,successful,2024,cb02db7930176d05964d3afe98f460ffa364f366
10.1016/j.jesp.2024.104619,1,failed,2024,cb02db7930176d05964d3afe98f460ffa364f366
10.1016/j.jesp.2024.104712,1,failed,2025,cb02db7930176d05964d3afe98f460ffa364f366
10.1016/j.jesp.2026.104871,1,failed,2026,cb02db7930176d05964d3afe98f460ffa364f366
10.1016/j.jesp.2026.104938,1,failed,2026,cb02db7930176d05964d3afe98f460ffa364f366
10.1016/j.jesp.2026.104969,1,successful,2026,cb02db7930176d05964d3afe98f460ffa364f366
10.1016/j.jesp.2026.104988,1,failed,2026,cb02db7930176d05964d3afe98f460ffa364f366
10.1016/j.jfbs.2021.100451,1,successful,2022,cb02db7930176d05964d3afe98f460ffa364f366
10.1016/j.jfbs.2022.100497,1,mixed,2022,cb02db7930176d05964d3afe98f460ffa364f366
10.1016/j.jfbs.2022.100498,1,failed,2022,cb02db7930176d05964d3afe98f460ffa364f366
10.1016/j.jmathb.2026.101352,1,successful,2026,cb02db7930176d05964d3afe98f460ffa364f366
10.1016/j.jml.2018.07.004,1,failed,2018,cb02db7930176d05964d3afe98f460ffa364f366
10.1016/j.jml.2022.104352,1,mixed,2022,cb02db7930176d05964d3afe98f460ffa364f366
10.1016/j.jneuroling.2010.05.001,1,successful,2011,cb02db7930176d05964d3afe98f460ffa364f366
10.1016/j.jocrd.2014.08.004,1,mixed,2014,cb02db7930176d05964d3afe98f460ffa364f366
10.1016/j.joep.2018.10.010,1,successful,2019,cb02db7930176d05964d3afe98f460ffa364f366
10.1016/j.joep.2018.11.004,1,mixed,2019,cb02db7930176d05964d3afe98f460ffa364f366
10.1016/j.joep.2018.12.001,1,mixed,2019,cb02db7930176d05964d3afe98f460ffa364f366
10.1016/j.joep.2020.102312,1,successful,2020,cb02db7930176d05964d3afe98f460ffa364f366
10.1016/j.joep.2020.102349,1,successful,2021,cb02db7930176d05964d3afe98f460ffa364f366
10.1016/j.joep.2020.102350,1,mixed,2021,cb02db7930176d05964d3afe98f460ffa364f366
10.1016/j.joep.2021.102363,1,mixed,2021,cb02db7930176d05964d3afe98f460ffa364f366
10.1016/j.joep.2022.102509,2,failed,2022,cb02db7930176d05964d3afe98f460ffa364f366
10.1016/j.joep.2023.102664,1,successful,2023,cb02db7930176d05964d3afe98f460ffa364f366
10.1016/j.joep.2026.102886,1,statistically successful but flawed,2026,cb02db7930176d05964d3afe98f460ffa364f366
10.1016/j.jom.2005.11.004,1,successful,2005,cb02db7930176d05964d3afe98f460ffa364f366
10.1016/j.jpsychires.2021.06.021,1,mixed,2021,cb02db7930176d05964d3afe98f460ffa364f366
10.1016/j.jrp.2010.11.010,1,successful,2011,cb02db7930176d05964d3afe98f460ffa364f366
10.1016/j.jrp.2014.06.006,1,failed,2014,cb02db7930176d05964d3afe98f460ffa364f366
10.1016/j.jrp.2019.06.009,1,failed,2019,cb02db7930176d05964d3afe98f460ffa364f366
10.1016/j.jrp.2019.103902,1,failed,2020,cb02db7930176d05964d3afe98f460ffa364f366
10.1016/j.jsams.2024.07.018,1,successful,2024,cb02db7930176d05964d3afe98f460ffa364f366
10.1016/j.jsp.2017.07.006,1,successful,2018,cb02db7930176d05964d3afe98f460ffa364f366
10.1016/j.jsp.2024.101307,1,successful,2024,cb02db7930176d05964d3afe98f460ffa364f366
10.1016/j.jsxm.2018.02.012,1,successful,2018,cb02db7930176d05964d3afe98f460ffa364f366
10.1016/j.leaqua.2020.101437,1,mixed,2023,cb02db7930176d05964d3afe98f460ffa364f366
10.1016/j.leaqua.2021.101538,1,failed,2023,cb02db7930176d05964d3afe98f460ffa364f366
10.1016/j.learninstruc.2015.08.002,1,successful,2015,cb02db7930176d05964d3afe98f460ffa364f366
10.1016/j.learninstruc.2018.10.002,1,failed,2019,cb02db7930176d05964d3afe98f460ffa364f366
10.1016/j.lindif.2012.01.004,1,successful,2012,cb02db7930176d05964d3afe98f460ffa364f366
10.1016/j.lindif.2012.03.010,1,successful,2012,cb02db7930176d05964d3afe98f460ffa364f366
10.1016/j.lindif.2015.03.029,1,successful,2015,cb02db7930176d05964d3afe98f460ffa364f366
10.1016/j.lindif.2015.12.026,1,mixed,2016,cb02db7930176d05964d3afe98f460ffa364f366
10.1016/j.lindif.2016.03.001,1,successful,2016,cb02db7930176d05964d3afe98f460ffa364f366
10.1016/j.lindif.2019.05.001,1,mixed,2019,cb02db7930176d05964d3afe98f460ffa364f366
10.1016/j.lindif.2019.05.004,1,successful,2019,cb02db7930176d05964d3afe98f460ffa364f366
10.1016/j.nicl.2019.101796,1,failed,2019,cb02db7930176d05964d3afe98f460ffa364f366
10.1016/j.nicl.2020.102441,1,successful,2020,cb02db7930176d05964d3afe98f460ffa364f366
10.1016/j.pacfin.2023.101935,1,mixed,2023,cb02db7930176d05964d3afe98f460ffa364f366
10.1016/j.pacfin.2023.102008,1,mixed,2023,cb02db7930176d05964d3afe98f460ffa364f366
10.1016/j.paid.2015.04.020,1,mixed,2015,cb02db7930176d05964d3afe98f460ffa364f366
10.1016/j.paid.2015.08.031,1,successful,2016,cb02db7930176d05964d3afe98f460ffa364f366
10.1016/j.paid.2022.111910,1,successful,2023,cb02db7930176d05964d3afe98f460ffa364f366
10.1016/j.paid.2024.112692,1,successful,2024,cb02db7930176d05964d3afe98f460ffa364f366
10.1016/j.paid.2026.113992,1,failed,2026,cb02db7930176d05964d3afe98f460ffa364f366
10.1016/j.physbeh.2010.12.015,1,successful,2011,cb02db7930176d05964d3afe98f460ffa364f366
10.1016/j.psychres.2024.115855,1,successful,2024,cb02db7930176d05964d3afe98f460ffa364f366
10.1016/j.psychsport.2024.102761,1,successful,2025,cb02db7930176d05964d3afe98f460ffa364f366
10.1016/j.rasd.2013.02.007,1,successful,2013,cb02db7930176d05964d3afe98f460ffa364f366
10.1016/j.rasd.2013.02.015,1,failed,2013,cb02db7930176d05964d3afe98f460ffa364f366
10.1016/j.rasd.2014.01.006,1,mixed,2014,cb02db7930176d05964d3afe98f460ffa364f366
10.1016/j.reia.2026.202971,1,successful,2026,cb02db7930176d05964d3afe98f460ffa364f366
10.1016/j.respol.2023.104819,1,failed,2023,cb02db7930176d05964d3afe98f460ffa364f366
10.1016/j.sbspro.2016.10.072,1,mixed,2016,cb02db7930176d05964d3afe98f460ffa364f366
10.1016/j.socec.2024.102333,1,failed,2025,cb02db7930176d05964d3afe98f460ffa364f366
10.1016/j.ssci.2020.105065,1,successful,2021,cb02db7930176d05964d3afe98f460ffa364f366
10.1016/j.system.2020.102377,1,mixed,2020,cb02db7930176d05964d3afe98f460ffa364f366
10.1016/j.techfore.2023.122843,1,successful,2023,cb02db7930176d05964d3afe98f460ffa364f366
10.1016/j.tjnut.2025.101302,1,successful,2026,cb02db7930176d05964d3afe98f460ffa364f366
10.1016/j.tsc.2016.10.001,1,mixed,2016,cb02db7930176d05964d3afe98f460ffa364f366
10.1016/j.worlddev.2011.05.001,1,failed,2011,cb02db7930176d05964d3afe98f460ffa364f366
10.1016/j.xjidi.2026.100490,1,mixed,2026,cb02db7930176d05964d3afe98f460ffa364f366
10.1016/j.xjmad.2024.100075,1,failed,2024,cb02db7930176d05964d3afe98f460ffa364f366
10.1016/j.ynirp.2022.100109,1,failed,2022,cb02db7930176d05964d3afe98f460ffa364f366
10.1016/j.ynirp.2022.100147,1,mixed,2022,cb02db7930176d05964d3afe98f460ffa364f366
10.1016/j.ynirp.2022.100149,1,successful,2022,cb02db7930176d05964d3afe98f460ffa364f366
10.1016/s0005-7967(98)00158-2,1,successful,1999,cb02db7930176d05964d3afe98f460ffa364f366
10.1016/s0163-6383(83)80012-5,1,failed,1983,cb02db7930176d05964d3afe98f460ffa364f366
10.1016/s0163-6383(99)00012-0,1,failed,1999,cb02db7930176d05964d3afe98f460ffa364f366
10.1016/s0167-6296(97)00023-4,1,failed,1998,cb02db7930176d05964d3afe98f460ffa364f366
10.1016/s0272-7757(98)00038-7,1,failed,1999,cb02db7930176d05964d3afe98f460ffa364f366
10.1016/s1060-3743(99)80113-1,1,failed,1999,cb02db7930176d05964d3afe98f460ffa364f366
10.1017/bpp.2020.57,1,failed,2020,cb02db7930176d05964d3afe98f460ffa364f366
10.1017/brimp.2013.34,1,successful,2013,cb02db7930176d05964d3afe98f460ffa364f366
10.1017/cnj.2023.13,1,failed,2023,cb02db7930176d05964d3afe98f460ffa364f366
10.1017/epi.2015.17,1,failed,2015,cb02db7930176d05964d3afe98f460ffa364f366
10.1017/epi.2019.20,1,failed,2019,cb02db7930176d05964d3afe98f460ffa364f366
10.1017/jdm.2023.40,1,failed,2023,cb02db7930176d05964d3afe98f460ffa364f366
10.1017/jdm.2023.48,1,mixed,2024,cb02db7930176d05964d3afe98f460ffa364f366
10.1017/jdm.2024.31,1,failed,2024,cb02db7930176d05964d3afe98f460ffa364f366
10.1017/pan.2024.7,1,failed,2024,cb02db7930176d05964d3afe98f460ffa364f366
10.1017/prp.2020.6,1,successful,2020,cb02db7930176d05964d3afe98f460ffa364f366
10.1017/psrm.2018.50,1,successful,2018,cb02db7930176d05964d3afe98f460ffa364f366
10.1017/rdc.2024.52,1,failed,2024,cb02db7930176d05964d3afe98f460ffa364f366
10.1017/s0003055404001200,1,failed,2004,cb02db7930176d05964d3afe98f460ffa364f366
10.1017/s000305540505166x,1,successful,2005,cb02db7930176d05964d3afe98f460ffa364f366
10.1017/s0003055413000063,2,mixed,2013,cb02db7930176d05964d3afe98f460ffa364f366
10.1017/s0003055422000946,1,successful,2022,cb02db7930176d05964d3afe98f460ffa364f366
10.1017/s0003055424001308,2,successful,2025,cb02db7930176d05964d3afe98f460ffa364f366
10.1017/s000842390002984x,1,mixed,1970,cb02db7930176d05964d3afe98f460ffa364f366
10.1017/s000842392200004x,1,successful,2022,cb02db7930176d05964d3afe98f460ffa364f366
10.1017/s0008423924000234,1,successful,2024,cb02db7930176d05964d3afe98f460ffa364f366
10.1017/s003329170500543x,1,mixed,2005,cb02db7930176d05964d3afe98f460ffa364f366
10.1017/s0033291706008257,1,successful,2006,cb02db7930176d05964d3afe98f460ffa364f366
10.1017/s0033291719002770,1,mixed,2019,cb02db7930176d05964d3afe98f460ffa364f366
10.1017/s0033291720001919,1,mixed,2020,cb02db7930176d05964d3afe98f460ffa364f366
10.1017/s0033291722003233,1,successful,2022,cb02db7930176d05964d3afe98f460ffa364f366
10.1017/s0142716414000137,1,successful,2014,cb02db7930176d05964d3afe98f460ffa364f366
10.1017/s0142716423000127,1,failed,2023,cb02db7930176d05964d3afe98f460ffa364f366
10.1017/s0261444813000049,1,failed,2013,cb02db7930176d05964d3afe98f460ffa364f366
10.1017/s0261444815000087,1,failed,2015,cb02db7930176d05964d3afe98f460ffa364f366
10.1017/s0261444817000362,1,successful,2017,cb02db7930176d05964d3afe98f460ffa364f366
10.1017/s0261444818000216,1,successful,2018,cb02db7930176d05964d3afe98f460ffa364f366
10.1017/s0261444818000368,1,successful,2018,cb02db7930176d05964d3afe98f460ffa364f366
10.1017/s0261444819000120,1,mixed,2019,cb02db7930176d05964d3afe98f460ffa364f366
10.1017/s0261444819000296,1,mixed,2019,cb02db7930176d05964d3afe98f460ffa364f366
10.1017/s026144482000021x,1,successful,2020,cb02db7930176d05964d3afe98f460ffa364f366
10.1017/s0261444822000544,1,successful,2023,cb02db7930176d05964d3afe98f460ffa364f366
10.1017/s0261444825100992,1,successful,2025,cb02db7930176d05964d3afe98f460ffa364f366
10.1017/s0272263111000325,1,successful,2011,cb02db7930176d05964d3afe98f460ffa364f366
10.1017/s0272263112000903,1,mixed,2013,cb02db7930176d05964d3afe98f460ffa364f366
10.1017/s0272263123000086,1,mixed,2023,cb02db7930176d05964d3afe98f460ffa364f366
10.1017/s0272263124000123,1,failed,2024,cb02db7930176d05964d3afe98f460ffa364f366
10.1017/s0272263124000238,1,failed,2024,cb02db7930176d05964d3afe98f460ffa364f366
10.1017/s027226312400024x,1,successful,2024,cb02db7930176d05964d3afe98f460ffa364f366
10.1017/s0272263124000275,1,mixed,2024,cb02db7930176d05964d3afe98f460ffa364f366
10.1017/s0272263124000342,1,statistically successful but flawed,2024,cb02db7930176d05964d3afe98f460ffa364f366
10.1017/s0272263124000378,1,successful,2024,cb02db7930176d05964d3afe98f460ffa364f366
10.1017/s0272263124000445,1,failed,2024,cb02db7930176d05964d3afe98f460ffa364f366
10.1017/s0272263124000457,1,successful,2024,cb02db7930176d05964d3afe98f460ffa364f366
10.1017/s0272263124000512,1,successful,2024,cb02db7930176d05964d3afe98f460ffa364f366
10.1017/s0272263124000603,1,successful,2024,cb02db7930176d05964d3afe98f460ffa364f366
10.1017/s0272263125000130,1,successful,2025,cb02db7930176d05964d3afe98f460ffa364f366
10.1017/s0272263125101368,1,failed,2025,cb02db7930176d05964d3afe98f460ffa364f366
10.1017/s0305000925100366,1,successful,2025,cb02db7930176d05964d3afe98f460ffa364f366
10.1017/s0954579414000856,1,successful,2014,cb02db7930176d05964d3afe98f460ffa364f366
10.1017/s0954579418001530,1,successful,2019,cb02db7930176d05964d3afe98f460ffa364f366
10.1017/s0958344023000022,1,successful,2023,cb02db7930176d05964d3afe98f460ffa364f366
10.1017/s1352465817000091,1,successful,2017,cb02db7930176d05964d3afe98f460ffa364f366
10.1017/s1355617713000738,1,successful,2013,cb02db7930176d05964d3afe98f460ffa364f366
10.1017/s174413742200025x,1,successful,2022,cb02db7930176d05964d3afe98f460ffa364f366
10.1017/s1930297500002941,1,successful,2019,cb02db7930176d05964d3afe98f460ffa364f366
10.1017/s1930297500007348,1,failed,2020,cb02db7930176d05964d3afe98f460ffa364f366
10.1017/s1930297500007774,1,mixed,2021,cb02db7930176d05964d3afe98f460ffa364f366
10.1017/s1930297500008184,1,successful,2020,cb02db7930176d05964d3afe98f460ffa364f366
10.1017/s1930297500008299,1,failed,2021,cb02db7930176d05964d3afe98f460ffa364f366
10.1017/s1930297500008470,1,successful,2021,cb02db7930176d05964d3afe98f460ffa364f366
10.1017/s1930297500008615,1,successful,2021,cb02db7930176d05964d3afe98f460ffa364f366
10.1017/s1930297500009128,1,successful,2022,cb02db7930176d05964d3afe98f460ffa364f366
10.1017/s193029750000930x,1,mixed,2022,cb02db7930176d05964d3afe98f460ffa364f366
10.1017/s2040174420001294,1,failed,2021,cb02db7930176d05964d3afe98f460ffa364f366
10.1017/sjp.2016.1,1,successful,2016,cb02db7930176d05964d3afe98f460ffa364f366
10.1017/ssh.2017.27,1,mixed,2017,cb02db7930176d05964d3afe98f460ffa364f366
10.1017/thg.2012.151,1,successful,2013,cb02db7930176d05964d3afe98f460ffa364f366
10.1017/thg.2016.80,1,successful,2016,cb02db7930176d05964d3afe98f460ffa364f366
10.1017/xps.2017.22,1,mixed,2017,cb02db7930176d05964d3afe98f460ffa364f366
10.1017/xps.2017.8,1,failed,2017,cb02db7930176d05964d3afe98f460ffa364f366
10.1017/xps.2019.1,1,successful,2019,cb02db7930176d05964d3afe98f460ffa364f366
10.1017/xps.2020.18,1,failed,2020,cb02db7930176d05964d3afe98f460ffa364f366
10.1017/xps.2021.29,1,successful,2021,cb02db7930176d05964d3afe98f460ffa364f366
10.1017/xps.2022.35,1,mixed,2023,cb02db7930176d05964d3afe98f460ffa364f366
10.1017/xps.2025.10027,1,failed,2026,cb02db7930176d05964d3afe98f460ffa364f366
10.1021/acscentsci.0c01028,1,successful,2021,cb02db7930176d05964d3afe98f460ffa364f366
10.1021/pr400337b,1,successful,2013,cb02db7930176d05964d3afe98f460ffa364f366
10.1023/a:1009946125005,1,successful,2000,cb02db7930176d05964d3afe98f460ffa364f366
10.1024/1010-0652/a000049,1,failed,2011,cb02db7930176d05964d3afe98f460ffa364f366
10.1024/1010-0652/a000121,1,successful,2014,cb02db7930176d05964d3afe98f460ffa364f366
10.1027/0227-5910.25.2.65,1,successful,2004,cb02db7930176d05964d3afe98f460ffa364f366
10.1027/1015-5759/a000263,1,failed,2016,cb02db7930176d05964d3afe98f460ffa364f366
10.1027/1614-0001/a000082,1,successful,2012,cb02db7930176d05964d3afe98f460ffa364f366
10.1027/1614-0001/a000311,2,successful,2020,cb02db7930176d05964d3afe98f460ffa364f366
10.1027/1618-3169.51.2.109,1,failed,2004,cb02db7930176d05964d3afe98f460ffa364f366
10.1027/1618-3169/a000117,1,mixed,2011,cb02db7930176d05964d3afe98f460ffa364f366
10.1027/1618-3169/a000490,1,failed,2020,cb02db7930176d05964d3afe98f460ffa364f366
10.1027/1618-3169/a000554,1,mixed,2022,cb02db7930176d05964d3afe98f460ffa364f366
10.1027/1618-3169/a000567,1,failed,2022,cb02db7930176d05964d3afe98f460ffa364f366
10.1027/1618-3169/a000569,1,mixed,2022,cb02db7930176d05964d3afe98f460ffa364f366
10.1027/1864-1105/a000334,1,mixed,2022,cb02db7930176d05964d3afe98f460ffa364f366
10.1027/1864-1105/a000396,1,successful,2024,cb02db7930176d05964d3afe98f460ffa364f366
10.1027/1864-9335/a000178,8,failed | mixed | successful,2014,cb02db7930176d05964d3afe98f460ffa364f366
10.1027/1864-9335/a000179,1,failed,2014,cb02db7930176d05964d3afe98f460ffa364f366
10.1027/1864-9335/a000180,1,successful,2014,cb02db7930176d05964d3afe98f460ffa364f366
10.1027/1864-9335/a000181,1,failed,2014,cb02db7930176d05964d3afe98f460ffa364f366
10.1027/1864-9335/a000182,1,failed,2014,cb02db7930176d05964d3afe98f460ffa364f366
10.1027/1864-9335/a000184,1,mixed,2014,cb02db7930176d05964d3afe98f460ffa364f366
10.1027/1864-9335/a000185,1,mixed,2014,cb02db7930176d05964d3afe98f460ffa364f366
10.1027/1864-9335/a000186,1,failed,2014,cb02db7930176d05964d3afe98f460ffa364f366
10.1027/1864-9335/a000187,1,failed,2014,cb02db7930176d05964d3afe98f460ffa364f366
10.1027/1864-9335/a000188,1,mixed,2014,cb02db7930176d05964d3afe98f460ffa364f366
10.1027/1864-9335/a000189,1,failed,2014,cb02db7930176d05964d3afe98f460ffa364f366
10.1027/1864-9335/a000190,1,failed,2014,cb02db7930176d05964d3afe98f460ffa364f366
10.1027/1864-9335/a000191,1,failed,2014,cb02db7930176d05964d3afe98f460ffa364f366
10.1027/1864-9335/a000193,1,failed,2014,cb02db7930176d05964d3afe98f460ffa364f366
10.1027/1864-9335/a000300,1,failed,2017,cb02db7930176d05964d3afe98f460ffa364f366
10.1027/1864-9335/a000388,1,mixed,2019,cb02db7930176d05964d3afe98f460ffa364f366
10.1027/1864-9335/a000491,1,successful,2022,cb02db7930176d05964d3afe98f460ffa364f366
10.1027/1864-9335/a000554,1,failed,2024,cb02db7930176d05964d3afe98f460ffa364f366
10.1027/1864-9335/a000585,1,failed,2025,cb02db7930176d05964d3afe98f460ffa364f366
10.1037//0022-006x.55.1.115,1,successful,1987,cb02db7930176d05964d3afe98f460ffa364f366
10.1037/0021-843x.113.1.145,1,failed,2004,cb02db7930176d05964d3afe98f460ffa364f366
10.1037/0021-9010.90.6.1204,1,mixed,2005,cb02db7930176d05964d3afe98f460ffa364f366
10.1037/0022-0167.55.2.263,1,successful,2008,cb02db7930176d05964d3afe98f460ffa364f366
10.1037/0022-0663.83.4.444,1,mixed,1991,cb02db7930176d05964d3afe98f460ffa364f366
10.1037/a0014697,1,mixed,2009,cb02db7930176d05964d3afe98f460ffa364f366
10.1037/a0017172,1,failed,2010,cb02db7930176d05964d3afe98f460ffa364f366
10.1037/a0018881,1,successful,2010,cb02db7930176d05964d3afe98f460ffa364f366
10.1037/a0019128,1,successful,2010,cb02db7930176d05964d3afe98f460ffa364f366
10.1037/a0019951,1,failed,2010,cb02db7930176d05964d3afe98f460ffa364f366
10.1037/a0022144,1,successful,2011,cb02db7930176d05964d3afe98f460ffa364f366
10.1037/a0023237,1,successful,2012,cb02db7930176d05964d3afe98f460ffa364f366
10.1037/a0023597,1,mixed,2011,cb02db7930176d05964d3afe98f460ffa364f366
10.1037/a0024587,1,successful,2011,cb02db7930176d05964d3afe98f460ffa364f366
10.1037/a0025169,1,mixed,2012,cb02db7930176d05964d3afe98f460ffa364f366
10.1037/a0027210,1,failed,2012,cb02db7930176d05964d3afe98f460ffa364f366
10.1037/a0028072,1,successful,2012,cb02db7930176d05964d3afe98f460ffa364f366
10.1037/a0029709,1,failed,2012,cb02db7930176d05964d3afe98f460ffa364f366
10.1037/a0029855,1,successful,2012,cb02db7930176d05964d3afe98f460ffa364f366
10.1037/a0030530,1,mixed,2013,cb02db7930176d05964d3afe98f460ffa364f366
10.1037/a0031138,1,failed,2013,cb02db7930176d05964d3afe98f460ffa364f366
10.1037/a0031751,1,failed,2013,cb02db7930176d05964d3afe98f460ffa364f366
10.1037/a0033303,1,successful,2013,cb02db7930176d05964d3afe98f460ffa364f366
10.1037/a0033324,1,successful,2013,cb02db7930176d05964d3afe98f460ffa364f366
10.1037/a0033827,1,mixed,2014,cb02db7930176d05964d3afe98f460ffa364f366
10.1037/a0036079,1,mixed,2015,cb02db7930176d05964d3afe98f460ffa364f366
10.1037/a0036307,1,successful,2014,cb02db7930176d05964d3afe98f460ffa364f366
10.1037/abn0000318,1,successful,2018,cb02db7930176d05964d3afe98f460ffa364f366
10.1037/aca0000420,1,failed,2024,cb02db7930176d05964d3afe98f460ffa364f366
10.1037/amp0001210,1,successful,2024,cb02db7930176d05964d3afe98f460ffa364f366
10.1037/arc0000007,1,failed,2014,cb02db7930176d05964d3afe98f460ffa364f366
10.1037/bne0000068,1,successful,2015,cb02db7930176d05964d3afe98f460ffa364f366
10.1037/bne0000439,1,failed,2023,cb02db7930176d05964d3afe98f460ffa364f366
10.1037/cdp0000775,1,mixed,2025,cb02db7930176d05964d3afe98f460ffa364f366
10.1037/cep0000225,1,successful,2020,cb02db7930176d05964d3afe98f460ffa364f366
10.1037/cns0000005,1,failed,2014,cb02db7930176d05964d3afe98f460ffa364f366
10.1037/com0000223,1,failed,2020,cb02db7930176d05964d3afe98f460ffa364f366
10.1037/cou0000110,1,successful,2015,cb02db7930176d05964d3afe98f460ffa364f366
10.1037/cou0000322,1,failed,2019,cb02db7930176d05964d3afe98f460ffa364f366
10.1037/cou0000608,1,successful,2022,cb02db7930176d05964d3afe98f460ffa364f366
10.1037/dev0000499,1,successful,2018,cb02db7930176d05964d3afe98f460ffa364f366
10.1037/dev0002158,1,mixed,2026,cb02db7930176d05964d3afe98f460ffa364f366
10.1037/ebs0000279,1,successful,2023,cb02db7930176d05964d3afe98f460ffa364f366
10.1037/ebs0000298,1,failed,2023,cb02db7930176d05964d3afe98f460ffa364f366
10.1037/edu0000095,1,successful,2017,cb02db7930176d05964d3afe98f460ffa364f366
10.1037/edu0000141,1,failed,2017,cb02db7930176d05964d3afe98f460ffa364f366
10.1037/edu0000146,1,successful,2017,cb02db7930176d05964d3afe98f460ffa364f366
10.1037/edu0000326,1,successful,2019,cb02db7930176d05964d3afe98f460ffa364f366
10.1037/edu0000335,1,successful,2019,cb02db7930176d05964d3afe98f460ffa364f366
10.1037/edu0000413,1,successful,2020,cb02db7930176d05964d3afe98f460ffa364f366
10.1037/edu0000433,1,mixed,2020,cb02db7930176d05964d3afe98f460ffa364f366
10.1037/edu0000441,1,successful,2020,cb02db7930176d05964d3afe98f460ffa364f366
10.1037/edu0000965,1,failed,2025,cb02db7930176d05964d3afe98f460ffa364f366
10.1037/emo0000569,1,successful,2020,cb02db7930176d05964d3afe98f460ffa364f366
10.1037/emo0001389,1,successful,2024,cb02db7930176d05964d3afe98f460ffa364f366
10.1037/emo0001621,1,mixed,2026,cb02db7930176d05964d3afe98f460ffa364f366
10.1037/fam0000034,1,successful,2015,cb02db7930176d05964d3afe98f460ffa364f366
10.1037/fam0000521,1,mixed,2019,cb02db7930176d05964d3afe98f460ffa364f366
10.1037/gdn0000121,1,mixed,2020,cb02db7930176d05964d3afe98f460ffa364f366
10.1037/h0101833,1,successful,2019,cb02db7930176d05964d3afe98f460ffa364f366
10.1037/lhb0000596,1,mixed,2025,cb02db7930176d05964d3afe98f460ffa364f366
10.1037/men0000301,1,successful,2021,cb02db7930176d05964d3afe98f460ffa364f366
10.1037/mot0000308,1,failed,2024,cb02db7930176d05964d3afe98f460ffa364f366
10.1037/pac0000609,1,mixed,2022,cb02db7930176d05964d3afe98f460ffa364f366
10.1037/pas0000664,1,successful,2019,cb02db7930176d05964d3afe98f460ffa364f366
10.1037/pas0001164,1,successful,2022,cb02db7930176d05964d3afe98f460ffa364f366
10.1037/pas0001395,1,successful,2025,cb02db7930176d05964d3afe98f460ffa364f366
10.1037/per0000041,1,mixed,2014,cb02db7930176d05964d3afe98f460ffa364f366
10.1037/pspa0000064,1,mixed,2016,cb02db7930176d05964d3afe98f460ffa364f366
10.1037/pspa0000121,1,mixed,2018,cb02db7930176d05964d3afe98f460ffa364f366
10.1037/pspa0000191,1,mixed,2020,cb02db7930176d05964d3afe98f460ffa364f366
10.1037/pspa0000214,1,failed,2020,cb02db7930176d05964d3afe98f460ffa364f366
10.1037/pspa0000238,1,failed,2020,cb02db7930176d05964d3afe98f460ffa364f366
10.1037/pspa0000261,1,successful,2021,cb02db7930176d05964d3afe98f460ffa364f366
10.1037/pspa0000444,1,successful,2026,cb02db7930176d05964d3afe98f460ffa364f366
10.1037/pspp0000017,1,failed,2015,cb02db7930176d05964d3afe98f460ffa364f366
10.1037/pspp0000037,1,successful,2016,cb02db7930176d05964d3afe98f460ffa364f366
10.1037/pspp0000056,1,failed,2016,cb02db7930176d05964d3afe98f460ffa364f366
10.1037/pspp0000070,1,failed,2016,cb02db7930176d05964d3afe98f460ffa364f366
10.1037/pspp0000104,1,successful,2017,cb02db7930176d05964d3afe98f460ffa364f366
10.1037/pspp0000195,1,failed,2019,cb02db7930176d05964d3afe98f460ffa364f366
10.1037/pspp0000202,1,successful,2019,cb02db7930176d05964d3afe98f460ffa364f366
10.1037/pspp0000371,1,failed,2021,cb02db7930176d05964d3afe98f460ffa364f366
10.1037/pspp0000380,1,mixed,2021,cb02db7930176d05964d3afe98f460ffa364f366
10.1037/pspp0000408,1,successful,2022,cb02db7930176d05964d3afe98f460ffa364f366
10.1037/spq0000229,1,successful,2018,cb02db7930176d05964d3afe98f460ffa364f366
10.1037/spq0000246,1,successful,2018,cb02db7930176d05964d3afe98f460ffa364f366
10.1037/tmb0000086,1,mixed,2022,cb02db7930176d05964d3afe98f460ffa364f366
10.1037/tra0000586,1,successful,2021,cb02db7930176d05964d3afe98f460ffa364f366
10.1037/vio0000282,1,mixed,2020,cb02db7930176d05964d3afe98f460ffa364f366
10.1037/xap0000270,1,failed,2020,cb02db7930176d05964d3afe98f460ffa364f366
10.1037/xap0000321,1,failed,2021,cb02db7930176d05964d3afe98f460ffa364f366
10.1037/xap0000366,1,mixed,2022,cb02db7930176d05964d3afe98f460ffa364f366
10.1037/xge0000027,1,failed,2015,cb02db7930176d05964d3afe98f460ffa364f366
10.1037/xge0000058,1,failed,2015,cb02db7930176d05964d3afe98f460ffa364f366
10.1037/xge0000067,1,mixed,2016,cb02db7930176d05964d3afe98f460ffa364f366
10.1037/xge0000090,1,failed,2015,cb02db7930176d05964d3afe98f460ffa364f366
10.1037/xge0000124,1,failed,2016,cb02db7930176d05964d3afe98f460ffa364f366
10.1037/xge0000131,1,failed,2016,cb02db7930176d05964d3afe98f460ffa364f366
10.1037/xge0000203,1,successful,2016,cb02db7930176d05964d3afe98f460ffa364f366
10.1037/xge0000295,1,successful,2017,cb02db7930176d05964d3afe98f460ffa364f366
10.1037/xge0000353,1,failed,2018,cb02db7930176d05964d3afe98f460ffa364f366
10.1037/xge0000622,1,failed,2024,cb02db7930176d05964d3afe98f460ffa364f366
10.1037/xge0000644,1,failed,2019,cb02db7930176d05964d3afe98f460ffa364f366
10.1037/xge0000788,1,mixed,2021,cb02db7930176d05964d3afe98f460ffa364f366
10.1037/xge0000992,1,successful,2021,cb02db7930176d05964d3afe98f460ffa364f366
10.1037/xge0001333,1,failed,2023,cb02db7930176d05964d3afe98f460ffa364f366
10.1037/xge0001467,1,failed,2023,cb02db7930176d05964d3afe98f460ffa364f366
10.1037/xge0001503,1,successful,2024,cb02db7930176d05964d3afe98f460ffa364f366
10.1037/xge0001756,1,failed,2025,cb02db7930176d05964d3afe98f460ffa364f366
10.1037/xge0001886,1,mixed,2026,cb02db7930176d05964d3afe98f460ffa364f366
10.1037/xhp0000180,1,successful,2016,cb02db7930176d05964d3afe98f460ffa364f366
10.1037/xhp0000331,1,successful,2017,cb02db7930176d05964d3afe98f460ffa364f366
10.1037/xhp0000489,1,successful,2018,cb02db7930176d05964d3afe98f460ffa364f366
10.1037/xlm0000127,1,failed,2015,cb02db7930176d05964d3afe98f460ffa364f366
10.1037/xlm0000490,1,mixed,2018,cb02db7930176d05964d3afe98f460ffa364f366
10.1037/xlm0000874,1,successful,2021,cb02db7930176d05964d3afe98f460ffa364f366
10.1037/xlm0001529,1,successful,2025,cb02db7930176d05964d3afe98f460ffa364f366
10.1038/gene.2008.59,1,mixed,2008,cb02db7930176d05964d3afe98f460ffa364f366
10.1038/gene.2008.95,1,successful,2008,cb02db7930176d05964d3afe98f460ffa364f366
10.1038/jhg.2009.96,1,successful,2009,cb02db7930176d05964d3afe98f460ffa364f366
10.1038/jhg.2012.11,1,successful,2012,cb02db7930176d05964d3afe98f460ffa364f366
10.1038/jhg.2013.28,1,failed,2013,cb02db7930176d05964d3afe98f460ffa364f366
10.1038/jhg.2016.155,1,successful,2016,cb02db7930176d05964d3afe98f460ffa364f366
10.1038/jhg.2016.82,1,successful,2016,cb02db7930176d05964d3afe98f460ffa364f366
10.1038/mp.2011.155,1,mixed,2011,cb02db7930176d05964d3afe98f460ffa364f366
10.1038/s41393-020-00536-x,1,mixed,2020,cb02db7930176d05964d3afe98f460ffa364f366
10.1038/s41398-021-01366-y,1,failed,2021,cb02db7930176d05964d3afe98f460ffa364f366
10.1038/s41467-024-46936-y,1,mixed,2024,cb02db7930176d05964d3afe98f460ffa364f366
10.1038/s41467-025-62462-x,1,successful,2025,cb02db7930176d05964d3afe98f460ffa364f366
10.1038/s41562-018-0399-z,21,failed | successful,2018,cb02db7930176d05964d3afe98f460ffa364f366
10.1038/s41562-020-0822-0,1,failed,2020,cb02db7930176d05964d3afe98f460ffa364f366
10.1038/s41562-020-0823-z,1,failed,2020,cb02db7930176d05964d3afe98f460ffa364f366
10.1038/s41562-024-02062-9,26,failed | successful,2024,cb02db7930176d05964d3afe98f460ffa364f366
10.1038/s41586-019-1741-y,1,failed,2019,cb02db7930176d05964d3afe98f460ffa364f366
10.1038/s41598-018-35209-6,1,successful,2018,cb02db7930176d05964d3afe98f460ffa364f366
10.1038/s41598-020-63924-6,1,failed,2020,cb02db7930176d05964d3afe98f460ffa364f366
10.1038/s41598-021-88139-1,1,statistically successful but flawed,2021,cb02db7930176d05964d3afe98f460ffa364f366
10.1038/s41598-022-06119-5,1,failed,2022,cb02db7930176d05964d3afe98f460ffa364f366
10.1038/s41598-022-10567-4,1,successful,2022,cb02db7930176d05964d3afe98f460ffa364f366
10.1038/s41598-022-18520-1,1,failed,2022,cb02db7930176d05964d3afe98f460ffa364f366
10.1038/s41598-022-23411-6,1,mixed,2022,cb02db7930176d05964d3afe98f460ffa364f366
10.1038/s41598-023-43885-2,1,mixed,2023,cb02db7930176d05964d3afe98f460ffa364f366
10.1038/s41598-024-53427-z,1,mixed,2024,cb02db7930176d05964d3afe98f460ffa364f366
10.1038/s41598-024-63724-2,1,successful,2024,cb02db7930176d05964d3afe98f460ffa364f366
10.1038/s41598-025-10331-4,1,successful,2025,cb02db7930176d05964d3afe98f460ffa364f366
10.1038/s41598-025-12592-5,1,failed,2025,cb02db7930176d05964d3afe98f460ffa364f366
10.1038/s41598-025-25608-x,1,successful,2025,cb02db7930176d05964d3afe98f460ffa364f366
10.1038/s41598-026-44440-5,1,successful,2026,cb02db7930176d05964d3afe98f460ffa364f366
10.1038/s44271-024-00067-8,1,failed,2024,cb02db7930176d05964d3afe98f460ffa364f366
10.1038/sdata.2016.116,1,successful,2016,cb02db7930176d05964d3afe98f460ffa364f366
10.1038/sdata.2016.120,1,mixed,2017,cb02db7930176d05964d3afe98f460ffa364f366
10.1038/sdata.2016.129,1,mixed,2017,cb02db7930176d05964d3afe98f460ffa364f366
10.1038/sdata.2016.98,1,successful,2016,cb02db7930176d05964d3afe98f460ffa364f366
10.1038/sj.ejhg.5200687,1,successful,2001,cb02db7930176d05964d3afe98f460ffa364f366
10.1038/sj.ejhg.5201317,1,failed,2004,cb02db7930176d05964d3afe98f460ffa364f366
10.1038/sj.gene.6364398,1,mixed,2007,cb02db7930176d05964d3afe98f460ffa364f366
10.1038/sj.mp.4001719,1,successful,2005,cb02db7930176d05964d3afe98f460ffa364f366
10.1038/sj.npp.1300311,1,mixed,2003,cb02db7930176d05964d3afe98f460ffa364f366
10.1038/srep33166,1,successful,2016,cb02db7930176d05964d3afe98f460ffa364f366
10.1038/tpj.2008.6,1,mixed,2008,cb02db7930176d05964d3afe98f460ffa364f366
10.1038/tpj.2011.32,1,successful,2011,cb02db7930176d05964d3afe98f460ffa364f366
10.1039/c9rp00171a,1,successful,2020,cb02db7930176d05964d3afe98f460ffa364f366
10.1055/s-0030-1268438,1,failed,2010,cb02db7930176d05964d3afe98f460ffa364f366
10.1055/s-0038-1649509,1,successful,2018,cb02db7930176d05964d3afe98f460ffa364f366
10.1057/s41267-022-00532-8,1,successful,2022,cb02db7930176d05964d3afe98f460ffa364f366
10.1063/1.3680037,1,mixed,2012,cb02db7930176d05964d3afe98f460ffa364f366
10.1073/pnas.1601440113,1,failed,2016,cb02db7930176d05964d3afe98f460ffa364f366
10.1073/pnas.1708345114,1,failed,2017,cb02db7930176d05964d3afe98f460ffa364f366
10.1073/pnas.1911695117,1,failed,2020,cb02db7930176d05964d3afe98f460ffa364f366
10.1073/pnas.2103313118,17,failed | mixed | successful,2021,cb02db7930176d05964d3afe98f460ffa364f366
10.1073/pnas.2202700119,1,successful,2022,cb02db7930176d05964d3afe98f460ffa364f366
10.1073/pnas.2213824120,1,mixed,2023,cb02db7930176d05964d3afe98f460ffa364f366
10.1073/pnas.2305629120,1,failed,2023,cb02db7930176d05964d3afe98f460ffa364f366
10.1073/pnas.2402315121,1,failed,2024,cb02db7930176d05964d3afe98f460ffa364f366
10.1075/bpa.3.13goo,1,mixed,2016,cb02db7930176d05964d3afe98f460ffa364f366
10.1075/lab.23071.bra,1,mixed,2024,cb02db7930176d05964d3afe98f460ffa364f366
10.1075/lab.25048.cha,1,successful,2025,cb02db7930176d05964d3afe98f460ffa364f366
10.1075/target.18159.ola,1,successful,2019,cb02db7930176d05964d3afe98f460ffa364f366
10.1080/0003684032000056805,1,failed,2003,cb02db7930176d05964d3afe98f460ffa364f366
10.1080/0003684042000229532,2,failed,2004,cb02db7930176d05964d3afe98f460ffa364f366
10.1080/00036846.2015.1013613,1,failed,2015,cb02db7930176d05964d3afe98f460ffa364f366
10.1080/00036846.2017.1321840,1,failed,2017,cb02db7930176d05964d3afe98f460ffa364f366
10.1080/000368498324977,1,mixed,1998,cb02db7930176d05964d3afe98f460ffa364f366
10.1080/00140139.2021.1909752,1,failed,2021,cb02db7930176d05964d3afe98f460ffa364f366
10.1080/00207149008414504,1,failed,1990,cb02db7930176d05964d3afe98f460ffa364f366
10.1080/00220380802058156,1,failed,2008,cb02db7930176d05964d3afe98f460ffa364f366
10.1080/00220671.2015.1048503,1,failed,2016,cb02db7930176d05964d3afe98f460ffa364f366
10.1080/00221309.2024.2317247,1,successful,2024,cb02db7930176d05964d3afe98f460ffa364f366
10.1080/00221546.2019.1650582,1,failed,2019,cb02db7930176d05964d3afe98f460ffa364f366
10.1080/00222895.2012.746635,1,failed,2013,cb02db7930176d05964d3afe98f460ffa364f366
10.1080/00222895.2014.898608,1,successful,2014,cb02db7930176d05964d3afe98f460ffa364f366
10.1080/00223891.1973.10119882,1,successful,1973,cb02db7930176d05964d3afe98f460ffa364f366
10.1080/00223891.2018.1539004,1,successful,2019,cb02db7930176d05964d3afe98f460ffa364f366
10.1080/00223980109603712,1,successful,2001,cb02db7930176d05964d3afe98f460ffa364f366
10.1080/00224545.2012.706242,1,mixed,2013,cb02db7930176d05964d3afe98f460ffa364f366
10.1080/00224545.2017.1331991,1,mixed,2017,cb02db7930176d05964d3afe98f460ffa364f366
10.1080/00224545.2025.2482014,1,mixed,2025,cb02db7930176d05964d3afe98f460ffa364f366
10.1080/00330124.2012.681509,1,failed,2013,cb02db7930176d05964d3afe98f460ffa364f366
10.1080/00913367.2015.1085819,1,successful,2015,cb02db7930176d05964d3afe98f460ffa364f366
10.1080/00913367.2015.1088809,1,mixed,2015,cb02db7930176d05964d3afe98f460ffa364f366
10.1080/00913367.2015.1089426,1,successful,2015,cb02db7930176d05964d3afe98f460ffa364f366
10.1080/00913367.2015.1093438,1,failed,2015,cb02db7930176d05964d3afe98f460ffa364f366
10.1080/01434632.2020.1730861,1,failed,2020,cb02db7930176d05964d3afe98f460ffa364f366
10.1080/01443410.2013.812615,1,successful,2013,cb02db7930176d05964d3afe98f460ffa364f366
10.1080/01443410.2025.2477181,1,successful,2025,cb02db7930176d05964d3afe98f460ffa364f366
10.1080/0144341860060206,1,successful,1986,cb02db7930176d05964d3afe98f460ffa364f366
10.1080/0163853x.2024.2339738,1,successful,2024,cb02db7930176d05964d3afe98f460ffa364f366
10.1080/01973533.2013.856792,1,failed,2014,cb02db7930176d05964d3afe98f460ffa364f366
10.1080/01973533.2016.1256287,1,successful,2016,cb02db7930176d05964d3afe98f460ffa364f366
10.1080/01973533.2020.1806845,1,failed,2020,cb02db7930176d05964d3afe98f460ffa364f366
10.1080/02607476.2019.1674563,1,failed,2019,cb02db7930176d05964d3afe98f460ffa364f366
10.1080/02619768.2014.882308,1,successful,2014,cb02db7930176d05964d3afe98f460ffa364f366
10.1080/02671522.2019.1678062,1,successful,2019,cb02db7930176d05964d3afe98f460ffa364f366
10.1080/02673843.2025.2587284,1,successful,2025,cb02db7930176d05964d3afe98f460ffa364f366
10.1080/02687038.2010.536841,1,mixed,2011,cb02db7930176d05964d3afe98f460ffa364f366
10.1080/02699206.2018.1504989,1,failed,2018,cb02db7930176d05964d3afe98f460ffa364f366
10.1080/02699931.2015.1136270,1,failed,2016,cb02db7930176d05964d3afe98f460ffa364f366
10.1080/02699931.2017.1279591,1,failed,2017,cb02db7930176d05964d3afe98f460ffa364f366
10.1080/02699931.2017.1292217,1,failed,2017,cb02db7930176d05964d3afe98f460ffa364f366
10.1080/02699931.2018.1429389,1,failed,2018,cb02db7930176d05964d3afe98f460ffa364f366
10.1080/02699931.2018.1504747,1,successful,2018,cb02db7930176d05964d3afe98f460ffa364f366
10.1080/02699931.2018.1541312,1,mixed,2018,cb02db7930176d05964d3afe98f460ffa364f366
10.1080/02699931.2019.1710110,1,successful,2020,cb02db7930176d05964d3afe98f460ffa364f366
10.1080/02699931.2020.1863187,1,successful,2020,cb02db7930176d05964d3afe98f460ffa364f366
10.1080/02699931.2021.1891863,1,successful,2021,cb02db7930176d05964d3afe98f460ffa364f366
10.1080/02699931.2024.2434156,1,successful,2024,cb02db7930176d05964d3afe98f460ffa364f366
10.1080/02702711.2017.1344165,1,successful,2017,cb02db7930176d05964d3afe98f460ffa364f366
10.1080/02702711.2020.1768976,1,failed,2020,cb02db7930176d05964d3afe98f460ffa364f366
10.1080/03004430.2014.1003554,1,successful,2015,cb02db7930176d05964d3afe98f460ffa364f366
10.1080/03124070008414314,1,failed,2000,cb02db7930176d05964d3afe98f460ffa364f366
10.1080/07351690.2025.2609523,1,mixed,2026,cb02db7930176d05964d3afe98f460ffa364f366
10.1080/07421656.2012.680047,1,successful,2012,cb02db7930176d05964d3afe98f460ffa364f366
10.1080/08870446.2013.841911,1,successful,2013,cb02db7930176d05964d3afe98f460ffa364f366
10.1080/08993408.2022.2071543,1,successful,2022,cb02db7930176d05964d3afe98f460ffa364f366
10.1080/08993408.2022.2079864,1,successful,2022,cb02db7930176d05964d3afe98f460ffa364f366
10.1080/08993408.2022.2079866,1,mixed,2022,cb02db7930176d05964d3afe98f460ffa364f366
10.1080/09084282.2011.595455,1,successful,2011,cb02db7930176d05964d3afe98f460ffa364f366
10.1080/09362835.2016.1238379,1,failed,2016,cb02db7930176d05964d3afe98f460ffa364f366
10.1080/09515089.2013.878834,1,failed,2014,cb02db7930176d05964d3afe98f460ffa364f366
10.1080/09515089.2014.893288,1,failed,2014,cb02db7930176d05964d3afe98f460ffa364f366
10.1080/09515089.2019.1587912,1,mixed,2019,cb02db7930176d05964d3afe98f460ffa364f366
10.1080/09585190802324304,1,successful,2008,cb02db7930176d05964d3afe98f460ffa364f366
10.1080/09658211.2011.590505,1,mixed,2011,cb02db7930176d05964d3afe98f460ffa364f366
10.1080/09658211.2023.2198327,1,successful,2023,cb02db7930176d05964d3afe98f460ffa364f366
10.1080/09658416.2021.1894162,1,mixed,2021,cb02db7930176d05964d3afe98f460ffa364f366
10.1080/09720510.2020.1848040,1,successful,2021,cb02db7930176d05964d3afe98f460ffa364f366
10.1080/10253890.2016.1219718,1,successful,2016,cb02db7930176d05964d3afe98f460ffa364f366
10.1080/10400419.2011.621859,1,mixed,2011,cb02db7930176d05964d3afe98f460ffa364f366
10.1080/10400419.2020.1821552,1,mixed,2020,cb02db7930176d05964d3afe98f460ffa364f366
10.1080/10409289.2018.1475202,1,successful,2018,cb02db7930176d05964d3afe98f460ffa364f366
10.1080/10410236.2016.1140268,1,mixed,2016,cb02db7930176d05964d3afe98f460ffa364f366
10.1080/10447318.2026.2645767,1,successful,2026,cb02db7930176d05964d3afe98f460ffa364f366
10.1080/10503307.2011.598580,1,successful,2011,cb02db7930176d05964d3afe98f460ffa364f366
10.1080/10503307.2020.1757175,1,successful,2020,cb02db7930176d05964d3afe98f460ffa364f366
10.1080/10508619.2013.735493,1,successful,2013,cb02db7930176d05964d3afe98f460ffa364f366
10.1080/10508619.2019.1568142,1,successful,2019,cb02db7930176d05964d3afe98f460ffa364f366
10.1080/10508619.2020.1774205,1,failed,2020,cb02db7930176d05964d3afe98f460ffa364f366
10.1080/10510974.2018.1464043,1,mixed,2018,cb02db7930176d05964d3afe98f460ffa364f366
10.1080/10510974.2018.1464937,1,mixed,2018,cb02db7930176d05964d3afe98f460ffa364f366
10.1080/10510974.2018.1466718,3,successful,2018,cb02db7930176d05964d3afe98f460ffa364f366
10.1080/10510974.2018.1466719,1,failed,2018,cb02db7930176d05964d3afe98f460ffa364f366
10.1080/10510974.2018.1467941,1,failed,2018,cb02db7930176d05964d3afe98f460ffa364f366
10.1080/10573569.2020.1860841,1,failed,2021,cb02db7930176d05964d3afe98f460ffa364f366
10.1080/10584609.2014.914612,1,mixed,2015,cb02db7930176d05964d3afe98f460ffa364f366
10.1080/10584609809342367,1,successful,1998,cb02db7930176d05964d3afe98f460ffa364f366
10.1080/10615806.2020.1763140,1,successful,2020,cb02db7930176d05964d3afe98f460ffa364f366
10.1080/10615806.2026.2658018,1,mixed,2026,cb02db7930176d05964d3afe98f460ffa364f366
10.1080/10668926.2016.1179606,1,successful,2016,cb02db7930176d05964d3afe98f460ffa364f366
10.1080/10683160903273188,1,failed,2011,cb02db7930176d05964d3afe98f460ffa364f366
10.1080/10803548.2013.11076973,1,mixed,2013,cb02db7930176d05964d3afe98f460ffa364f366
10.1080/10803548.2022.2156095,1,failed,2023,cb02db7930176d05964d3afe98f460ffa364f366
10.1080/10810730.2025.2588698,1,successful,2025,cb02db7930176d05964d3afe98f460ffa364f366
10.1080/10826084.2016.1267222,2,failed,2017,cb02db7930176d05964d3afe98f460ffa364f366
10.1080/10862967409547090,1,successful,1974,cb02db7930176d05964d3afe98f460ffa364f366
10.1080/10926771.2022.2038753,1,successful,2022,cb02db7930176d05964d3afe98f460ffa364f366
10.1080/10986065.2020.1818467,1,successful,2020,cb02db7930176d05964d3afe98f460ffa364f366
10.1080/13504851.2011.564125,1,mixed,2012,cb02db7930176d05964d3afe98f460ffa364f366
10.1080/13506285.2024.2343157,1,failed,2023,cb02db7930176d05964d3afe98f460ffa364f366
10.1080/13552600903395319,1,mixed,2010,cb02db7930176d05964d3afe98f460ffa364f366
10.1080/13561820.2016.1233096,1,successful,2016,cb02db7930176d05964d3afe98f460ffa364f366
10.1080/1357650x.2015.1016530,1,successful,2015,cb02db7930176d05964d3afe98f460ffa364f366
10.1080/13669877.2023.2249909,1,failed,2023,cb02db7930176d05964d3afe98f460ffa364f366
10.1080/1368282031000062882,1,successful,2003,cb02db7930176d05964d3afe98f460ffa364f366
10.1080/13698249.2012.679497,1,failed,2012,cb02db7930176d05964d3afe98f460ffa364f366
10.1080/13803611.2021.2022319,1,failed,2022,cb02db7930176d05964d3afe98f460ffa364f366
10.1080/14459795.2022.2133906,1,successful,2022,cb02db7930176d05964d3afe98f460ffa364f366
10.1080/14459795.2022.2135227,1,mixed,2022,cb02db7930176d05964d3afe98f460ffa364f366
10.1080/146324400363491,1,mixed,2000,cb02db7930176d05964d3afe98f460ffa364f366
10.1080/14640746908400204,1,failed,1969,cb02db7930176d05964d3afe98f460ffa364f366
10.1080/14719037.2016.1195009,1,failed,2016,cb02db7930176d05964d3afe98f460ffa364f366
10.1080/14719037.2017.1282000,1,mixed,2017,cb02db7930176d05964d3afe98f460ffa364f366
10.1080/15140326.2022.2163580,1,mixed,2023,cb02db7930176d05964d3afe98f460ffa364f366
10.1080/15248372.2017.1346658,1,mixed,2017,cb02db7930176d05964d3afe98f460ffa364f366
10.1080/15248372.2018.1544140,1,failed,2018,cb02db7930176d05964d3afe98f460ffa364f366
10.1080/15248372.2019.1604525,1,successful,2019,cb02db7930176d05964d3afe98f460ffa364f366
10.1080/15332969.2014.916148,1,mixed,2014,cb02db7930176d05964d3afe98f460ffa364f366
10.1080/15475441.2014.979387,1,successful,2014,cb02db7930176d05964d3afe98f460ffa364f366
10.1080/15534510.2019.1669488,1,failed,2019,cb02db7930176d05964d3afe98f460ffa364f366
10.1080/15534510.2019.1710248,1,failed,2019,cb02db7930176d05964d3afe98f460ffa364f366
10.1080/15614263.2022.2102494,2,descriptive only,2022,cb02db7930176d05964d3afe98f460ffa364f366
10.1080/15614263.2023.2185241,1,failed,2023,cb02db7930176d05964d3afe98f460ffa364f366
10.1080/1612197x.2016.1199580,1,successful,2016,cb02db7930176d05964d3afe98f460ffa364f366
10.1080/16506073.2014.990050,1,successful,2014,cb02db7930176d05964d3afe98f460ffa364f366
10.1080/16506073.2015.1015163,1,successful,2015,cb02db7930176d05964d3afe98f460ffa364f366
10.1080/16506073.2025.2465760,1,successful,2025,cb02db7930176d05964d3afe98f460ffa364f366
10.1080/17461391.2020.1781265,1,failed,2020,cb02db7930176d05964d3afe98f460ffa364f366
10.1080/17470210903377380,1,mixed,2010,cb02db7930176d05964d3afe98f460ffa364f366
10.1080/17470218.2016.1233439,1,failed,2017,cb02db7930176d05964d3afe98f460ffa364f366
10.1080/17470218.2016.1237980,1,failed,2017,cb02db7930176d05964d3afe98f460ffa364f366
10.1080/17524032.2020.1777181,1,mixed,2020,cb02db7930176d05964d3afe98f460ffa364f366
10.1080/19345747.2012.706694,1,successful,2013,cb02db7930176d05964d3afe98f460ffa364f366
10.1080/19345747.2023.2287615,1,successful,2024,cb02db7930176d05964d3afe98f460ffa364f366
10.1080/19345747.2024.2333734,1,successful,2024,cb02db7930176d05964d3afe98f460ffa364f366
10.1080/20008198.2017.1315291,1,failed,2017,cb02db7930176d05964d3afe98f460ffa364f366
10.1080/20008198.2019.1705599,1,failed,2020,cb02db7930176d05964d3afe98f460ffa364f366
10.1080/20008198.2021.1930703,1,successful,2021,cb02db7930176d05964d3afe98f460ffa364f366
10.1080/20445911.2020.1805453,1,successful,2020,cb02db7930176d05964d3afe98f460ffa364f366
10.1080/20445911.2023.2245112,1,failed,2023,cb02db7930176d05964d3afe98f460ffa364f366
10.1080/20445911.2026.2657818,1,failed,2026,cb02db7930176d05964d3afe98f460ffa364f366
10.1080/21606544.2021.1966516,1,failed,2021,cb02db7930176d05964d3afe98f460ffa364f366
10.1080/22243534.2015.11828344,1,mixed,2015,cb02db7930176d05964d3afe98f460ffa364f366
10.1080/23251042.2021.1975350,1,successful,2021,cb02db7930176d05964d3afe98f460ffa364f366
10.1080/23273798.2016.1197954,1,successful,2016,cb02db7930176d05964d3afe98f460ffa364f366
10.1080/23273798.2016.1242761,1,failed,2016,cb02db7930176d05964d3afe98f460ffa364f366
10.1080/23273798.2018.1524500,1,failed,2018,cb02db7930176d05964d3afe98f460ffa364f366
10.1080/23273798.2024.2337948,1,successful,2024,cb02db7930176d05964d3afe98f460ffa364f366
10.1080/23273798.2026.2618581,1,successful,2026,cb02db7930176d05964d3afe98f460ffa364f366
10.1080/23279095.2015.1055564,1,successful,2015,cb02db7930176d05964d3afe98f460ffa364f366
10.1080/23279095.2021.1917411,1,successful,2021,cb02db7930176d05964d3afe98f460ffa364f366
10.1080/2330443x.2016.1277966,1,mixed,2017,cb02db7930176d05964d3afe98f460ffa364f366
10.1080/23743603.2016.1248080,1,failed,2017,cb02db7930176d05964d3afe98f460ffa364f366
10.1080/23743603.2016.1248081,1,failed,2016,cb02db7930176d05964d3afe98f460ffa364f366
10.1080/23743603.2019.1684821,1,failed,2018,cb02db7930176d05964d3afe98f460ffa364f366
10.1080/23743603.2021.1878340,1,uninformative,2020,cb02db7930176d05964d3afe98f460ffa364f366
10.1080/25742442.2021.1896908,1,successful,2020,cb02db7930176d05964d3afe98f460ffa364f366
10.1080/27691616.2026.2652951,1,mixed,2026,cb02db7930176d05964d3afe98f460ffa364f366
10.1080/713755986,1,failed,2001,cb02db7930176d05964d3afe98f460ffa364f366
10.1086/260573,1,mixed,1977,cb02db7930176d05964d3afe98f460ffa364f366
10.1086/269255,1,successful,1991,cb02db7930176d05964d3afe98f460ffa364f366
10.1086/599622,1,successful,2010,cb02db7930176d05964d3afe98f460ffa364f366
10.1086/686223,1,successful,2016,cb02db7930176d05964d3afe98f460ffa364f366
10.1086/695137,1,successful,2018,cb02db7930176d05964d3afe98f460ffa364f366
10.1086/698818,1,successful,2018,cb02db7930176d05964d3afe98f460ffa364f366
10.1086/714812,1,mixed,2022,cb02db7930176d05964d3afe98f460ffa364f366
10.1089/cap.2024.0078,1,successful,2024,cb02db7930176d05964d3afe98f460ffa364f366
10.1089/eco.2020.0012,1,successful,2020,cb02db7930176d05964d3afe98f460ffa364f366
10.1093/alcalc/agaa009,1,failed,2020,cb02db7930176d05964d3afe98f460ffa364f366
10.1093/alcalc/agag013,1,successful,2026,cb02db7930176d05964d3afe98f460ffa364f366
10.1093/applin/amae042,1,failed,2024,cb02db7930176d05964d3afe98f460ffa364f366
10.1093/carcin/bgw047,1,successful,2016,cb02db7930176d05964d3afe98f460ffa364f366
10.1093/cercor/bhaa282,1,successful,2020,cb02db7930176d05964d3afe98f460ffa364f366
10.1093/chidev/aacaf052,1,failed,2026,cb02db7930176d05964d3afe98f460ffa364f366
10.1093/geroni/igaf122.4186,1,mixed,2025,cb02db7930176d05964d3afe98f460ffa364f366
10.1093/hcr/hqab013,1,failed,2021,cb02db7930176d05964d3afe98f460ffa364f366
10.1093/hcr/hqab019,1,successful,2021,cb02db7930176d05964d3afe98f460ffa364f366
10.1093/hcr/hqae016,1,failed,2024,cb02db7930176d05964d3afe98f460ffa364f366
10.1093/her/cyt088,1,successful,2013,cb02db7930176d05964d3afe98f460ffa364f366
10.1093/jae/ejad013,1,successful,2023,cb02db7930176d05964d3afe98f460ffa364f366
10.1093/jbmrpl/ziae082,1,failed,2024,cb02db7930176d05964d3afe98f460ffa364f366
10.1093/jos/ffaa001,1,mixed,2020,cb02db7930176d05964d3afe98f460ffa364f366
10.1093/milmed/usad274,1,successful,2023,cb02db7930176d05964d3afe98f460ffa364f366
10.1093/nc/niaf046,1,mixed,2026,cb02db7930176d05964d3afe98f460ffa364f366
10.1093/nc/niw002,1,successful,2016,cb02db7930176d05964d3afe98f460ffa364f366
10.1093/ntr/ntaa229,1,failed,2020,cb02db7930176d05964d3afe98f460ffa364f366
10.1093/pnasnexus/pgad091,1,successful,2023,cb02db7930176d05964d3afe98f460ffa364f366
10.1093/pnasnexus/pgaf327,1,successful,2025,cb02db7930176d05964d3afe98f460ffa364f366
10.1093/police/paz066,1,mixed,2019,cb02db7930176d05964d3afe98f460ffa364f366
10.1093/poq/nfab031,1,failed,2021,cb02db7930176d05964d3afe98f460ffa364f366
10.1093/qopen/qoag020,1,successful,2026,cb02db7930176d05964d3afe98f460ffa364f366
10.1093/scan/nsaa107,1,successful,2020,cb02db7930176d05964d3afe98f460ffa364f366
10.1093/scan/nsx012,1,successful,2017,cb02db7930176d05964d3afe98f460ffa364f366
10.1093/scan/nsy030,1,successful,2018,cb02db7930176d05964d3afe98f460ffa364f366
10.1093/scan/nsz017,1,mixed,2019,cb02db7930176d05964d3afe98f460ffa364f366
10.1093/schbul/sbae058,1,successful,2024,cb02db7930176d05964d3afe98f460ffa364f366
10.1097/00005053-198408000-00006,1,successful,1984,cb02db7930176d05964d3afe98f460ffa364f366
10.1097/00005053-199311000-00007,1,successful,1993,cb02db7930176d05964d3afe98f460ffa364f366
10.1097/00005650-199204000-00001,1,successful,1992,cb02db7930176d05964d3afe98f460ffa364f366
10.1097/00041444-199322000-00006,1,failed,1993,cb02db7930176d05964d3afe98f460ffa364f366
10.1097/aud.0000000000000393,1,successful,2017,cb02db7930176d05964d3afe98f460ffa364f366
10.1097/brs.0000000000000807,1,failed,2015,cb02db7930176d05964d3afe98f460ffa364f366
10.1097/j.pain.0000000000000657,1,mixed,2016,cb02db7930176d05964d3afe98f460ffa364f366
10.1097/mlr.0000000000002256,1,successful,2026,cb02db7930176d05964d3afe98f460ffa364f366
10.1097/psy.0b013e3181fdd074,1,successful,2011,cb02db7930176d05964d3afe98f460ffa364f366
10.1097/ypg.0000000000000061,1,successful,2014,cb02db7930176d05964d3afe98f460ffa364f366
10.1098/rsos.160431,1,failed,2016,cb02db7930176d05964d3afe98f460ffa364f366
10.1098/rsos.171127,1,failed,2018,cb02db7930176d05964d3afe98f460ffa364f366
10.1098/rsos.180475,1,failed,2019,cb02db7930176d05964d3afe98f460ffa364f366
10.1098/rsos.181575,1,failed,2019,cb02db7930176d05964d3afe98f460ffa364f366
10.1098/rsos.181868,1,failed,2019,cb02db7930176d05964d3afe98f460ffa364f366
10.1098/rsos.190699,2,mixed,2020,cb02db7930176d05964d3afe98f460ffa364f366
10.1098/rsos.191114,1,failed,2019,cb02db7930176d05964d3afe98f460ffa364f366
10.1098/rsos.191353,1,mixed,2021,cb02db7930176d05964d3afe98f460ffa364f366
10.1098/rsos.191507,1,successful,2020,cb02db7930176d05964d3afe98f460ffa364f366
10.1098/rsos.191795,1,failed,2020,cb02db7930176d05964d3afe98f460ffa364f366
10.1098/rsos.191998,1,failed,2020,cb02db7930176d05964d3afe98f460ffa364f366
10.1098/rsos.200090,1,successful,2020,cb02db7930176d05964d3afe98f460ffa364f366
10.1098/rsos.200664,1,failed,2020,cb02db7930176d05964d3afe98f460ffa364f366
10.1098/rsos.200724,1,failed,2021,cb02db7930176d05964d3afe98f460ffa364f366
10.1098/rsos.210190,1,failed,2021,cb02db7930176d05964d3afe98f460ffa364f366
10.1098/rsos.210641,1,successful,2021,cb02db7930176d05964d3afe98f460ffa364f366
10.1098/rsos.211152,1,successful,2022,cb02db7930176d05964d3afe98f460ffa364f366
10.1098/rsos.211278,1,successful,2022,cb02db7930176d05964d3afe98f460ffa364f366
10.1098/rsos.221091,1,mixed,2023,cb02db7930176d05964d3afe98f460ffa364f366
10.1098/rsos.221306,1,successful,2023,cb02db7930176d05964d3afe98f460ffa364f366
10.1098/rsos.230651,1,mixed,2024,cb02db7930176d05964d3afe98f460ffa364f366
10.1098/rsos.231240,140,failed | mixed | successful | uninformative,2023,cb02db7930176d05964d3afe98f460ffa364f366
10.1098/rsos.250290,1,successful,2025,cb02db7930176d05964d3afe98f460ffa364f366
10.1098/rsos.250441,1,mixed,2025,cb02db7930176d05964d3afe98f460ffa364f366
10.1098/rsos.250508,1,successful,2025,cb02db7930176d05964d3afe98f460ffa364f366
10.1098/rsos.250669,1,mixed,2025,cb02db7930176d05964d3afe98f460ffa364f366
10.1098/rsos.250908,1,successful,2025,cb02db7930176d05964d3afe98f460ffa364f366
10.1098/rstb.2016.0517,1,successful,2018,cb02db7930176d05964d3afe98f460ffa364f366
10.1101/144733,1,successful,2017,cb02db7930176d05964d3afe98f460ffa364f366
10.1101/2021.11.30.470372,1,failed,2021,cb02db7930176d05964d3afe98f460ffa364f366
10.1101/2023.06.27.546731,1,successful,2023,cb02db7930176d05964d3afe98f460ffa364f366
10.1101/2025.03.13.643168,1,failed,2025,cb02db7930176d05964d3afe98f460ffa364f366
10.1101/2025.11.02.686051,2,failed,2025,cb02db7930176d05964d3afe98f460ffa364f366
10.1101/689265,1,successful,2019,cb02db7930176d05964d3afe98f460ffa364f366
10.1101/lm.053631.122,1,successful,2022,cb02db7930176d05964d3afe98f460ffa364f366
10.1103/physrevphyseducres.15.020116,1,successful,2019,cb02db7930176d05964d3afe98f460ffa364f366
10.1103/physrevstper.10.010110,1,mixed,2014,cb02db7930176d05964d3afe98f460ffa364f366
10.1108/00438029710171980,1,mixed,1997,cb02db7930176d05964d3afe98f460ffa364f366
10.1108/et-02-2019-0037,1,mixed,2019,cb02db7930176d05964d3afe98f460ffa364f366
10.1108/ijis-11-2017-0119,1,failed,2019,cb02db7930176d05964d3afe98f460ffa364f366
10.1108/ijpdlm-04-2021-0121,1,mixed,2022,cb02db7930176d05964d3afe98f460ffa364f366
10.1108/ijsms-13-03-2012-b004,1,successful,2012,cb02db7930176d05964d3afe98f460ffa364f366
10.1108/jec-08-2021-0122,1,successful,2021,cb02db7930176d05964d3afe98f460ffa364f366
10.1108/jeee-04-2022-0123,1,failed,2022,cb02db7930176d05964d3afe98f460ffa364f366
10.1108/jfep-07-2022-0175,1,failed,2022,cb02db7930176d05964d3afe98f460ffa364f366
10.1108/jgm-11-2022-0063,1,mixed,2023,cb02db7930176d05964d3afe98f460ffa364f366
10.1108/jgm-12-2014-0055,1,successful,2015,cb02db7930176d05964d3afe98f460ffa364f366
10.1108/neje-04-2020-0005,1,mixed,2020,cb02db7930176d05964d3afe98f460ffa364f366
10.1108/raf-02-2022-0046,1,failed,2023,cb02db7930176d05964d3afe98f460ffa364f366
10.1108/s0193-230620150000018002,1,mixed,2015,cb02db7930176d05964d3afe98f460ffa364f366
10.1108/s0193-230620150000018005,1,successful,2015,cb02db7930176d05964d3afe98f460ffa364f366
10.1108/scm-06-2023-0297,1,mixed,2024,cb02db7930176d05964d3afe98f460ffa364f366
10.1109/esem.2011.30,1,mixed,2011,cb02db7930176d05964d3afe98f460ffa364f366
10.1109/esem.2015.7321191,1,successful,2015,cb02db7930176d05964d3afe98f460ffa364f366
10.1109/iccq60895.2024.10576941,1,failed,2024,cb02db7930176d05964d3afe98f460ffa364f366
10.1109/icpc52881.2021.00052,1,successful,2021,cb02db7930176d05964d3afe98f460ffa364f366
10.1109/iwsc55060.2022.00015,1,mixed,2022,cb02db7930176d05964d3afe98f460ffa364f366
10.1109/reser.2011.10,1,mixed,2011,cb02db7930176d05964d3afe98f460ffa364f366
10.1109/reser.2011.12,1,mixed,2011,cb02db7930176d05964d3afe98f460ffa364f366
10.1109/reser.2011.8,1,failed,2011,cb02db7930176d05964d3afe98f460ffa364f366
10.1109/saner53432.2022.00088,1,mixed,2022,cb02db7930176d05964d3afe98f460ffa364f366
10.1109/tse.2012.46,1,successful,2013,cb02db7930176d05964d3afe98f460ffa364f366
10.1109/tvcg.2017.2744298,1,failed,2018,cb02db7930176d05964d3afe98f460ffa364f366
10.1109/tvcg.2021.3101854,1,successful,2021,cb02db7930176d05964d3afe98f460ffa364f366
10.1109/vrw50115.2020.00137,1,successful,2020,cb02db7930176d05964d3afe98f460ffa364f366
10.1111/1467-8624.00077,1,failed,1999,cb02db7930176d05964d3afe98f460ffa364f366
10.1111/1468-0327.00081,1,mixed,2001,cb02db7930176d05964d3afe98f460ffa364f366
10.1111/1475-6773.12595,1,failed,2016,cb02db7930176d05964d3afe98f460ffa364f366
10.1111/2041-210x.13602,1,successful,2021,cb02db7930176d05964d3afe98f460ffa364f366
10.1111/acer.13039,1,successful,2016,cb02db7930176d05964d3afe98f460ffa364f366
10.1111/acer.14413,1,successful,2020,cb02db7930176d05964d3afe98f460ffa364f366
10.1111/acer.15532,1,mixed,2025,cb02db7930176d05964d3afe98f460ffa364f366
10.1111/acfi.12631,1,successful,2020,cb02db7930176d05964d3afe98f460ffa364f366
10.1111/acfi.70148,1,successful,2025,cb02db7930176d05964d3afe98f460ffa364f366
10.1111/adb.12361,1,successful,2016,cb02db7930176d05964d3afe98f460ffa364f366
10.1111/ajsp.12164,1,failed,2017,cb02db7930176d05964d3afe98f460ffa364f366
10.1111/andr.13339,1,failed,2022,cb02db7930176d05964d3afe98f460ffa364f366
10.1111/bjso.12217,1,mixed,2017,cb02db7930176d05964d3afe98f460ffa364f366
10.1111/bjso.12371,1,failed,2020,cb02db7930176d05964d3afe98f460ffa364f366
10.1111/camh.12338,1,successful,2019,cb02db7930176d05964d3afe98f460ffa364f366
10.1111/cdev.12774,1,successful,2018,cb02db7930176d05964d3afe98f460ffa364f366
10.1111/cdev.13026,1,successful,2018,cb02db7930176d05964d3afe98f460ffa364f366
10.1111/cdev.13309,1,successful,2020,cb02db7930176d05964d3afe98f460ffa364f366
10.1111/cdev.13559,1,successful,2021,cb02db7930176d05964d3afe98f460ffa364f366
10.1111/cogs.12962,1,successful,2021,cb02db7930176d05964d3afe98f460ffa364f366
10.1111/cogs.13339,1,mixed,2023,cb02db7930176d05964d3afe98f460ffa364f366
10.1111/cogs.13445,1,mixed,2024,cb02db7930176d05964d3afe98f460ffa364f366
10.1111/desc.13080,1,successful,2021,cb02db7930176d05964d3afe98f460ffa364f366
10.1111/desc.13244,1,failed,2022,cb02db7930176d05964d3afe98f460ffa364f366
10.1111/desc.13377,1,failed,2023,cb02db7930176d05964d3afe98f460ffa364f366
10.1111/desc.13581,1,mixed,2024,cb02db7930176d05964d3afe98f460ffa364f366
10.1111/dom.70448,1,mixed,2026,cb02db7930176d05964d3afe98f460ffa364f366
10.1111/ecin.13279,1,failed,2025,cb02db7930176d05964d3afe98f460ffa364f366
10.1111/ejn.14347,1,failed,2019,cb02db7930176d05964d3afe98f460ffa364f366
10.1111/ejn.15367,1,failed,2021,cb02db7930176d05964d3afe98f460ffa364f366
10.1111/fare.13030,1,mixed,2024,cb02db7930176d05964d3afe98f460ffa364f366
10.1111/flan.12077,1,mixed,2014,cb02db7930176d05964d3afe98f460ffa364f366
10.1111/hex.12242,1,mixed,2014,cb02db7930176d05964d3afe98f460ffa364f366
10.1111/j.1365-2265.2011.04175.x,1,mixed,2012,cb02db7930176d05964d3afe98f460ffa364f366
10.1111/j.1365-2648.1990.tb01949.x,1,successful,1990,cb02db7930176d05964d3afe98f460ffa364f366
10.1111/j.1467-7687.2004.00322.x,1,successful,2004,cb02db7930176d05964d3afe98f460ffa364f366
10.1111/j.1468-0408.2010.00513.x,1,successful,2011,cb02db7930176d05964d3afe98f460ffa364f366
10.1111/j.1468-5906.2009.01499.x,1,mixed,2010,cb02db7930176d05964d3afe98f460ffa364f366
10.1111/j.1469-1809.2009.00555.x,1,successful,2009,cb02db7930176d05964d3afe98f460ffa364f366
10.1111/j.1469-8986.2010.01022.x,1,successful,2010,cb02db7930176d05964d3afe98f460ffa364f366
10.1111/j.1471-6402.1997.tb00120.x,1,successful,1997,cb02db7930176d05964d3afe98f460ffa364f366
10.1111/j.1474-9726.2010.00627.x,1,mixed,2010,cb02db7930176d05964d3afe98f460ffa364f366
10.1111/j.1530-0277.2011.01630.x,1,mixed,2011,cb02db7930176d05964d3afe98f460ffa364f366
10.1111/j.1540-4781.2011.01174.x,2,mixed,2011,cb02db7930176d05964d3afe98f460ffa364f366
10.1111/j.1540-4781.2011.01236.x,1,successful,2011,cb02db7930176d05964d3afe98f460ffa364f366
10.1111/j.1540-6261.1985.tb04952.x,1,failed,1985,cb02db7930176d05964d3afe98f460ffa364f366
10.1111/j.1540-6261.1992.tb04691.x,1,failed,1992,cb02db7930176d05964d3afe98f460ffa364f366
10.1111/j.1540-6261.2005.00750.x,1,failed,2005,cb02db7930176d05964d3afe98f460ffa364f366
10.1111/j.1551-6709.2010.01136.x,1,failed,2010,cb02db7930176d05964d3afe98f460ffa364f366
10.1111/j.1601-183x.2012.00849.x,1,failed,2012,cb02db7930176d05964d3afe98f460ffa364f366
10.1111/j.1742-9536.2011.00001.x,1,failed,2011,cb02db7930176d05964d3afe98f460ffa364f366
10.1111/j.1743-6109.2010.01970.x,1,successful,2010,cb02db7930176d05964d3afe98f460ffa364f366
10.1111/j.1744-6570.1997.tb00707.x,1,successful,1997,cb02db7930176d05964d3afe98f460ffa364f366
10.1111/j.1747-0285.2009.00901.x,1,failed,2009,cb02db7930176d05964d3afe98f460ffa364f366
10.1111/j.1747-4469.2011.01256.x,1,descriptive only,2011,cb02db7930176d05964d3afe98f460ffa364f366
10.1111/j.1752-0606.1989.tb00812.x,1,successful,1989,cb02db7930176d05964d3afe98f460ffa364f366
10.1111/j.1944-9720.2010.01057.x,1,successful,2010,cb02db7930176d05964d3afe98f460ffa364f366
10.1111/j.1949-8594.2012.00166.x,1,failed,2012,cb02db7930176d05964d3afe98f460ffa364f366
10.1111/j.2044-8279.2011.02041.x,1,successful,2011,cb02db7930176d05964d3afe98f460ffa364f366
10.1111/jav.03365,1,mixed,2024,cb02db7930176d05964d3afe98f460ffa364f366
10.1111/jcal.12045,1,mixed,2013,cb02db7930176d05964d3afe98f460ffa364f366
10.1111/jcal.12211,1,mixed,2017,cb02db7930176d05964d3afe98f460ffa364f366
10.1111/jcal.12265,1,mixed,2018,cb02db7930176d05964d3afe98f460ffa364f366
10.1111/jcal.12426,1,successful,2020,cb02db7930176d05964d3afe98f460ffa364f366
10.1111/jcal.12485,1,failed,2020,cb02db7930176d05964d3afe98f460ffa364f366
10.1111/jmft.12140,1,successful,2015,cb02db7930176d05964d3afe98f460ffa364f366
10.1111/joca.12492,1,successful,2022,cb02db7930176d05964d3afe98f460ffa364f366
10.1111/jopy.12325,1,successful,2017,cb02db7930176d05964d3afe98f460ffa364f366
10.1111/jopy.12677,1,successful,2021,cb02db7930176d05964d3afe98f460ffa364f366
10.1111/jopy.12996,1,successful,2024,cb02db7930176d05964d3afe98f460ffa364f366
10.1111/josh.12124,1,successful,2014,cb02db7930176d05964d3afe98f460ffa364f366
10.1111/jpr.12158,1,successful,2017,cb02db7930176d05964d3afe98f460ffa364f366
10.1111/jpr.12187,1,failed,2018,cb02db7930176d05964d3afe98f460ffa364f366
10.1111/jpr.12507,1,mixed,2024,cb02db7930176d05964d3afe98f460ffa364f366
10.1111/jpr.12599,1,failed,2025,cb02db7930176d05964d3afe98f460ffa364f366
10.1111/jpr.70014,1,successful,2025,cb02db7930176d05964d3afe98f460ffa364f366
10.1111/jpr.70034,1,failed,2026,cb02db7930176d05964d3afe98f460ffa364f366
10.1111/jsbm.12233,1,successful,2016,cb02db7930176d05964d3afe98f460ffa364f366
10.1111/jssr.12578,1,mixed,2018,cb02db7930176d05964d3afe98f460ffa364f366
10.1111/lang.12236,1,successful,2017,cb02db7930176d05964d3afe98f460ffa364f366
10.1111/lang.12335,1,mixed,2019,cb02db7930176d05964d3afe98f460ffa364f366
10.1111/lang.12371,1,failed,2019,cb02db7930176d05964d3afe98f460ffa364f366
10.1111/lang.12402,1,successful,2020,cb02db7930176d05964d3afe98f460ffa364f366
10.1111/lang.12403,1,mixed,2020,cb02db7930176d05964d3afe98f460ffa364f366
10.1111/lang.12438,1,mixed,2020,cb02db7930176d05964d3afe98f460ffa364f366
10.1111/lang.12451,1,successful,2021,cb02db7930176d05964d3afe98f460ffa364f366
10.1111/lang.12557,1,failed,2022,cb02db7930176d05964d3afe98f460ffa364f366
10.1111/lang.12615,1,successful,2023,cb02db7930176d05964d3afe98f460ffa364f366
10.1111/lang.12621,1,mixed,2023,cb02db7930176d05964d3afe98f460ffa364f366
10.1111/lang.12622,1,mixed,2023,cb02db7930176d05964d3afe98f460ffa364f366
10.1111/lang.12623,1,mixed,2023,cb02db7930176d05964d3afe98f460ffa364f366
10.1111/lang.70005,1,mixed,2025,cb02db7930176d05964d3afe98f460ffa364f366
10.1111/lang.70019,1,successful,2025,cb02db7930176d05964d3afe98f460ffa364f366
10.1111/lcrp.12219,1,mixed,2022,cb02db7930176d05964d3afe98f460ffa364f366
10.1111/lcrp.12252,1,failed,2023,cb02db7930176d05964d3afe98f460ffa364f366
10.1111/ldrp.12131,1,successful,2017,cb02db7930176d05964d3afe98f460ffa364f366
10.1111/modl.12835,1,successful,2023,cb02db7930176d05964d3afe98f460ffa364f366
10.1111/padm.12743,2,failed,2021,cb02db7930176d05964d3afe98f460ffa364f366
10.1111/padm.12860,1,successful,2022,cb02db7930176d05964d3afe98f460ffa364f366
10.1111/padm.12890,1,mixed,2022,cb02db7930176d05964d3afe98f460ffa364f366
10.1111/padm.12913,1,failed,2022,cb02db7930176d05964d3afe98f460ffa364f366
10.1111/padm.12914,1,successful,2023,cb02db7930176d05964d3afe98f460ffa364f366
10.1111/padm.12921,1,mixed,2023,cb02db7930176d05964d3afe98f460ffa364f366
10.1111/padm.12970,1,successful,2023,cb02db7930176d05964d3afe98f460ffa364f366
10.1111/padm.13031,1,successful,2024,cb02db7930176d05964d3afe98f460ffa364f366
10.1111/padm.70001,1,mixed,2025,cb02db7930176d05964d3afe98f460ffa364f366
10.1111/padm.70015,1,mixed,2025,cb02db7930176d05964d3afe98f460ffa364f366
10.1111/padm.70016,1,mixed,2025,cb02db7930176d05964d3afe98f460ffa364f366
10.1111/padm.70038,1,mixed,2025,cb02db7930176d05964d3afe98f460ffa364f366
10.1111/pere.12304,1,failed,2020,cb02db7930176d05964d3afe98f460ffa364f366
10.1111/pops.12446,1,failed,2017,cb02db7930176d05964d3afe98f460ffa364f366
10.1111/pops.12938,1,failed,2023,cb02db7930176d05964d3afe98f460ffa364f366
10.1111/psyp.12425,1,successful,2015,cb02db7930176d05964d3afe98f460ffa364f366
10.1111/psyp.12452,1,successful,2015,cb02db7930176d05964d3afe98f460ffa364f366
10.1111/psyp.12825,1,successful,2017,cb02db7930176d05964d3afe98f460ffa364f366
10.1111/psyp.13312,1,failed,2018,cb02db7930176d05964d3afe98f460ffa364f366
10.1111/psyp.13419,1,successful,2019,cb02db7930176d05964d3afe98f460ffa364f366
10.1111/psyp.13546,1,failed,2020,cb02db7930176d05964d3afe98f460ffa364f366
10.1111/psyp.70042,1,mixed,2025,cb02db7930176d05964d3afe98f460ffa364f366
10.1111/sjoe.12341,1,mixed,2019,cb02db7930176d05964d3afe98f460ffa364f366
10.1111/sms.13021,1,failed,2018,cb02db7930176d05964d3afe98f460ffa364f366
10.1111/ssqu.13292,1,failed,2023,cb02db7930176d05964d3afe98f460ffa364f366
10.1113/expphysiol.2010.055442,1,failed,2010,cb02db7930176d05964d3afe98f460ffa364f366
10.1117/12.2546895,1,mixed,2020,cb02db7930176d05964d3afe98f460ffa364f366
10.1121/10.0010258,1,failed,2022,cb02db7930176d05964d3afe98f460ffa364f366
10.1121/10.0042222,1,mixed,2026,cb02db7930176d05964d3afe98f460ffa364f366
10.1123/jsep.2025-0001,1,mixed,2026,cb02db7930176d05964d3afe98f460ffa364f366
10.1126/sciadv.adl0999,1,failed,2024,cb02db7930176d05964d3afe98f460ffa364f366
10.1126/science.aac4716,92,failed | mixed | successful,2015,cb02db7930176d05964d3afe98f460ffa364f366
10.1126/science.aaf0918,18,failed | successful,2016,cb02db7930176d05964d3afe98f460ffa364f366
10.1128/jvi.00068-12,1,successful,2012,cb02db7930176d05964d3afe98f460ffa364f366
10.1128/jvi.00693-11,1,failed,2011,cb02db7930176d05964d3afe98f460ffa364f366
10.1128/jvi.01714-18,1,successful,2019,cb02db7930176d05964d3afe98f460ffa364f366
10.1136/bmjopen-2024-093080,1,mixed,2025,cb02db7930176d05964d3afe98f460ffa364f366
10.1136/injuryprev-2018-043127,1,successful,2019,cb02db7930176d05964d3afe98f460ffa364f366
10.1136/jmg.2009.075911,1,successful,2010,cb02db7930176d05964d3afe98f460ffa364f366
10.1136/jmg.2010.081380,1,successful,2010,cb02db7930176d05964d3afe98f460ffa364f366
10.1136/oemed-2021-107617,1,mixed,2021,cb02db7930176d05964d3afe98f460ffa364f366
10.1136/tobaccocontrol-2021-056528,1,successful,2021,cb02db7930176d05964d3afe98f460ffa364f366
10.1142/s1084946721500084,1,successful,2021,cb02db7930176d05964d3afe98f460ffa364f366
10.1145/2168556.2168644,1,mixed,2012,cb02db7930176d05964d3afe98f460ffa364f366
10.1145/2593868.2593874,1,failed,2014,cb02db7930176d05964d3afe98f460ffa364f366
10.1145/2652524.2652556,1,mixed,2014,cb02db7930176d05964d3afe98f460ffa364f366
10.1145/2858036.2858349,1,failed,2016,cb02db7930176d05964d3afe98f460ffa364f366
10.1145/3334480.3381435,1,failed,2020,cb02db7930176d05964d3afe98f460ffa364f366
10.1145/3618257.3624820,1,mixed,2023,cb02db7930176d05964d3afe98f460ffa364f366
10.1145/3649217.3653545,1,successful,2024,cb02db7930176d05964d3afe98f460ffa364f366
10.1145/3770762.3772568,1,successful,2026,cb02db7930176d05964d3afe98f460ffa364f366
10.1152/jn.00412.2024,1,failed,2025,cb02db7930176d05964d3afe98f460ffa364f366
10.1152/jn.00493.2013,1,failed,2014,cb02db7930176d05964d3afe98f460ffa364f366
10.1155/2013/639702,1,mixed,2013,cb02db7930176d05964d3afe98f460ffa364f366
10.1155/2013/641596,1,failed,2013,cb02db7930176d05964d3afe98f460ffa364f366
10.1155/2014/979520,1,failed,2014,cb02db7930176d05964d3afe98f460ffa364f366
10.1155/2017/1254615,1,failed,2017,cb02db7930176d05964d3afe98f460ffa364f366
10.1155/2019/6514608,1,successful,2019,cb02db7930176d05964d3afe98f460ffa364f366
10.1158/1055-9965.epi-11-0870-t,1,mixed,2012,cb02db7930176d05964d3afe98f460ffa364f366
10.1159/000054847,1,failed,2000,cb02db7930176d05964d3afe98f460ffa364f366
10.1159/000506138,1,failed,2020,cb02db7930176d05964d3afe98f460ffa364f366
10.1161/strokeaha.111.623090,1,successful,2011,cb02db7930176d05964d3afe98f460ffa364f366
10.1162/imag.a.1046,1,failed,2025,cb02db7930176d05964d3afe98f460ffa364f366
10.1162/jocn_a_00109,1,successful,2011,cb02db7930176d05964d3afe98f460ffa364f366
10.1162/rest_a_00050,1,failed,2011,cb02db7930176d05964d3afe98f460ffa364f366
10.1162/rest_a_00761,1,failed,2019,cb02db7930176d05964d3afe98f460ffa364f366
10.1163/26670127-bja10017,1,successful,2024,cb02db7930176d05964d3afe98f460ffa364f366
10.1163/26670127-bja10030,1,mixed,2025,cb02db7930176d05964d3afe98f460ffa364f366
10.1167/10.9.3,1,mixed,2010,cb02db7930176d05964d3afe98f460ffa364f366
10.1167/12.11.12,1,mixed,2012,cb02db7930176d05964d3afe98f460ffa364f366
10.1167/13.6.11,1,successful,2013,cb02db7930176d05964d3afe98f460ffa364f366
10.1167/15.14.1,1,failed,2015,cb02db7930176d05964d3afe98f460ffa364f366
10.1167/17.10.898,1,failed,2017,cb02db7930176d05964d3afe98f460ffa364f366
10.1167/18.10.139,1,failed,2018,cb02db7930176d05964d3afe98f460ffa364f366
10.1167/iovs.10-6497,1,successful,2011,cb02db7930176d05964d3afe98f460ffa364f366
10.1167/iovs.14-15390,1,successful,2014,cb02db7930176d05964d3afe98f460ffa364f366
10.1167/jov.20.6.18,1,successful,2020,cb02db7930176d05964d3afe98f460ffa364f366
10.1167/jov.22.10.10,1,successful,2022,cb02db7930176d05964d3afe98f460ffa364f366
10.1167/jov.23.9.5765,1,failed,2023,cb02db7930176d05964d3afe98f460ffa364f366
10.1167/jov.25.8.13,1,successful,2025,cb02db7930176d05964d3afe98f460ffa364f366
10.1176/appi.ajp.2015.14070896,1,successful,2015,cb02db7930176d05964d3afe98f460ffa364f366
10.1176/appi.ajp.20240596,1,successful,2025,cb02db7930176d05964d3afe98f460ffa364f366
10.1176/ps.62.4.pss6204_0367,1,successful,2011,cb02db7930176d05964d3afe98f460ffa364f366
10.1177/0003122412444720,1,mixed,2012,cb02db7930176d05964d3afe98f460ffa364f366
10.1177/0014402918771321,1,successful,2018,cb02db7930176d05964d3afe98f460ffa364f366
10.1177/0014402920924845,1,successful,2020,cb02db7930176d05964d3afe98f460ffa364f366
10.1177/0014402920953763,1,successful,2020,cb02db7930176d05964d3afe98f460ffa364f366
10.1177/0016986220932533,1,successful,2020,cb02db7930176d05964d3afe98f460ffa364f366
10.1177/0017896919826374,1,successful,2019,cb02db7930176d05964d3afe98f460ffa364f366
10.1177/0018720820909287,1,failed,2020,cb02db7930176d05964d3afe98f460ffa364f366
10.1177/0022022110381114,1,mixed,2010,cb02db7930176d05964d3afe98f460ffa364f366
10.1177/0022219417711223,1,successful,2017,cb02db7930176d05964d3afe98f460ffa364f366
10.1177/0022219418775114,1,mixed,2018,cb02db7930176d05964d3afe98f460ffa364f366
10.1177/0022219419897268,1,successful,2020,cb02db7930176d05964d3afe98f460ffa364f366
10.1177/00222194231215031,1,successful,2023,cb02db7930176d05964d3afe98f460ffa364f366
10.1177/00224278251394278,1,successful,2025,cb02db7930176d05964d3afe98f460ffa364f366
10.1177/0022466912449652,1,mixed,2012,cb02db7930176d05964d3afe98f460ffa364f366
10.1177/0022487115626428,1,mixed,2016,cb02db7930176d05964d3afe98f460ffa364f366
10.1177/0033294120957242,1,successful,2020,cb02db7930176d05964d3afe98f460ffa364f366
10.1177/00332941211012621,1,mixed,2021,cb02db7930176d05964d3afe98f460ffa364f366
10.1177/0038040718801760,1,failed,2018,cb02db7930176d05964d3afe98f460ffa364f366
10.1177/0098628311421328,1,mixed,2011,cb02db7930176d05964d3afe98f460ffa364f366
10.1177/0098628318796414,1,successful,2018,cb02db7930176d05964d3afe98f460ffa364f366
10.1177/0098628319888086,1,mixed,2019,cb02db7930176d05964d3afe98f460ffa364f366
10.1177/0098628320979864,1,mixed,2020,cb02db7930176d05964d3afe98f460ffa364f366
10.1177/0145445518786463,1,successful,2018,cb02db7930176d05964d3afe98f460ffa364f366
10.1177/01461672211052120,1,failed,2021,cb02db7930176d05964d3afe98f460ffa364f366
10.1177/01461672221137209,1,mixed,2023,cb02db7930176d05964d3afe98f460ffa364f366
10.1177/01461672241238420,1,failed,2024,cb02db7930176d05964d3afe98f460ffa364f366
10.1177/014616727600300119,1,failed,1976,cb02db7930176d05964d3afe98f460ffa364f366
10.1177/014616727900500312,1,failed,1979,cb02db7930176d05964d3afe98f460ffa364f366
10.1177/0149206320908630,1,mixed,2020,cb02db7930176d05964d3afe98f460ffa364f366
10.1177/019874290503100104,1,successful,2005,cb02db7930176d05964d3afe98f460ffa364f366
10.1177/02654075030205001,1,mixed,2003,cb02db7930176d05964d3afe98f460ffa364f366
10.1177/0272431620950478,1,mixed,2020,cb02db7930176d05964d3afe98f460ffa364f366
10.1177/0305735617704300,1,failed,2017,cb02db7930176d05964d3afe98f460ffa364f366
10.1177/0308575913518003,1,successful,2014,cb02db7930176d05964d3afe98f460ffa364f366
10.1177/0734282915580885,1,successful,2015,cb02db7930176d05964d3afe98f460ffa364f366
10.1177/07419325241240067,1,mixed,2024,cb02db7930176d05964d3afe98f460ffa364f366
10.1177/0886260512447579,1,successful,2012,cb02db7930176d05964d3afe98f460ffa364f366
10.1177/08884064211001453,1,successful,2021,cb02db7930176d05964d3afe98f460ffa364f366
10.1177/08902070221094216,1,mixed,2022,cb02db7930176d05964d3afe98f460ffa364f366
10.1177/08902070221099688,1,mixed,2022,cb02db7930176d05964d3afe98f460ffa364f366
10.1177/08902070251410250,1,failed,2025,cb02db7930176d05964d3afe98f460ffa364f366
10.1177/0956797614553946,1,mixed,2015,cb02db7930176d05964d3afe98f460ffa364f366
10.1177/0956797617719730,1,successful,2017,cb02db7930176d05964d3afe98f460ffa364f366
10.1177/0956797617734315,1,failed,2017,cb02db7930176d05964d3afe98f460ffa364f366
10.1177/0956797617747090,1,failed,2018,cb02db7930176d05964d3afe98f460ffa364f366
10.1177/0956797618761661,1,mixed,2018,cb02db7930176d05964d3afe98f460ffa364f366
10.1177/0956797618774252,1,mixed,2018,cb02db7930176d05964d3afe98f460ffa364f366
10.1177/0956797619837942,1,failed,2019,cb02db7930176d05964d3afe98f460ffa364f366
10.1177/0956797619841265,1,successful,2019,cb02db7930176d05964d3afe98f460ffa364f366
10.1177/0956797619875482,1,successful,2019,cb02db7930176d05964d3afe98f460ffa364f366
10.1177/0956797619893062,1,mixed,2019,cb02db7930176d05964d3afe98f460ffa364f366
10.1177/0956797619896273,1,failed,2020,cb02db7930176d05964d3afe98f460ffa364f366
10.1177/0956797620902101,1,mixed,2020,cb02db7930176d05964d3afe98f460ffa364f366
10.1177/0956797620903716,1,failed,2020,cb02db7930176d05964d3afe98f460ffa364f366
10.1177/0956797620922477,1,failed,2020,cb02db7930176d05964d3afe98f460ffa364f366
10.1177/0956797620953842,1,failed,2020,cb02db7930176d05964d3afe98f460ffa364f366
10.1177/0956797620955209,1,failed,2020,cb02db7930176d05964d3afe98f460ffa364f366
10.1177/0956797620968526,1,mixed,2020,cb02db7930176d05964d3afe98f460ffa364f366
10.1177/0956797620968792,1,mixed,2021,cb02db7930176d05964d3afe98f460ffa364f366
10.1177/0956797620972367,1,failed,2021,cb02db7930176d05964d3afe98f460ffa364f366
10.1177/09567976211024535,1,mixed,2021,cb02db7930176d05964d3afe98f460ffa364f366
10.1177/09567976211026983,1,successful,2021,cb02db7930176d05964d3afe98f460ffa364f366
10.1177/09567976211040745,1,failed,2022,cb02db7930176d05964d3afe98f460ffa364f366
10.1177/09567976211068045,1,failed,2022,cb02db7930176d05964d3afe98f460ffa364f366
10.1177/0956797621997366,1,mixed,2021,cb02db7930176d05964d3afe98f460ffa364f366
10.1177/09567976241246552,1,failed,2024,cb02db7930176d05964d3afe98f460ffa364f366
10.1177/09567976251335567,1,failed,2025,cb02db7930176d05964d3afe98f460ffa364f366
10.1177/09567976251412721,1,failed,2026,cb02db7930176d05964d3afe98f460ffa364f366
10.1177/0956797626146077,1,failed,2025,cb02db7930176d05964d3afe98f460ffa364f366
10.1177/0958928712471227,1,failed,2013,cb02db7930176d05964d3afe98f460ffa364f366
10.1177/09636625211024550,1,failed,2021,cb02db7930176d05964d3afe98f460ffa364f366
10.1177/0969733010386162,1,mixed,2011,cb02db7930176d05964d3afe98f460ffa364f366
10.1177/1029864913489703,1,failed,2013,cb02db7930176d05964d3afe98f460ffa364f366
10.1177/1029864913493800,1,mixed,2013,cb02db7930176d05964d3afe98f460ffa364f366
10.1177/1029864913493802,1,successful,2013,cb02db7930176d05964d3afe98f460ffa364f366
10.1177/1029864918811879,1,successful,2018,cb02db7930176d05964d3afe98f460ffa364f366
10.1177/10298649221149109,1,failed,2023,cb02db7930176d05964d3afe98f460ffa364f366
10.1177/1042258720985478,2,failed,2021,cb02db7930176d05964d3afe98f460ffa364f366
10.1177/10422587211059991,2,successful,2022,cb02db7930176d05964d3afe98f460ffa364f366
10.1177/10422587221084249,1,mixed,2022,cb02db7930176d05964d3afe98f460ffa364f366
10.1177/10422587251322409,1,successful,2025,cb02db7930176d05964d3afe98f460ffa364f366
10.1177/10422587251347060,1,successful,2025,cb02db7930176d05964d3afe98f460ffa364f366
10.1177/10422587251382870,1,mixed,2025,cb02db7930176d05964d3afe98f460ffa364f366
10.1177/1049731514530000,1,failed,2014,cb02db7930176d05964d3afe98f460ffa364f366
10.1177/1049731515576546,1,successful,2015,cb02db7930176d05964d3afe98f460ffa364f366
10.1177/1049731515597477,1,mixed,2015,cb02db7930176d05964d3afe98f460ffa364f366
10.1177/105268461102100603,1,successful,2011,cb02db7930176d05964d3afe98f460ffa364f366
10.1177/106169341001900303,1,mixed,2010,cb02db7930176d05964d3afe98f460ffa364f366
10.1177/1091142106295761,1,failed,2007,cb02db7930176d05964d3afe98f460ffa364f366
10.1177/1091142113510197,1,mixed,2014,cb02db7930176d05964d3afe98f460ffa364f366
10.1177/1091142114537892,1,mixed,2014,cb02db7930176d05964d3afe98f460ffa364f366
10.1177/1091142117721739,1,successful,2017,cb02db7930176d05964d3afe98f460ffa364f366
10.1177/1091142117736606,1,successful,2017,cb02db7930176d05964d3afe98f460ffa364f366
10.1177/1091142120914278,1,mixed,2020,cb02db7930176d05964d3afe98f460ffa364f366
10.1177/1098300710366593,1,successful,2011,cb02db7930176d05964d3afe98f460ffa364f366
10.1177/1098300716637192,1,successful,2016,cb02db7930176d05964d3afe98f460ffa364f366
10.1177/1098300719870438,1,successful,2019,cb02db7930176d05964d3afe98f460ffa364f366
10.1177/1359104519838593,1,successful,2019,cb02db7930176d05964d3afe98f460ffa364f366
10.1177/1362168810375365,1,successful,2010,cb02db7930176d05964d3afe98f460ffa364f366
10.1177/1362168814559799,1,successful,2014,cb02db7930176d05964d3afe98f460ffa364f366
10.1177/1362168816651464,1,successful,2016,cb02db7930176d05964d3afe98f460ffa364f366
10.1177/1367006912448125,1,failed,2012,cb02db7930176d05964d3afe98f460ffa364f366
10.1177/1368430219861848,1,successful,2019,cb02db7930176d05964d3afe98f460ffa364f366
10.1177/1470595814521600,1,successful,2014,cb02db7930176d05964d3afe98f460ffa364f366
10.1177/147470491401200510,1,successful,2014,cb02db7930176d05964d3afe98f460ffa364f366
10.1177/147470491501300110,1,successful,2015,cb02db7930176d05964d3afe98f460ffa364f366
10.1177/1474704919852921,1,failed,2019,cb02db7930176d05964d3afe98f460ffa364f366
10.1177/1534508417727489,1,mixed,2017,cb02db7930176d05964d3afe98f460ffa364f366
10.1177/15346501261416516,1,mixed,2026,cb02db7930176d05964d3afe98f460ffa364f366
10.1177/1540796920949448,1,successful,2020,cb02db7930176d05964d3afe98f460ffa364f366
10.1177/15480518251379918,1,mixed,2025,cb02db7930176d05964d3afe98f460ffa364f366
10.1177/1745691612463078,1,failed,2012,cb02db7930176d05964d3afe98f460ffa364f366
10.1177/1745691614545653,1,successful,2014,cb02db7930176d05964d3afe98f460ffa364f366
10.1177/1745691615605826,1,failed,2016,cb02db7930176d05964d3afe98f460ffa364f366
10.1177/1745691616664694,1,failed,2016,cb02db7930176d05964d3afe98f460ffa364f366
10.1177/1745691616674458,1,failed,2016,cb02db7930176d05964d3afe98f460ffa364f366
10.1177/1745691617693624,1,failed,2017,cb02db7930176d05964d3afe98f460ffa364f366
10.1177/1745691617697077,1,successful,2018,cb02db7930176d05964d3afe98f460ffa364f366
10.1177/1745691618755704,1,failed,2018,cb02db7930176d05964d3afe98f460ffa364f366
10.1177/17470218221085117,1,failed,2022,cb02db7930176d05964d3afe98f460ffa364f366
10.1177/19401612251378969,1,successful,2025,cb02db7930176d05964d3afe98f460ffa364f366
10.1177/1948550612439721,1,failed,2012,cb02db7930176d05964d3afe98f460ffa364f366
10.1177/1948550616639649,1,failed,2016,cb02db7930176d05964d3afe98f460ffa364f366
10.1177/1948550616646426,1,failed,2016,cb02db7930176d05964d3afe98f460ffa364f366
10.1177/1948550616652209,1,failed,2016,cb02db7930176d05964d3afe98f460ffa364f366
10.1177/1948550616662026,1,successful,2016,cb02db7930176d05964d3afe98f460ffa364f366
10.1177/1948550616683017,1,statistically successful but flawed,2017,cb02db7930176d05964d3afe98f460ffa364f366
10.1177/1948550617740941,1,failed,2017,cb02db7930176d05964d3afe98f460ffa364f366
10.1177/1948550618771003,1,mixed,2018,cb02db7930176d05964d3afe98f460ffa364f366
10.1177/1948550618775410,1,mixed,2018,cb02db7930176d05964d3afe98f460ffa364f366
10.1177/1948550618792057,1,failed,2018,cb02db7930176d05964d3afe98f460ffa364f366
10.1177/1948550618808863,1,failed,2018,cb02db7930176d05964d3afe98f460ffa364f366
10.1177/1948550619900570,1,mixed,2020,cb02db7930176d05964d3afe98f460ffa364f366
10.1177/1948550620944083,1,failed,2020,cb02db7930176d05964d3afe98f460ffa364f366
10.1177/1948550620948973,1,successful,2020,cb02db7930176d05964d3afe98f460ffa364f366
10.1177/19485506211056761,1,successful,2021,cb02db7930176d05964d3afe98f460ffa364f366
10.1177/19485506241257971,1,statistically successful but flawed,2024,cb02db7930176d05964d3afe98f460ffa364f366
10.1177/19485506241298340,1,failed,2024,cb02db7930176d05964d3afe98f460ffa364f366
10.1177/2053168016652420,1,successful,2016,cb02db7930176d05964d3afe98f460ffa364f366
10.1177/2053168018787119,1,failed,2018,cb02db7930176d05964d3afe98f460ffa364f366
10.1177/2053168018822174,1,mixed,2019,cb02db7930176d05964d3afe98f460ffa364f366
10.1177/20531680231188262,2,successful,2023,cb02db7930176d05964d3afe98f460ffa364f366
10.1177/20531680231205157,1,mixed,2023,cb02db7930176d05964d3afe98f460ffa364f366
10.1177/20531680251355253,1,failed,2025,cb02db7930176d05964d3afe98f460ffa364f366
10.1177/20551029221139679,1,mixed,2022,cb02db7930176d05964d3afe98f460ffa364f366
10.1177/2158244019899047,1,successful,2020,cb02db7930176d05964d3afe98f460ffa364f366
10.1177/2165143420908286,1,successful,2020,cb02db7930176d05964d3afe98f460ffa364f366
10.1177/2167702613485565,1,successful,2013,cb02db7930176d05964d3afe98f460ffa364f366
10.1177/2167702619859335,1,failed,2019,cb02db7930176d05964d3afe98f460ffa364f366
10.1177/2167702620921341,1,mixed,2020,cb02db7930176d05964d3afe98f460ffa364f366
10.1177/23982128241255798,1,failed,2024,cb02db7930176d05964d3afe98f460ffa364f366
10.1177/2515245918777487,1,failed,2018,cb02db7930176d05964d3afe98f460ffa364f366
10.1177/2515245918781032,2,failed,2018,cb02db7930176d05964d3afe98f460ffa364f366
10.1177/2515245918810225,24,failed | mixed | successful,2018,cb02db7930176d05964d3afe98f460ffa364f366
10.1177/2515245919881152,1,failed,2020,cb02db7930176d05964d3afe98f460ffa364f366
10.1177/2515245920903079,1,failed,2020,cb02db7930176d05964d3afe98f460ffa364f366
10.1177/2515245920916513,1,failed,2020,cb02db7930176d05964d3afe98f460ffa364f366
10.1177/2515245920917931,1,failed,2020,cb02db7930176d05964d3afe98f460ffa364f366
10.1177/2515245920925750,1,failed,2020,cb02db7930176d05964d3afe98f460ffa364f366
10.1177/2515245920927643,1,mixed,2020,cb02db7930176d05964d3afe98f460ffa364f366
10.1177/2515245920953350,1,failed,2020,cb02db7930176d05964d3afe98f460ffa364f366
10.1177/2515245920958687,9,failed | mixed,2020,cb02db7930176d05964d3afe98f460ffa364f366
10.1177/25152459211018187,1,mixed,2021,cb02db7930176d05964d3afe98f460ffa364f366
10.1177/25152459231213375,1,failed,2024,cb02db7930176d05964d3afe98f460ffa364f366
10.1177/25152459241267902,1,mixed,2024,cb02db7930176d05964d3afe98f460ffa364f366
10.1177/25152459251328334,1,successful,2025,cb02db7930176d05964d3afe98f460ffa364f366
10.1177/25152459251401177,2,failed,2026,cb02db7930176d05964d3afe98f460ffa364f366
10.1177/27000710251401142,1,failed,2025,cb02db7930176d05964d3afe98f460ffa364f366
10.1177/27550311231225957,1,mixed,2024,cb02db7930176d05964d3afe98f460ffa364f366
10.1177/27550311251323281,1,successful,2025,cb02db7930176d05964d3afe98f460ffa364f366
10.1177/27550311251396562,1,failed,2025,cb02db7930176d05964d3afe98f460ffa364f366
10.1177/27550311251399174,1,successful,2025,cb02db7930176d05964d3afe98f460ffa364f366
10.1177/29768357251384762,1,successful,2025,cb02db7930176d05964d3afe98f460ffa364f366
10.1186/1471-2350-11-119,1,successful,2010,cb02db7930176d05964d3afe98f460ffa364f366
10.1186/1471-2350-11-60,1,successful,2010,cb02db7930176d05964d3afe98f460ffa364f366
10.1186/1471-2350-12-133,1,successful,2011,cb02db7930176d05964d3afe98f460ffa364f366
10.1186/1471-2350-6-35,1,failed,2005,cb02db7930176d05964d3afe98f460ffa364f366
10.1186/1471-2350-7-71,1,successful,2006,cb02db7930176d05964d3afe98f460ffa364f366
10.1186/1471-2415-14-140,1,mixed,2014,cb02db7930176d05964d3afe98f460ffa364f366
10.1186/1471-244x-11-129,1,successful,2011,cb02db7930176d05964d3afe98f460ffa364f366
10.1186/1471-2474-15-38,1,failed,2014,cb02db7930176d05964d3afe98f460ffa364f366
10.1186/1744-8603-10-19,1,mixed,2014,cb02db7930176d05964d3afe98f460ffa364f366
10.1186/1750-1326-8-18,1,failed,2013,cb02db7930176d05964d3afe98f460ffa364f366
10.1186/ar3789,1,successful,2012,cb02db7930176d05964d3afe98f460ffa364f366
10.1186/s12651-022-00306-7,1,failed,2022,cb02db7930176d05964d3afe98f460ffa364f366
10.1186/s12877-017-0689-8,1,successful,2017,cb02db7930176d05964d3afe98f460ffa364f366
10.1186/s12877-019-1311-z,1,successful,2019,cb02db7930176d05964d3afe98f460ffa364f366
10.1186/s12885-026-16029-8,1,failed,2026,cb02db7930176d05964d3afe98f460ffa364f366
10.1186/s12886-022-02359-1,1,successful,2022,cb02db7930176d05964d3afe98f460ffa364f366
10.1186/s12888-023-04903-9,1,failed,2023,cb02db7930176d05964d3afe98f460ffa364f366
10.1186/s12891-019-2402-x,1,failed,2019,cb02db7930176d05964d3afe98f460ffa364f366
10.1186/s12891-022-05208-w,1,successful,2022,cb02db7930176d05964d3afe98f460ffa364f366
10.1186/s12909-022-03665-4,1,mixed,2022,cb02db7930176d05964d3afe98f460ffa364f366
10.1186/s12911-023-02389-9,1,successful,2023,cb02db7930176d05964d3afe98f460ffa364f366
10.1186/s12913-023-09505-5,1,mixed,2023,cb02db7930176d05964d3afe98f460ffa364f366
10.1186/s12974-014-0181-8,1,mixed,2014,cb02db7930176d05964d3afe98f460ffa364f366
10.1186/s12979-019-0146-y,1,failed,2019,cb02db7930176d05964d3afe98f460ffa364f366
10.1186/s13012-025-01471-2,1,successful,2025,cb02db7930176d05964d3afe98f460ffa364f366
10.1186/s13018-018-0769-2,1,failed,2018,cb02db7930176d05964d3afe98f460ffa364f366
10.1186/s13024-018-0267-3,1,successful,2018,cb02db7930176d05964d3afe98f460ffa364f366
10.1186/s13195-015-0154-x,1,mixed,2015,cb02db7930176d05964d3afe98f460ffa364f366
10.1186/s13229-024-00583-8,1,failed,2024,cb02db7930176d05964d3afe98f460ffa364f366
10.1186/s40798-020-00243-0,1,successful,2020,cb02db7930176d05964d3afe98f460ffa364f366
10.1186/s41239-025-00570-w,1,successful,2025,cb02db7930176d05964d3afe98f460ffa364f366
10.1187/cbe.19-01-0028,1,successful,2019,cb02db7930176d05964d3afe98f460ffa364f366
10.1187/cbe.24-07-0193,1,mixed,2025,cb02db7930176d05964d3afe98f460ffa364f366
10.1192/bjp.130.2.186,1,mixed,1977,cb02db7930176d05964d3afe98f460ffa364f366
10.1192/bjp.141.3.249,1,mixed,1982,cb02db7930176d05964d3afe98f460ffa364f366
10.1192/bjp.142.5.471,1,failed,1983,cb02db7930176d05964d3afe98f460ffa364f366
10.1192/bjp.151.5.684,1,successful,1987,cb02db7930176d05964d3afe98f460ffa364f366
10.1192/bjp.161.2.223,1,successful,1992,cb02db7930176d05964d3afe98f460ffa364f366
10.1192/bjp.bp.108.061341,1,successful,2010,cb02db7930176d05964d3afe98f460ffa364f366
10.1192/bjp.bp.114.154997,1,failed,2016,cb02db7930176d05964d3afe98f460ffa364f366
10.1207/s15327906mbr0503_5,1,successful,1970,cb02db7930176d05964d3afe98f460ffa364f366
10.1212/wnl.0b013e318202031f,1,mixed,2010,cb02db7930176d05964d3afe98f460ffa364f366
10.1227/neu.0000000000004151,1,mixed,2026,cb02db7930176d05964d3afe98f460ffa364f366
10.1248/bpb.b22-00136,1,mixed,2022,cb02db7930176d05964d3afe98f460ffa364f366
10.1257/aer.101.4.1616,1,failed,2011,cb02db7930176d05964d3afe98f460ffa364f366
10.1257/aer.104.10.3297,1,failed,2014,cb02db7930176d05964d3afe98f460ffa364f366
10.1257/aer.20120767,1,failed,2016,cb02db7930176d05964d3afe98f460ffa364f366
10.1257/aer.20160789,1,failed,2018,cb02db7930176d05964d3afe98f460ffa364f366
10.1257/app.20180329,1,successful,2020,cb02db7930176d05964d3afe98f460ffa364f366
10.1257/mac.6.3.1,1,mixed,2014,cb02db7930176d05964d3afe98f460ffa364f366
10.1257/pol.20180230,1,failed,2019,cb02db7930176d05964d3afe98f460ffa364f366
10.12688/f1000research.25573.2,1,successful,2020,cb02db7930176d05964d3afe98f460ffa364f366
10.12688/f1000research.27169.2,1,failed,2021,cb02db7930176d05964d3afe98f460ffa364f366
10.12688/openreseurope.17749.1,1,successful,2024,cb02db7930176d05964d3afe98f460ffa364f366
10.12688/wellcomeopenres.15486.2,1,mixed,2019,cb02db7930176d05964d3afe98f460ffa364f366
10.12794/metadc2415972,1,successful,2025,cb02db7930176d05964d3afe98f460ffa364f366
10.1287/mnsc.2022.4463,1,mixed,2023,cb02db7930176d05964d3afe98f460ffa364f366
10.12973/eurasia.2014.948a,1,mixed,2013,cb02db7930176d05964d3afe98f460ffa364f366
10.13023/etd.2019.180,1,failed,2019,cb02db7930176d05964d3afe98f460ffa364f366
10.13140/2.1.4432.0644,1,failed,2014,cb02db7930176d05964d3afe98f460ffa364f366
10.1350/ijps.2014.16.4.346,1,mixed,2014,cb02db7930176d05964d3afe98f460ffa364f366
10.1353/aad.2004.0016,1,successful,2004,cb02db7930176d05964d3afe98f460ffa364f366
10.1353/aad.2011.0002,1,mixed,2011,cb02db7930176d05964d3afe98f460ffa364f366
10.1353/csd.2014.0018,1,<missing>,2014,cb02db7930176d05964d3afe98f460ffa364f366
10.1353/eca.2016.0000,1,successful,2016,cb02db7930176d05964d3afe98f460ffa364f366
10.1353/etc.2018.0028,1,successful,2018,cb02db7930176d05964d3afe98f460ffa364f366
10.1353/hub.2006.0033,1,successful,2006,cb02db7930176d05964d3afe98f460ffa364f366
10.1353/jhe.2015.0006,1,successful,2015,cb02db7930176d05964d3afe98f460ffa364f366
10.1353/jhr.2010.0008,1,successful,2010,cb02db7930176d05964d3afe98f460ffa364f366
10.1353/jhr.2012.0015,1,failed,2012,cb02db7930176d05964d3afe98f460ffa364f366
10.1353/lan.2016.0052,1,successful,2016,cb02db7930176d05964d3afe98f460ffa364f366
10.1371/journal.pgen.1006343,1,failed,2016,cb02db7930176d05964d3afe98f460ffa364f366
10.1371/journal.pone.0016144,1,successful,2011,cb02db7930176d05964d3afe98f460ffa364f366
10.1371/journal.pone.0018044,1,successful,2011,cb02db7930176d05964d3afe98f460ffa364f366
10.1371/journal.pone.0029081,1,failed,2012,cb02db7930176d05964d3afe98f460ffa364f366
10.1371/journal.pone.0033423,1,failed,2012,cb02db7930176d05964d3afe98f460ffa364f366
10.1371/journal.pone.0042510,1,failed,2012,cb02db7930176d05964d3afe98f460ffa364f366
10.1371/journal.pone.0046595,1,successful,2012,cb02db7930176d05964d3afe98f460ffa364f366
10.1371/journal.pone.0053234,1,successful,2013,cb02db7930176d05964d3afe98f460ffa364f366
10.1371/journal.pone.0072467,1,failed,2013,cb02db7930176d05964d3afe98f460ffa364f366
10.1371/journal.pone.0080688,1,failed,2013,cb02db7930176d05964d3afe98f460ffa364f366
10.1371/journal.pone.0096654,1,failed,2014,cb02db7930176d05964d3afe98f460ffa364f366
10.1371/journal.pone.0102100,1,failed,2014,cb02db7930176d05964d3afe98f460ffa364f366
10.1371/journal.pone.0107411,1,successful,2014,cb02db7930176d05964d3afe98f460ffa364f366
10.1371/journal.pone.0109035,1,failed,2014,cb02db7930176d05964d3afe98f460ffa364f366
10.1371/journal.pone.0112772,1,successful,2014,cb02db7930176d05964d3afe98f460ffa364f366
10.1371/journal.pone.0120644,1,successful,2015,cb02db7930176d05964d3afe98f460ffa364f366
10.1371/journal.pone.0121564,1,successful,2015,cb02db7930176d05964d3afe98f460ffa364f366
10.1371/journal.pone.0129263,1,failed,2015,cb02db7930176d05964d3afe98f460ffa364f366
10.1371/journal.pone.0133430,1,failed,2015,cb02db7930176d05964d3afe98f460ffa364f366
10.1371/journal.pone.0138922,1,mixed,2015,cb02db7930176d05964d3afe98f460ffa364f366
10.1371/journal.pone.0140570,1,failed,2015,cb02db7930176d05964d3afe98f460ffa364f366
10.1371/journal.pone.0140806,1,failed,2015,cb02db7930176d05964d3afe98f460ffa364f366
10.1371/journal.pone.0147770,1,failed,2016,cb02db7930176d05964d3afe98f460ffa364f366
10.1371/journal.pone.0161387,1,mixed,2016,cb02db7930176d05964d3afe98f460ffa364f366
10.1371/journal.pone.0172636,1,failed,2017,cb02db7930176d05964d3afe98f460ffa364f366
10.1371/journal.pone.0193787,1,mixed,2018,cb02db7930176d05964d3afe98f460ffa364f366
10.1371/journal.pone.0198620,1,mixed,2018,cb02db7930176d05964d3afe98f460ffa364f366
10.1371/journal.pone.0208794,1,failed,2018,cb02db7930176d05964d3afe98f460ffa364f366
10.1371/journal.pone.0209263,1,failed,2018,cb02db7930176d05964d3afe98f460ffa364f366
10.1371/journal.pone.0209704,1,mixed,2018,cb02db7930176d05964d3afe98f460ffa364f366
10.1371/journal.pone.0211416,1,failed,2019,cb02db7930176d05964d3afe98f460ffa364f366
10.1371/journal.pone.0220419,1,failed,2020,cb02db7930176d05964d3afe98f460ffa364f366
10.1371/journal.pone.0229161,1,mixed,2020,cb02db7930176d05964d3afe98f460ffa364f366
10.1371/journal.pone.0235525,1,failed,2021,cb02db7930176d05964d3afe98f460ffa364f366
10.1371/journal.pone.0236825,1,mixed,2020,cb02db7930176d05964d3afe98f460ffa364f366
10.1371/journal.pone.0249309,1,mixed,2021,cb02db7930176d05964d3afe98f460ffa364f366
10.1371/journal.pone.0251451,1,failed,2021,cb02db7930176d05964d3afe98f460ffa364f366
10.1371/journal.pone.0253023,1,successful,2021,cb02db7930176d05964d3afe98f460ffa364f366
10.1371/journal.pone.0255157,1,failed,2021,cb02db7930176d05964d3afe98f460ffa364f366
10.1371/journal.pone.0261477,1,mixed,2021,cb02db7930176d05964d3afe98f460ffa364f366
10.1371/journal.pone.0281140,1,failed,2023,cb02db7930176d05964d3afe98f460ffa364f366
10.1371/journal.pone.0284243,1,failed,2023,cb02db7930176d05964d3afe98f460ffa364f366
10.1371/journal.pone.0286451,1,failed,2023,cb02db7930176d05964d3afe98f460ffa364f366
10.1371/journal.pone.0286714,1,successful,2023,cb02db7930176d05964d3afe98f460ffa364f366
10.1371/journal.pone.0292576,1,mixed,2024,cb02db7930176d05964d3afe98f460ffa364f366
10.1371/journal.pone.0294325,1,successful,2023,cb02db7930176d05964d3afe98f460ffa364f366
10.1371/journal.pone.0313619,1,successful,2024,cb02db7930176d05964d3afe98f460ffa364f366
10.1371/journal.pone.0321397,1,successful,2025,cb02db7930176d05964d3afe98f460ffa364f366
10.1371/journal.pone.0326446,1,mixed,2025,cb02db7930176d05964d3afe98f460ffa364f366
10.1371/journal.pone.0335330,1,mixed,2025,cb02db7930176d05964d3afe98f460ffa364f366
10.1371/journal.pone.0341334,1,failed,2026,cb02db7930176d05964d3afe98f460ffa364f366
10.1375/twin.11.1.44,1,mixed,2008,cb02db7930176d05964d3afe98f460ffa364f366
10.14288/1.0372317,1,mixed,2018,cb02db7930176d05964d3afe98f460ffa364f366
10.14324/111.444/ucloe.000051,1,mixed,2022,cb02db7930176d05964d3afe98f460ffa364f366
10.1504/ejim.2010.031281,1,mixed,2010,cb02db7930176d05964d3afe98f460ffa364f366
10.1515/econ-2022-0030,1,successful,2022,cb02db7930176d05964d3afe98f460ffa364f366
10.1515/gcla-2014-0004,1,failed,2014,cb02db7930176d05964d3afe98f460ffa364f366
10.1515/iral-2012-0001,1,failed,2012,cb02db7930176d05964d3afe98f460ffa364f366
10.1515/jbnst-2025-0030,1,successful,2025,cb02db7930176d05964d3afe98f460ffa364f366
10.1515/jbnst-2025-0084,1,mixed,2026,cb02db7930176d05964d3afe98f460ffa364f366
10.1515/zfsoz-2023-2029,1,successful,2023,cb02db7930176d05964d3afe98f460ffa364f366
10.15195/v4.a5,1,mixed,2017,cb02db7930176d05964d3afe98f460ffa364f366
10.1521/jscp.2016.35.5.386,1,successful,2016,cb02db7930176d05964d3afe98f460ffa364f366
10.1521/pedi_2013_27_117,1,successful,2014,cb02db7930176d05964d3afe98f460ffa364f366
10.1523/eneuro.0150-20.2020,1,failed,2020,cb02db7930176d05964d3afe98f460ffa364f366
10.1523/eneuro.0332-25.2025,1,mixed,2026,cb02db7930176d05964d3afe98f460ffa364f366
10.1523/eneuro.0333-18.2018,1,mixed,2018,cb02db7930176d05964d3afe98f460ffa364f366
10.1523/jneurosci.0660-17.2017,1,successful,2017,cb02db7930176d05964d3afe98f460ffa364f366
10.1523/jneurosci.0888-19.2019,1,failed,2019,cb02db7930176d05964d3afe98f460ffa364f366
10.1523/jneurosci.1060-18.2018,1,successful,2018,cb02db7930176d05964d3afe98f460ffa364f366
10.1523/jneurosci.2511-12.2012,1,successful,2012,cb02db7930176d05964d3afe98f460ffa364f366
10.1523/jneurosci.3973-11.2012,1,mixed,2012,cb02db7930176d05964d3afe98f460ffa364f366
10.1525/collabra.117,1,successful,2018,cb02db7930176d05964d3afe98f460ffa364f366
10.1525/collabra.147691,1,failed,2025,cb02db7930176d05964d3afe98f460ffa364f366
10.1525/collabra.163080,1,failed,2026,cb02db7930176d05964d3afe98f460ffa364f366
10.1525/collabra.168,1,mixed,2018,cb02db7930176d05964d3afe98f460ffa364f366
10.1525/collabra.177,1,failed,2019,cb02db7930176d05964d3afe98f460ffa364f366
10.1525/collabra.18738,1,failed,2021,cb02db7930176d05964d3afe98f460ffa364f366
10.1525/collabra.192,1,failed,2019,cb02db7930176d05964d3afe98f460ffa364f366
10.1525/collabra.216,1,mixed,2019,cb02db7930176d05964d3afe98f460ffa364f366
10.1525/collabra.23443,1,successful,2021,cb02db7930176d05964d3afe98f460ffa364f366
10.1525/collabra.277,1,failed,2020,cb02db7930176d05964d3afe98f460ffa364f366
10.1525/collabra.310,2,failed,2020,cb02db7930176d05964d3afe98f460ffa364f366
10.1525/collabra.32572,1,mixed,2022,cb02db7930176d05964d3afe98f460ffa364f366
10.1525/collabra.32964,1,successful,2022,cb02db7930176d05964d3afe98f460ffa364f366
10.1525/collabra.35271,1,failed,2022,cb02db7930176d05964d3afe98f460ffa364f366
10.1525/collabra.37122,1,mixed,2022,cb02db7930176d05964d3afe98f460ffa364f366
10.1525/collabra.57785,1,successful,2023,cb02db7930176d05964d3afe98f460ffa364f366
10.1525/collabra.68054,1,successful,2023,cb02db7930176d05964d3afe98f460ffa364f366
10.1525/collabra.77610,1,failed,2023,cb02db7930176d05964d3afe98f460ffa364f366
10.1525/collabra.77859,1,successful,2023,cb02db7930176d05964d3afe98f460ffa364f366
10.1525/collabra.87,1,successful,2018,cb02db7930176d05964d3afe98f460ffa364f366
10.1525/collabra.87489,1,mixed,2023,cb02db7930176d05964d3afe98f460ffa364f366
10.1525/collabra.90195,1,failed,2023,cb02db7930176d05964d3afe98f460ffa364f366
10.1525/collabra.90203,1,failed,2024,cb02db7930176d05964d3afe98f460ffa364f366
10.1525/collabra.97,1,mixed,2017,cb02db7930176d05964d3afe98f460ffa364f366
10.1525/mp.2012.30.2.161,1,successful,2012,cb02db7930176d05964d3afe98f460ffa364f366
10.1558/cj.v32i2.25139,1,mixed,2015,cb02db7930176d05964d3afe98f460ffa364f366
10.1561/104.00000052,1,mixed,2019,cb02db7930176d05964d3afe98f460ffa364f366
10.1561/104.00000058,1,successful,2019,cb02db7930176d05964d3afe98f460ffa364f366
10.1561/104.00000071,1,failed,2019,cb02db7930176d05964d3afe98f460ffa364f366
10.1561/104.00000072,1,mixed,2019,cb02db7930176d05964d3afe98f460ffa364f366
10.1561/104.00000089,1,failed,2021,cb02db7930176d05964d3afe98f460ffa364f366
10.1561/104.00000103,1,failed,2021,cb02db7930176d05964d3afe98f460ffa364f366
10.1561/104.00000111,1,mixed,2024,cb02db7930176d05964d3afe98f460ffa364f366
10.1561/104.00000118,1,successful,2022,cb02db7930176d05964d3afe98f460ffa364f366
10.1561/104.00000126,1,failed,2023,cb02db7930176d05964d3afe98f460ffa364f366
10.1561/104.00000127,1,successful,2023,cb02db7930176d05964d3afe98f460ffa364f366
10.1561/104.00000130,1,successful,2023,cb02db7930176d05964d3afe98f460ffa364f366
10.1561/104.00000142,1,successful,2024,cb02db7930176d05964d3afe98f460ffa364f366
10.1561/104.00000144,1,failed,2024,cb02db7930176d05964d3afe98f460ffa364f366
10.1561/107.00000066,1,failed,2020,cb02db7930176d05964d3afe98f460ffa364f366
10.15626/mp.2018.1481,1,successful,2019,cb02db7930176d05964d3afe98f460ffa364f366
10.15626/mp.2018.880,1,failed,2019,cb02db7930176d05964d3afe98f460ffa364f366
10.15626/mp.2019.2134,1,successful,2021,cb02db7930176d05964d3afe98f460ffa364f366
10.15626/mp.2020.2474,1,mixed,2021,cb02db7930176d05964d3afe98f460ffa364f366
10.15626/mp.2020.2538,1,failed,2022,cb02db7930176d05964d3afe98f460ffa364f366
10.15626/mp.2020.2639,1,failed,2024,cb02db7930176d05964d3afe98f460ffa364f366
10.15626/mp.2021.2932,1,successful,2023,cb02db7930176d05964d3afe98f460ffa364f366
10.15626/mp.2022.3108,2,failed | successful,2023,cb02db7930176d05964d3afe98f460ffa364f366
10.15626/mp.2023.3960,1,successful,2026,cb02db7930176d05964d3afe98f460ffa364f366
10.15626/mp.2025.4708,1,mixed,2026,cb02db7930176d05964d3afe98f460ffa364f366
10.15763/issn.1936-9298.2024.1.1.36-60,1,failed,2024,cb02db7930176d05964d3afe98f460ffa364f366
10.1590/s1415-47572010005000056,1,successful,2010,cb02db7930176d05964d3afe98f460ffa364f366
10.16910/jemr.11.4.6,1,successful,2018,cb02db7930176d05964d3afe98f460ffa364f366
10.16930/2237-7662202131531,1,mixed,2021,cb02db7930176d05964d3afe98f460ffa364f366
10.17016/feds.2017.062,1,mixed,2017,cb02db7930176d05964d3afe98f460ffa364f366
10.17105/spr-15-0048.1,1,mixed,2015,cb02db7930176d05964d3afe98f460ffa364f366
10.17250/khisli.43.1.202603.001,1,failed,2026,cb02db7930176d05964d3afe98f460ffa364f366
10.17605/osf.io/39xuw,1,successful,2017,cb02db7930176d05964d3afe98f460ffa364f366
10.17605/osf.io/3bz2g,1,mixed,2023,cb02db7930176d05964d3afe98f460ffa364f366
10.17605/osf.io/4hjck,1,mixed,2022,cb02db7930176d05964d3afe98f460ffa364f366
10.17605/osf.io/7weum,1,mixed,2022,cb02db7930176d05964d3afe98f460ffa364f366
10.17605/osf.io/7yfkc,1,successful,2021,cb02db7930176d05964d3afe98f460ffa364f366
10.17605/osf.io/82bwv,1,failed,2023,cb02db7930176d05964d3afe98f460ffa364f366
10.17605/osf.io/ahcpw,1,mixed,2021,cb02db7930176d05964d3afe98f460ffa364f366
10.17605/osf.io/bu3gm,1,uninformative,2025,cb02db7930176d05964d3afe98f460ffa364f366
10.17605/osf.io/e5wka,1,mixed,2020,cb02db7930176d05964d3afe98f460ffa364f366
10.17605/osf.io/e9d3k,1,successful,2016,cb02db7930176d05964d3afe98f460ffa364f366
10.17605/osf.io/ehjdm,1,successful,2023,cb02db7930176d05964d3afe98f460ffa364f366
10.17605/osf.io/etg7c,1,failed,2014,cb02db7930176d05964d3afe98f460ffa364f366
10.17605/osf.io/evdp5,1,failed,2023,cb02db7930176d05964d3afe98f460ffa364f366
10.17605/osf.io/ezw6p,1,failed,2019,cb02db7930176d05964d3afe98f460ffa364f366
10.17605/osf.io/fmd75,1,failed,2021,cb02db7930176d05964d3afe98f460ffa364f366
10.17605/osf.io/g2zv6,1,successful,2025,cb02db7930176d05964d3afe98f460ffa364f366
10.17605/osf.io/gea2s,1,uninformative,2018,cb02db7930176d05964d3afe98f460ffa364f366
10.17605/osf.io/ictp5,1,failed,2023,cb02db7930176d05964d3afe98f460ffa364f366
10.17605/osf.io/j8a4p,1,failed,2018,cb02db7930176d05964d3afe98f460ffa364f366
10.17605/osf.io/j9mfn,1,mixed,2021,cb02db7930176d05964d3afe98f460ffa364f366
10.17605/osf.io/pb9w7,1,failed,2021,cb02db7930176d05964d3afe98f460ffa364f366
10.17605/osf.io/qswe3,1,successful,2021,cb02db7930176d05964d3afe98f460ffa364f366
10.17605/osf.io/r8qp2,1,failed,2018,cb02db7930176d05964d3afe98f460ffa364f366
10.17605/osf.io/rge23,1,failed,2022,cb02db7930176d05964d3afe98f460ffa364f366
10.17605/osf.io/uxajg,1,failed,2018,cb02db7930176d05964d3afe98f460ffa364f366
10.17605/osf.io/w34fb,1,successful,2021,cb02db7930176d05964d3afe98f460ffa364f366
10.17605/osf.io/wmqtb,1,successful,2024,cb02db7930176d05964d3afe98f460ffa364f366
10.17605/osf.io/xszk6,1,failed,2014,cb02db7930176d05964d3afe98f460ffa364f366
10.17605/osf.io/yptua,1,failed,2019,cb02db7930176d05964d3afe98f460ffa364f366
10.17615/q9na-cr13,1,failed,1985,cb02db7930176d05964d3afe98f460ffa364f366
10.17645/mac.7666,1,descriptive only,2024,cb02db7930176d05964d3afe98f460ffa364f366
10.17645/mac.7807,1,successful,2024,cb02db7930176d05964d3afe98f460ffa364f366
10.17645/si.v6i2.1395,1,mixed,2018,cb02db7930176d05964d3afe98f460ffa364f366
10.17705/1atrr.00004,1,mixed,2015,cb02db7930176d05964d3afe98f460ffa364f366
10.17705/1atrr.00010,1,failed,2016,cb02db7930176d05964d3afe98f460ffa364f366
10.17705/1atrr.00014,1,successful,2016,cb02db7930176d05964d3afe98f460ffa364f366
10.17705/1atrr.00015,1,mixed,2016,cb02db7930176d05964d3afe98f460ffa364f366
10.17705/1atrr.00021,1,mixed,2018,cb02db7930176d05964d3afe98f460ffa364f366
10.17705/1atrr.00024,1,successful,2018,cb02db7930176d05964d3afe98f460ffa364f366
10.17705/1atrr.00026,1,mixed,2018,cb02db7930176d05964d3afe98f460ffa364f366
10.17705/1atrr.00027,1,mixed,2018,cb02db7930176d05964d3afe98f460ffa364f366
10.17705/1atrr.00028,1,successful,2018,cb02db7930176d05964d3afe98f460ffa364f366
10.17705/1atrr.00032,1,mixed,2018,cb02db7930176d05964d3afe98f460ffa364f366
10.17705/1atrr.00046,1,mixed,2020,cb02db7930176d05964d3afe98f460ffa364f366
10.17705/1atrr.00053,1,mixed,2020,cb02db7930176d05964d3afe98f460ffa364f366
10.17705/1atrr.00064,1,successful,2020,cb02db7930176d05964d3afe98f460ffa364f366
10.17705/1atrr.00066,1,mixed,2021,cb02db7930176d05964d3afe98f460ffa364f366
10.17705/1atrr.00067,1,mixed,2021,cb02db7930176d05964d3afe98f460ffa364f366
10.17705/1atrr.00076,1,mixed,2022,cb02db7930176d05964d3afe98f460ffa364f366
10.17705/1cais.05749,1,failed,2025,cb02db7930176d05964d3afe98f460ffa364f366
10.17760/d20483134,1,successful,2023,cb02db7930176d05964d3afe98f460ffa364f366
10.17811/ebl.12.3.2023.241-247,1,successful,2023,cb02db7930176d05964d3afe98f460ffa364f366
10.17885/heiup.1157.c19369,1,mixed,2024,cb02db7930176d05964d3afe98f460ffa364f366
10.18148/srm/2012.v6i1.5092,1,mixed,2012,cb02db7930176d05964d3afe98f460ffa364f366
10.18148/srm/2016.v10i2.6274,1,successful,2016,cb02db7930176d05964d3afe98f460ffa364f366
10.18438/eblip30968,1,successful,2026,cb02db7930176d05964d3afe98f460ffa364f366
10.18559/ebr.2021.2.2,1,failed,2021,cb02db7930176d05964d3afe98f460ffa364f366
10.18564/jasss.4219,1,successful,2020,cb02db7930176d05964d3afe98f460ffa364f366
10.18632/oncotarget.12648,1,failed,2016,cb02db7930176d05964d3afe98f460ffa364f366
10.18632/oncotarget.7945,1,successful,2016,cb02db7930176d05964d3afe98f460ffa364f366
10.18632/oncotarget.9819,1,failed,2016,cb02db7930176d05964d3afe98f460ffa364f366
10.18653/v1/d17-1076,1,successful,2017,cb02db7930176d05964d3afe98f460ffa364f366
10.18653/v1/w19-8649,1,failed,2019,cb02db7930176d05964d3afe98f460ffa364f366
10.18699/vjgb-25-91,1,mixed,2025,cb02db7930176d05964d3afe98f460ffa364f366
10.18718/81781.23,1,mixed,2022,cb02db7930176d05964d3afe98f460ffa364f366
10.18718/81781.27,1,failed,2023,cb02db7930176d05964d3afe98f460ffa364f366
10.18718/81781.29,1,mixed,2023,cb02db7930176d05964d3afe98f460ffa364f366
10.18718/81781.38,1,mixed,2024,cb02db7930176d05964d3afe98f460ffa364f366
10.18718/81781.7,1,failed,2018,cb02db7930176d05964d3afe98f460ffa364f366
10.1901/jaba.1999.32-367,1,failed,1999,cb02db7930176d05964d3afe98f460ffa364f366
10.1901/jaba.2011.44-369,1,successful,2011,cb02db7930176d05964d3afe98f460ffa364f366
10.1901/jeab.2012.98-283,1,successful,2012,cb02db7930176d05964d3afe98f460ffa364f366
10.20378/irb-49996,1,failed,2021,cb02db7930176d05964d3afe98f460ffa364f366
10.20429/ijsotl.2018.120107,1,mixed,2018,cb02db7930176d05964d3afe98f460ffa364f366
10.20982/tqmp.11.2.r008,1,failed,2015,cb02db7930176d05964d3afe98f460ffa364f366
10.20982/tqmp.14.1.r008,1,mixed,2018,cb02db7930176d05964d3afe98f460ffa364f366
10.20982/tqmp.16.2.r001,1,mixed,2020,cb02db7930176d05964d3afe98f460ffa364f366
10.20982/tqmp.20.1.r001,1,mixed,2024,cb02db7930176d05964d3afe98f460ffa364f366
10.20982/tqmp.21.3.p115,1,failed,2025,cb02db7930176d05964d3afe98f460ffa364f366
10.20982/tqmp.21.3.p138,1,mixed,2025,cb02db7930176d05964d3afe98f460ffa364f366
10.21203/rs.3.rs-6613854/v1,1,mixed,2025,cb02db7930176d05964d3afe98f460ffa364f366
10.21203/rs.3.rs-8351701/v1,1,failed,2025,cb02db7930176d05964d3afe98f460ffa364f366
10.21203/rs.3.rs-9422704/v1,1,successful,2026,cb02db7930176d05964d3afe98f460ffa364f366
10.2132/personality.33.3.13,1,successful,2025,cb02db7930176d05964d3afe98f460ffa364f366
10.2139/ssrn.2586261,1,mixed,2015,cb02db7930176d05964d3afe98f460ffa364f366
10.2139/ssrn.5048949,6,failed | mixed | successful,2024,cb02db7930176d05964d3afe98f460ffa364f366
10.2174/1874402800902010006,1,successful,2009,cb02db7930176d05964d3afe98f460ffa364f366
10.2190/em.29.2.d,1,failed,2011,cb02db7930176d05964d3afe98f460ffa364f366
10.2190/om.61.2.b,1,mixed,2010,cb02db7930176d05964d3afe98f460ffa364f366
10.2196/39258,1,mixed,2023,cb02db7930176d05964d3afe98f460ffa364f366
10.2196/45481,1,mixed,2023,cb02db7930176d05964d3afe98f460ffa364f366
10.2196/51056,1,successful,2024,cb02db7930176d05964d3afe98f460ffa364f366
10.2307/145684,1,successful,1985,cb02db7930176d05964d3afe98f460ffa364f366
10.2307/146341,1,failed,1998,cb02db7930176d05964d3afe98f460ffa364f366
10.2307/2061038,1,mixed,1984,cb02db7930176d05964d3afe98f460ffa364f366
10.2307/2234982,1,failed,1994,cb02db7930176d05964d3afe98f460ffa364f366
10.2307/2586120,1,successful,1999,cb02db7930176d05964d3afe98f460ffa364f366
10.2307/2586310,1,failed,1998,cb02db7930176d05964d3afe98f460ffa364f366
10.2307/2951542,1,failed,1992,cb02db7930176d05964d3afe98f460ffa364f366
10.2308/bria-2020-021,1,failed,2021,cb02db7930176d05964d3afe98f460ffa364f366
10.2308/bria-51455,1,successful,2016,cb02db7930176d05964d3afe98f460ffa364f366
10.2308/bria-52306,1,successful,2018,cb02db7930176d05964d3afe98f460ffa364f366
10.2337/db13-1435,1,failed,2014,cb02db7930176d05964d3afe98f460ffa364f366
10.23668/psycharchives.21850,1,successful,2026,cb02db7930176d05964d3afe98f460ffa364f366
10.23668/psycharchives.4766,1,successful,2021,cb02db7930176d05964d3afe98f460ffa364f366
10.23675/sjlas.v45i0.614,1,failed,2019,cb02db7930176d05964d3afe98f460ffa364f366
10.24193/cbb.2022.26.09,1,mixed,2022,cb02db7930176d05964d3afe98f460ffa364f366
10.2466/04.03.pr0.112.2.533-544,1,failed,2013,cb02db7930176d05964d3afe98f460ffa364f366
10.2466/07.10.17.pr0.107.4.139-144,1,mixed,2010,cb02db7930176d05964d3afe98f460ffa364f366
10.2466/20.22.pms.114.1.185-188,1,mixed,2012,cb02db7930176d05964d3afe98f460ffa364f366
10.2466/pms.2000.90.2.640,1,successful,2000,cb02db7930176d05964d3afe98f460ffa364f366
10.2466/pr0.1973.32.2.650,1,successful,1973,cb02db7930176d05964d3afe98f460ffa364f366
10.2466/pr0.1999.85.2.457,1,successful,1999,cb02db7930176d05964d3afe98f460ffa364f366
10.24839/2325-7342.jn26.4.422,1,failed,2021,cb02db7930176d05964d3afe98f460ffa364f366
10.2501/jar-40-1-2-35-42,1,successful,2000,cb02db7930176d05964d3afe98f460ffa364f366
10.2522/ptj.20120444,1,failed,2013,cb02db7930176d05964d3afe98f460ffa364f366
10.26021/11892,1,mixed,1992,cb02db7930176d05964d3afe98f460ffa364f366
10.26443/msurj.v15i1.10,1,mixed,2020,cb02db7930176d05964d3afe98f460ffa364f366
10.26443/msurj.v19i1.231,1,failed,2024,cb02db7930176d05964d3afe98f460ffa364f366
10.26481/umagsb.2025008,1,successful,2025,cb02db7930176d05964d3afe98f460ffa364f366
10.2753/pss0885-3134310105,1,mixed,2011,cb02db7930176d05964d3afe98f460ffa364f366
10.29115/sp-2023-0025,1,mixed,2023,cb02db7930176d05964d3afe98f460ffa364f366
10.29338/wp2019-15,1,failed,2019,cb02db7930176d05964d3afe98f460ffa364f366
10.30636/jbpa.12.34,1,successful,2019,cb02db7930176d05964d3afe98f460ffa364f366
10.3102/0002831214565787,1,successful,2015,cb02db7930176d05964d3afe98f460ffa364f366
10.3102/0013189x20922993,1,successful,2020,cb02db7930176d05964d3afe98f460ffa364f366
10.3102/0013189x20940304,1,successful,2020,cb02db7930176d05964d3afe98f460ffa364f366
10.3102/0162373720948884,1,mixed,2020,cb02db7930176d05964d3afe98f460ffa364f366
10.3109/0142159x.2014.890702,1,successful,2014,cb02db7930176d05964d3afe98f460ffa364f366
10.3109/03014460.2011.614278,1,successful,2011,cb02db7930176d05964d3afe98f460ffa364f366
10.3109/13668250.2012.703318,1,successful,2012,cb02db7930176d05964d3afe98f460ffa364f366
10.31219/osf.io/v6sfg_v1,1,mixed,2025,cb02db7930176d05964d3afe98f460ffa364f366
10.31219/osf.io/x394e_v3,1,failed,2025,cb02db7930176d05964d3afe98f460ffa364f366
10.31222/osf.io/sjyp3,1,successful,2022,cb02db7930176d05964d3afe98f460ffa364f366
10.31234/osf.io/2br58,1,mixed,2020,cb02db7930176d05964d3afe98f460ffa364f366
10.31234/osf.io/3472y_v4,1,mixed,2025,cb02db7930176d05964d3afe98f460ffa364f366
10.31234/osf.io/4jkvn_v1,1,successful,2022,cb02db7930176d05964d3afe98f460ffa364f366
10.31234/osf.io/4uy2c,1,mixed,2022,cb02db7930176d05964d3afe98f460ffa364f366
10.31234/osf.io/5e8mz_v1,1,failed,2026,cb02db7930176d05964d3afe98f460ffa364f366
10.31234/osf.io/5y34g,1,failed,2021,cb02db7930176d05964d3afe98f460ffa364f366
10.31234/osf.io/8zarq,1,failed,2021,cb02db7930176d05964d3afe98f460ffa364f366
10.31234/osf.io/9q5rc,1,failed,2021,cb02db7930176d05964d3afe98f460ffa364f366
10.31234/osf.io/a6qnk_v1,1,failed,2025,cb02db7930176d05964d3afe98f460ffa364f366
10.31234/osf.io/akfzh,1,failed,2024,cb02db7930176d05964d3afe98f460ffa364f366
10.31234/osf.io/am6rg_v1,1,successful,2026,cb02db7930176d05964d3afe98f460ffa364f366
10.31234/osf.io/b6wxu,1,successful,2023,cb02db7930176d05964d3afe98f460ffa364f366
10.31234/osf.io/dca65,1,mixed,2024,cb02db7930176d05964d3afe98f460ffa364f366
10.31234/osf.io/ekw9c,1,failed,2017,cb02db7930176d05964d3afe98f460ffa364f366
10.31234/osf.io/eu9cj,1,failed,2022,cb02db7930176d05964d3afe98f460ffa364f366
10.31234/osf.io/fmdqe,1,successful,2023,cb02db7930176d05964d3afe98f460ffa364f366
10.31234/osf.io/g5bnd_v1,1,failed,2025,cb02db7930176d05964d3afe98f460ffa364f366
10.31234/osf.io/j2xn3,1,successful,2024,cb02db7930176d05964d3afe98f460ffa364f366
10.31234/osf.io/knh68,1,failed,2019,cb02db7930176d05964d3afe98f460ffa364f366
10.31234/osf.io/kt3sw_v2,1,failed,2026,cb02db7930176d05964d3afe98f460ffa364f366
10.31234/osf.io/m5paz,1,mixed,2018,cb02db7930176d05964d3afe98f460ffa364f366
10.31234/osf.io/mjs2d,1,failed,2022,cb02db7930176d05964d3afe98f460ffa364f366
10.31234/osf.io/mvn9b,1,failed,2018,cb02db7930176d05964d3afe98f460ffa364f366
10.31234/osf.io/nm8p5,1,successful,2022,cb02db7930176d05964d3afe98f460ffa364f366
10.31234/osf.io/ntukz,1,mixed,2022,cb02db7930176d05964d3afe98f460ffa364f366
10.31234/osf.io/prfm3,1,failed,2020,cb02db7930176d05964d3afe98f460ffa364f366
10.31234/osf.io/qn7pt,1,successful,2021,cb02db7930176d05964d3afe98f460ffa364f366
10.31234/osf.io/rvxw4,1,successful,2024,cb02db7930176d05964d3afe98f460ffa364f366
10.31234/osf.io/vkarq,1,failed,2021,cb02db7930176d05964d3afe98f460ffa364f366
10.31234/osf.io/xzn4d,1,mixed,2022,cb02db7930176d05964d3afe98f460ffa364f366
10.31234/osf.io/ydgh9_v2,1,successful,2026,cb02db7930176d05964d3afe98f460ffa364f366
10.31234/osf.io/yha5e,1,mixed,2023,cb02db7930176d05964d3afe98f460ffa364f366
10.31234/osf.io/yt9n8,1,failed,2022,cb02db7930176d05964d3afe98f460ffa364f366
10.31234/osf.io/zeux9,1,failed,2018,cb02db7930176d05964d3afe98f460ffa364f366
10.31235/osf.io/2j9hr_v1,1,successful,2025,cb02db7930176d05964d3afe98f460ffa364f366
10.31235/osf.io/2nwft,1,failed,2022,cb02db7930176d05964d3afe98f460ffa364f366
10.31235/osf.io/nt8c4,1,mixed,2024,cb02db7930176d05964d3afe98f460ffa364f366
10.31235/osf.io/zugae,1,failed,2021,cb02db7930176d05964d3afe98f460ffa364f366
10.31275/20211903,1,failed,2021,cb02db7930176d05964d3afe98f460ffa364f366
10.31542/r.gm:2129,1,failed,2021,cb02db7930176d05964d3afe98f460ffa364f366
10.31577/sp.2021.02.823,1,failed,2021,cb02db7930176d05964d3afe98f460ffa364f366
10.31820/pt.28.3.7,1,successful,2019,cb02db7930176d05964d3afe98f460ffa364f366
10.31979/etd.eh36-m2wx,1,failed,2019,cb02db7930176d05964d3afe98f460ffa364f366
10.31979/mrj.2020.1607,1,failed,2020,cb02db7930176d05964d3afe98f460ffa364f366
10.3205/zma000997,1,failed,2015,cb02db7930176d05964d3afe98f460ffa364f366
10.3233/jad-170276,1,successful,2017,cb02db7930176d05964d3afe98f460ffa364f366
10.3233/jad-2010-1357,1,mixed,2010,cb02db7930176d05964d3afe98f460ffa364f366
10.3233/jad-2011-101932,1,mixed,2011,cb02db7930176d05964d3afe98f460ffa364f366
10.32388/e37rhf,1,failed,2025,cb02db7930176d05964d3afe98f460ffa364f366
10.32601/ejal.911399,1,successful,2021,cb02db7930176d05964d3afe98f460ffa364f366
10.32714/ricl.10.01.08,1,successful,2022,cb02db7930176d05964d3afe98f460ffa364f366
10.32872/cpe.v2i4.2593,1,failed,2020,cb02db7930176d05964d3afe98f460ffa364f366
10.33423/jop.v24i1.6861,1,successful,2024,cb02db7930176d05964d3afe98f460ffa364f366
10.3368/jhr.xlii.4.919,1,failed,2007,cb02db7930176d05964d3afe98f460ffa364f366
10.3386/w15609,1,failed,2009,cb02db7930176d05964d3afe98f460ffa364f366
10.3386/w16115,1,failed,2010,cb02db7930176d05964d3afe98f460ffa364f366
10.3386/w20657,1,successful,2014,cb02db7930176d05964d3afe98f460ffa364f366
10.3386/w30851,1,successful,2023,cb02db7930176d05964d3afe98f460ffa364f366
10.3389/fcomm.2018.00046,1,mixed,2018,cb02db7930176d05964d3afe98f460ffa364f366
10.3389/fcomm.2022.1048896,10,failed | mixed | successful,2022,cb02db7930176d05964d3afe98f460ffa364f366
10.3389/fcvm.2023.1226971,1,mixed,2023,cb02db7930176d05964d3afe98f460ffa364f366
10.3389/fgene.2021.690335,1,mixed,2021,cb02db7930176d05964d3afe98f460ffa364f366
10.3389/fmicb.2018.01598,1,mixed,2018,cb02db7930176d05964d3afe98f460ffa364f366
10.3389/fnbeh.2018.00080,1,failed,2018,cb02db7930176d05964d3afe98f460ffa364f366
10.3389/fneur.2025.1709389,1,successful,2025,cb02db7930176d05964d3afe98f460ffa364f366
10.3389/fneur.2026.1796427,1,successful,2026,cb02db7930176d05964d3afe98f460ffa364f366
10.3389/fnhum.2014.00019,1,successful,2014,cb02db7930176d05964d3afe98f460ffa364f366
10.3389/fnhum.2014.00154,1,failed,2014,cb02db7930176d05964d3afe98f460ffa364f366
10.3389/fnhum.2014.00460,1,successful,2014,cb02db7930176d05964d3afe98f460ffa364f366
10.3389/fnhum.2016.00475,1,failed,2016,cb02db7930176d05964d3afe98f460ffa364f366
10.3389/fnhum.2019.00119,1,failed,2019,cb02db7930176d05964d3afe98f460ffa364f366
10.3389/fnhum.2022.937515,1,mixed,2022,cb02db7930176d05964d3afe98f460ffa364f366
10.3389/fnins.2012.00115,1,mixed,2012,cb02db7930176d05964d3afe98f460ffa364f366
10.3389/fnins.2017.00664,1,failed,2017,cb02db7930176d05964d3afe98f460ffa364f366
10.3389/fnins.2018.00617,1,failed,2018,cb02db7930176d05964d3afe98f460ffa364f366
10.3389/fnins.2020.00803,1,successful,2020,cb02db7930176d05964d3afe98f460ffa364f366
10.3389/fped.2021.590040,1,failed,2021,cb02db7930176d05964d3afe98f460ffa364f366
10.3389/fphys.2019.01578,1,failed,2020,cb02db7930176d05964d3afe98f460ffa364f366
10.3389/fpsyg.2012.00504,1,failed,2012,cb02db7930176d05964d3afe98f460ffa364f366
10.3389/fpsyg.2013.00698,1,failed,2013,cb02db7930176d05964d3afe98f460ffa364f366
10.3389/fpsyg.2013.00858,1,successful,2013,cb02db7930176d05964d3afe98f460ffa364f366
10.3389/fpsyg.2014.00539,1,mixed,2014,cb02db7930176d05964d3afe98f460ffa364f366
10.3389/fpsyg.2014.00786,1,successful,2014,cb02db7930176d05964d3afe98f460ffa364f366
10.3389/fpsyg.2014.00875,1,mixed,2014,cb02db7930176d05964d3afe98f460ffa364f366
10.3389/fpsyg.2014.00955,1,successful,2014,cb02db7930176d05964d3afe98f460ffa364f366
10.3389/fpsyg.2014.01035,1,successful,2014,cb02db7930176d05964d3afe98f460ffa364f366
10.3389/fpsyg.2014.01276,1,successful,2014,cb02db7930176d05964d3afe98f460ffa364f366
10.3389/fpsyg.2014.01325,1,successful,2014,cb02db7930176d05964d3afe98f460ffa364f366
10.3389/fpsyg.2014.01511,1,failed,2015,cb02db7930176d05964d3afe98f460ffa364f366
10.3389/fpsyg.2015.00335,1,failed,2015,cb02db7930176d05964d3afe98f460ffa364f366
10.3389/fpsyg.2015.00494,1,failed,2015,cb02db7930176d05964d3afe98f460ffa364f366
10.3389/fpsyg.2015.01221,1,failed,2015,cb02db7930176d05964d3afe98f460ffa364f366
10.3389/fpsyg.2015.01552,1,successful,2015,cb02db7930176d05964d3afe98f460ffa364f366
10.3389/fpsyg.2015.01709,1,successful,2015,cb02db7930176d05964d3afe98f460ffa364f366
10.3389/fpsyg.2015.01755,1,successful,2015,cb02db7930176d05964d3afe98f460ffa364f366
10.3389/fpsyg.2016.01013,1,successful,2016,cb02db7930176d05964d3afe98f460ffa364f366
10.3389/fpsyg.2016.01042,1,failed,2016,cb02db7930176d05964d3afe98f460ffa364f366
10.3389/fpsyg.2016.01930,1,failed,2016,cb02db7930176d05964d3afe98f460ffa364f366
10.3389/fpsyg.2016.01977,1,successful,2016,cb02db7930176d05964d3afe98f460ffa364f366
10.3389/fpsyg.2017.00190,1,successful,2017,cb02db7930176d05964d3afe98f460ffa364f366
10.3389/fpsyg.2018.00540,1,successful,2018,cb02db7930176d05964d3afe98f460ffa364f366
10.3389/fpsyg.2018.00996,1,successful,2018,cb02db7930176d05964d3afe98f460ffa364f366
10.3389/fpsyg.2018.02374,1,successful,2018,cb02db7930176d05964d3afe98f460ffa364f366
10.3389/fpsyg.2018.02476,1,failed,2018,cb02db7930176d05964d3afe98f460ffa364f366
10.3389/fpsyg.2020.02107,1,mixed,2020,cb02db7930176d05964d3afe98f460ffa364f366
10.3389/fpsyg.2020.02182,1,successful,2020,cb02db7930176d05964d3afe98f460ffa364f366
10.3389/fpsyg.2021.626087,1,mixed,2021,cb02db7930176d05964d3afe98f460ffa364f366
10.3389/fpsyg.2024.1433725,1,mixed,2024,cb02db7930176d05964d3afe98f460ffa364f366
10.3389/fpsyg.2024.1495812,1,successful,2024,cb02db7930176d05964d3afe98f460ffa364f366
10.3389/fpsyt.2020.00777,1,failed,2020,cb02db7930176d05964d3afe98f460ffa364f366
10.3389/fpsyt.2022.836077,1,successful,2022,cb02db7930176d05964d3afe98f460ffa364f366
10.3389/fvets.2018.00312,1,mixed,2019,cb02db7930176d05964d3afe98f460ffa364f366
10.3389/fvets.2023.1305353,1,successful,2023,cb02db7930176d05964d3afe98f460ffa364f366
10.3390/ani12070807,1,successful,2022,cb02db7930176d05964d3afe98f460ffa364f366
10.3390/brainsci8080152,1,successful,2018,cb02db7930176d05964d3afe98f460ffa364f366
10.3390/g11040058,1,successful,2020,cb02db7930176d05964d3afe98f460ffa364f366
10.3390/genes12091349,1,mixed,2021,cb02db7930176d05964d3afe98f460ffa364f366
10.3390/healthcare13212808,1,successful,2025,cb02db7930176d05964d3afe98f460ffa364f366
10.3390/jcm10010052,1,mixed,2020,cb02db7930176d05964d3afe98f460ffa364f366
10.3390/jcm13030857,1,failed,2024,cb02db7930176d05964d3afe98f460ffa364f366
10.3390/jintelligence7010006,1,failed,2019,cb02db7930176d05964d3afe98f460ffa364f366
10.3390/rs14030597,1,failed,2022,cb02db7930176d05964d3afe98f460ffa364f366
10.3390/su12083069,1,successful,2020,cb02db7930176d05964d3afe98f460ffa364f366
10.3390/su9071286,1,successful,2017,cb02db7930176d05964d3afe98f460ffa364f366
10.34917/2824168,1,mixed,2011,cb02db7930176d05964d3afe98f460ffa364f366
10.36948/ijfmr.2025.v07i06.61995,1,failed,2025,cb02db7930176d05964d3afe98f460ffa364f366
10.37237/150205,1,descriptive only,2024,cb02db7930176d05964d3afe98f460ffa364f366
10.3758/s13414-015-0849-x,1,successful,2015,cb02db7930176d05964d3afe98f460ffa364f366
10.3758/s13414-019-01890-6,1,failed,2019,cb02db7930176d05964d3afe98f460ffa364f366
10.3758/s13414-024-02994-4,1,failed,2024,cb02db7930176d05964d3afe98f460ffa364f366
10.3758/s13421-018-0803-y,1,failed,2018,cb02db7930176d05964d3afe98f460ffa364f366
10.3758/s13421-018-0888-3,1,failed,2019,cb02db7930176d05964d3afe98f460ffa364f366
10.3758/s13421-019-00968-8,1,failed,2019,cb02db7930176d05964d3afe98f460ffa364f366
10.3758/s13421-020-01073-x,1,failed,2020,cb02db7930176d05964d3afe98f460ffa364f366
10.3758/s13423-013-0549-2,1,failed,2013,cb02db7930176d05964d3afe98f460ffa364f366
10.3758/s13423-014-0582-9,1,successful,2014,cb02db7930176d05964d3afe98f460ffa364f366
10.3758/s13423-014-0757-4,1,failed,2014,cb02db7930176d05964d3afe98f460ffa364f366
10.3758/s13423-019-01708-4,1,mixed,2020,cb02db7930176d05964d3afe98f460ffa364f366
10.3758/s13423-021-01927-8,1,failed,2021,cb02db7930176d05964d3afe98f460ffa364f366
10.3758/s13423-023-02259-5,1,successful,2023,cb02db7930176d05964d3afe98f460ffa364f366
10.3758/s13423-024-02602-4,1,failed,2024,cb02db7930176d05964d3afe98f460ffa364f366
10.3758/s13423-025-02771-w,1,successful,2026,cb02db7930176d05964d3afe98f460ffa364f366
10.3758/s13428-020-01457-6,1,mixed,2020,cb02db7930176d05964d3afe98f460ffa364f366
10.3758/s13428-022-01879-4,1,failed,2022,cb02db7930176d05964d3afe98f460ffa364f366
10.3758/s13428-022-01989-z,1,successful,2022,cb02db7930176d05964d3afe98f460ffa364f366
10.3758/s13428-023-02329-5,1,successful,2024,cb02db7930176d05964d3afe98f460ffa364f366
10.3765/exabs.v0i0.603,1,successful,2012,cb02db7930176d05964d3afe98f460ffa364f366
10.3899/jrheum.131548,1,failed,2014,cb02db7930176d05964d3afe98f460ffa364f366
10.4054/demres.2025.53.29,1,successful,2025,cb02db7930176d05964d3afe98f460ffa364f366
10.4102/ac.v19i1.690,1,successful,2019,cb02db7930176d05964d3afe98f460ffa364f366
10.4103/0366-6999.171421,1,failed,2015,cb02db7930176d05964d3afe98f460ffa364f366
10.4103/1463-1741.70502,1,successful,2010,cb02db7930176d05964d3afe98f460ffa364f366
10.4103/ijabmr.ijabmr_156_24,1,successful,2025,cb02db7930176d05964d3afe98f460ffa364f366
10.4324/9781315864952-3,1,successful,2018,cb02db7930176d05964d3afe98f460ffa364f366
10.4324/9781410603494-41,1,mixed,2020,cb02db7930176d05964d3afe98f460ffa364f366
10.46867/ijcp.2018.31.01.13,1,failed,2018,cb02db7930176d05964d3afe98f460ffa364f366
10.48550/arxiv.1605.00178,1,failed,2016,cb02db7930176d05964d3afe98f460ffa364f366
10.48550/arxiv.2302.08399,1,failed,2023,cb02db7930176d05964d3afe98f460ffa364f366
10.48550/arxiv.2303.08577,1,failed,2023,cb02db7930176d05964d3afe98f460ffa364f366
10.48550/arxiv.2603.15935,1,successful,2026,cb02db7930176d05964d3afe98f460ffa364f366
10.4992/jjpsy.94.22334,1,failed,2024,cb02db7930176d05964d3afe98f460ffa364f366
10.4995/muse.2019.10390,1,descriptive only,2019,cb02db7930176d05964d3afe98f460ffa364f366
10.5018/economics-ejournal.ja.2017-13,1,failed,2017,cb02db7930176d05964d3afe98f460ffa364f366
10.5018/economics-ejournal.ja.2019-51,1,mixed,2019,cb02db7930176d05964d3afe98f460ffa364f366
10.5018/economics-ejournal.ja.2020-14,1,successful,2020,cb02db7930176d05964d3afe98f460ffa364f366
10.5018/economics-ejournal.ja.2020-21,1,mixed,2020,cb02db7930176d05964d3afe98f460ffa364f366
10.5114/cipp.2021.110948,1,mixed,2021,cb02db7930176d05964d3afe98f460ffa364f366
10.5114/cipp/189860,1,failed,2024,cb02db7930176d05964d3afe98f460ffa364f366
10.5117/2017.045.002.002,1,successful,2017,cb02db7930176d05964d3afe98f460ffa364f366
10.51224/cik.v1i2.39,1,failed,2021,cb02db7930176d05964d3afe98f460ffa364f366
10.5172/conu.2013.43.2.237,1,failed,2013,cb02db7930176d05964d3afe98f460ffa364f366
10.5178/lebs.2024.118,1,mixed,2024,cb02db7930176d05964d3afe98f460ffa364f366
10.51910/ijhdr.v11i40.598,1,mixed,2021,cb02db7930176d05964d3afe98f460ffa364f366
10.5209/rev_sjop.2011.v14.n1.13,1,failed,2011,cb02db7930176d05964d3afe98f460ffa364f366
10.52294/001c.165402,1,failed,2026,cb02db7930176d05964d3afe98f460ffa364f366
10.5281/zenodo.17705407,1,failed,2024,cb02db7930176d05964d3afe98f460ffa364f366
10.5281/zenodo.17705573,1,successful,2024,cb02db7930176d05964d3afe98f460ffa364f366
10.5281/zenodo.17715177,1,successful,2024,cb02db7930176d05964d3afe98f460ffa364f366
10.5281/zenodo.17715275,1,successful,2023,cb02db7930176d05964d3afe98f460ffa364f366
10.5281/zenodo.17715400,1,successful,2023,cb02db7930176d05964d3afe98f460ffa364f366
10.5281/zenodo.17716051,1,successful,2023,cb02db7930176d05964d3afe98f460ffa364f366
10.5281/zenodo.17716155,1,successful,2023,cb02db7930176d05964d3afe98f460ffa364f366
10.5281/zenodo.17716240,1,failed,2022,cb02db7930176d05964d3afe98f460ffa364f366
10.5281/zenodo.17716306,1,successful,2022,cb02db7930176d05964d3afe98f460ffa364f366
10.5281/zenodo.18538611,1,failed,2020,cb02db7930176d05964d3afe98f460ffa364f366
10.5281/zenodo.6426882,1,failed,2022,cb02db7930176d05964d3afe98f460ffa364f366
10.52825/gjae.v74i.2635,1,mixed,2025,cb02db7930176d05964d3afe98f460ffa364f366
10.5334/irsp.522,1,successful,2024,cb02db7930176d05964d3afe98f460ffa364f366
10.5334/irsp.571,1,mixed,2021,cb02db7930176d05964d3afe98f460ffa364f366
10.5334/irsp.751,1,successful,2023,cb02db7930176d05964d3afe98f460ffa364f366
10.5334/irsp.932,1,successful,2024,cb02db7930176d05964d3afe98f460ffa364f366
10.5334/irsp.945,1,failed,2024,cb02db7930176d05964d3afe98f460ffa364f366
10.5334/jeps.450,1,failed,2018,cb02db7930176d05964d3afe98f460ffa364f366
10.5334/joc.324,1,mixed,2023,cb02db7930176d05964d3afe98f460ffa364f366
10.5334/joc.35,1,failed,2018,cb02db7930176d05964d3afe98f460ffa364f366
10.5334/joc.432,1,successful,2025,cb02db7930176d05964d3afe98f460ffa364f366
10.5334/joc.456,1,failed,2025,cb02db7930176d05964d3afe98f460ffa364f366
10.5334/joc.494,1,failed,2026,cb02db7930176d05964d3afe98f460ffa364f366
10.5334/joc.508,1,mixed,2026,cb02db7930176d05964d3afe98f460ffa364f366
10.5334/joc.91,1,successful,2020,cb02db7930176d05964d3afe98f460ffa364f366
10.5465/ambpp.2018.15544abstract,1,failed,2018,cb02db7930176d05964d3afe98f460ffa364f366
10.5465/amproc.2023.222bp,1,mixed,2023,cb02db7930176d05964d3afe98f460ffa364f366
10.5465/amproc.2026.13271abstract,1,successful,2026,cb02db7930176d05964d3afe98f460ffa364f366
10.5465/amproc.2026.17201abstract,1,mixed,2026,cb02db7930176d05964d3afe98f460ffa364f366
10.55370/urj.v2i1.1423,1,failed,2022,cb02db7930176d05964d3afe98f460ffa364f366
10.5539/ibr.v5n4p71,1,failed,2012,cb02db7930176d05964d3afe98f460ffa364f366
10.57229/2834-2267.1072,1,mixed,2025,cb02db7930176d05964d3afe98f460ffa364f366
10.5808/gi.2016.14.3.85,1,mixed,2016,cb02db7930176d05964d3afe98f460ffa364f366
10.5964/ejop.8375,1,successful,2023,cb02db7930176d05964d3afe98f460ffa364f366
10.5964/jnc.6063,1,successful,2021,cb02db7930176d05964d3afe98f460ffa364f366
10.5964/jnc.7029,1,failed,2021,cb02db7930176d05964d3afe98f460ffa364f366
10.5964/jnc.7047,1,mixed,2021,cb02db7930176d05964d3afe98f460ffa364f366
10.64152/10125/66687,1,mixed,2014,cb02db7930176d05964d3afe98f460ffa364f366
10.64898/2026.01.19.700331,2,failed,2026,cb02db7930176d05964d3afe98f460ffa364f366
10.64898/2026.09.02.748865,1,successful,2026,cb02db7930176d05964d3afe98f460ffa364f366
10.70252/nkky8370,1,failed,2025,cb02db7930176d05964d3afe98f460ffa364f366
10.71889/5fylantbak.29863007,1,failed,2025,cb02db7930176d05964d3afe98f460ffa364f366
10.71889/5fylantbak.29863853,1,failed,2025,cb02db7930176d05964d3afe98f460ffa364f366
10.7275/11867619,1,failed,2018,cb02db7930176d05964d3afe98f460ffa364f366
10.7287/peerj.preprints.804v1,1,failed,2015,cb02db7930176d05964d3afe98f460ffa364f366
10.7334/psicothema2019.405,1,mixed,2020,cb02db7930176d05964d3afe98f460ffa364f366
10.7441/joc.2019.02.01,1,mixed,2019,cb02db7930176d05964d3afe98f460ffa364f366
10.7554/elife.17044,1,mixed,2017,cb02db7930176d05964d3afe98f460ffa364f366
10.7554/elife.17584,1,failed,2017,cb02db7930176d05964d3afe98f460ffa364f366
10.7554/elife.18173,1,mixed,2017,cb02db7930176d05964d3afe98f460ffa364f366
10.7554/elife.21253,1,mixed,2017,cb02db7930176d05964d3afe98f460ffa364f366
10.7554/elife.21634,1,failed,2017,cb02db7930176d05964d3afe98f460ffa364f366
10.7554/elife.25306,1,mixed,2017,cb02db7930176d05964d3afe98f460ffa364f366
10.7554/elife.25801,2,failed | mixed,2018,cb02db7930176d05964d3afe98f460ffa364f366
10.7554/elife.26030,1,successful,2017,cb02db7930176d05964d3afe98f460ffa364f366
10.7554/elife.29747,1,mixed,2018,cb02db7930176d05964d3afe98f460ffa364f366
10.7554/elife.30274,1,mixed,2018,cb02db7930176d05964d3afe98f460ffa364f366
10.7554/elife.33468,1,mixed,2018,cb02db7930176d05964d3afe98f460ffa364f366
10.7554/elife.34364,1,mixed,2018,cb02db7930176d05964d3afe98f460ffa364f366
10.7554/elife.39944,1,failed,2018,cb02db7930176d05964d3afe98f460ffa364f366
10.7554/elife.43511,1,failed,2019,cb02db7930176d05964d3afe98f460ffa364f366
10.7554/elife.45120,1,mixed,2019,cb02db7930176d05964d3afe98f460ffa364f366
10.7554/elife.45426,1,mixed,2019,cb02db7930176d05964d3afe98f460ffa364f366
10.7554/elife.51019,1,mixed,2020,cb02db7930176d05964d3afe98f460ffa364f366
10.7554/elife.56651,1,failed,2020,cb02db7930176d05964d3afe98f460ffa364f366
10.7554/elife.57614,1,failed,2020,cb02db7930176d05964d3afe98f460ffa364f366
10.7554/elife.73430,5,mixed | successful,2021,cb02db7930176d05964d3afe98f460ffa364f366
10.7717/peerj-cs.245,1,successful,2019,cb02db7930176d05964d3afe98f460ffa364f366
10.7717/peerj.10131,1,successful,2020,cb02db7930176d05964d3afe98f460ffa364f366
10.7717/peerj.1173,1,mixed,2015,cb02db7930176d05964d3afe98f460ffa364f366
10.7717/peerj.3580,1,failed,2017,cb02db7930176d05964d3afe98f460ffa364f366
10.7717/peerj.4661,1,failed,2018,cb02db7930176d05964d3afe98f460ffa364f366
10.7717/peerj.5347,1,successful,2018,cb02db7930176d05964d3afe98f460ffa364f366
10.7717/peerj.5790,1,failed,2018,cb02db7930176d05964d3afe98f460ffa364f366
10.7916/d8f76r2r,1,mixed,2005,cb02db7930176d05964d3afe98f460ffa364f366
https://aisel.aisnet.org/trr/vol7/iss1/3,1,mixed,2021,cb02db7930176d05964d3afe98f460ffa364f366
